Name,FeatureId,Kind,Part,Vertex,X,Y,Z
"osm_way_27482306_0_0","osm:way/27482306","building",0,0,19035.10279830612,1024.055188049297,-0.28442143994507063
"osm_way_27482306_0_1","osm:way/27482306","building",0,1,17724.635817823004,1135.1885099358665,-0.24690577667243474
"osm_way_27482306_0_2","osm:way/27482306","building",0,2,19031.47433441414,16405.54918782907,-0.49489859249973733
"osm_way_27482306_0_3","osm:way/27482306","building",0,3,20341.970580979094,16294.413369815478,-0.5324300135697513
"osm_way_27482306_0_4","osm:way/27482306","building",0,4,19035.10279830612,1024.055188049297,-0.28442143994507063
"osm_way_27482307_0_0","osm:way/27482307","building",0,0,10622.879439007767,18838.77488174471,-0.36709429831347506
"osm_way_27482307_0_1","osm:way/27482307","building",0,1,10733.32823736768,20240.827457593867,-0.41197893812352504
"osm_way_27482307_0_2","osm:way/27482307","building",0,2,20471.167938266353,19481.80562805327,-0.6261291636604938
"osm_way_27482307_0_3","osm:way/27482307","building",0,3,20361.51114423215,18080.86557359399,-0.581289562417453
"osm_way_27482307_0_4","osm:way/27482307","building",0,4,10622.879439007767,18838.77488174471,-0.36709429831347506
"osm_way_27482308_0_0","osm:way/27482308","building",0,0,10468.600499000055,18421.049521503744,-0.3523217144831392
"osm_way_27482308_0_1","osm:way/27482308","building",0,1,12077.90254435167,18268.81879827276,-0.37633382655570813
"osm_way_27482308_0_2","osm:way/27482308","building",0,2,11478.56987706993,11981.803908891774,-0.2158940085315919
"osm_way_27482308_0_3","osm:way/27482308","building",0,3,9869.28260187578,12134.03322629646,-0.19188822536051475
"osm_way_27482308_0_4","osm:way/27482308","building",0,4,10468.600499000055,18421.049521503744,-0.3523217144831392
"osm_way_27482311_0_0","osm:way/27482311","building",0,0,9710.934461901903,10917.514378691467,-0.16743433383723527
"osm_way_27482311_0_1","osm:way/27482311","building",0,1,11099.368890683476,10804.17331817171,-0.1881153964959026
"osm_way_27482311_0_2","osm:way/27482311","building",0,2,11794.397862592588,10746.39073071035,-0.1995914442822766
"osm_way_27482311_0_3","osm:way/27482311","building",0,3,11688.822215777509,9466.545639143817,-0.17733069324066264
"osm_way_27482311_0_4","osm:way/27482311","building",0,4,11041.699486017495,9519.88342924437,-0.16661310647094751
"osm_way_27482311_0_5","osm:way/27482311","building",0,5,10776.953176476078,6319.159300688992,-0.12227043437711416
"osm_way_27482311_0_6","osm:way/27482311","building",0,6,11795.131437766839,6235.819000133867,-0.13943669907021672
"osm_way_27482311_0_7","osm:way/27482311","building",0,7,11687.932392318733,4943.753083862134,-0.12612009197106033
"osm_way_27482311_0_8","osm:way/27482311","building",0,8,10741.207039559347,5021.5372069084515,-0.11010894225762513
"osm_way_27482311_0_9","osm:way/27482311","building",0,9,9233.42872850194,5144.877983895535,-0.08752134566663017
"osm_way_27482311_0_10","osm:way/27482311","building",0,10,9710.934461901903,10917.514378691467,-0.16743433383723527
"osm_way_27482313_0_0","osm:way/27482313","building",0,0,10499.187278746625,1113.1191550049418,-0.08725205651121115
"osm_way_27482313_0_1","osm:way/27482313","building",0,1,10673.786287671672,3151.7617359288392,-0.09697475039960324
"osm_way_27482313_0_2","osm:way/27482313","building",0,2,15478.848258794036,2742.8291386698243,-0.19343883919926697
"osm_way_27482313_0_3","osm:way/27482313","building",0,3,15538.947832750282,3438.3002129359356,-0.19827456820884493
"osm_way_27482313_0_4","osm:way/27482313","building",0,4,16230.721090368696,3379.402172304316,-0.21516080096404266
"osm_way_27482313_0_5","osm:way/27482313","building",0,5,15996.817354539458,645.2899574105676,-0.20061717636670195
"osm_way_27482313_0_6","osm:way/27482313","building",0,6,10499.187278746625,1113.1191550049418,-0.08725205651121115
"osm_way_27482316_0_0","osm:way/27482316","building",0,0,10485.388840915382,1406.4176612887206,-0.08760577365887201
"osm_way_27482316_0_1","osm:way/27482316","building",0,1,9122.143993921012,1544.1986692316298,-0.06700386191349494
"osm_way_27482316_0_2","osm:way/27482316","building",0,2,9439.65611229011,4682.708167034033,-0.0869677642590716
"osm_way_27482316_0_3","osm:way/27482316","building",0,3,10802.907215597203,4546.037506502722,-0.10757598237880472
"osm_way_27482316_0_4","osm:way/27482316","building",0,4,10485.388840915382,1406.4176612887206,-0.08760577365887201
"osm_way_27482320_0_0","osm:way/27482320","building",0,0,24005.825548136636,1898.2375832290813,-0.4538814190603091
"osm_way_27482320_0_1","osm:way/27482320","building",0,1,23482.969961978448,2879.2497673707026,-0.4381286799075568
"osm_way_27482320_0_2","osm:way/27482320","building",0,2,24120.356851353205,3241.40636056734,-0.46361805355594754
"osm_way_27482320_0_3","osm:way/27482320","building",0,3,24584.172162986266,8667.407742074241,-0.53205539133927
"osm_way_27482320_0_4","osm:way/27482320","building",0,4,26211.31129382174,8528.474580657825,-0.5948694819579714
"osm_way_27482320_0_5","osm:way/27482320","building",0,5,26113.02141570626,7380.837820389302,-0.5765026302775311
"osm_way_27482320_0_6","osm:way/27482320","building",0,6,26086.21508877678,7066.43199834722,-0.5718394060906462
"osm_way_27482320_0_7","osm:way/27482320","building",0,7,25894.510418704645,4830.040018484862,-0.5431417480988188
"osm_way_27482320_0_8","osm:way/27482320","building",0,8,25733.674376122395,2952.492745255202,-0.525164985428539
"osm_way_27482320_0_9","osm:way/27482320","building",0,9,25588.272853393162,1254.9232949534062,-0.5137138091182436
"osm_way_27482320_0_10","osm:way/27482320","building",0,10,25476.988524727836,-40.473327342209956,-0.5080303026420346
"osm_way_27482320_0_11","osm:way/27482320","building",0,11,23852.305559029326,97.3470286259053,-0.4453077647522896
"osm_way_27482320_0_12","osm:way/27482320","building",0,12,24005.825548136636,1898.2375832290813,-0.4538814190603091
"osm_way_27482321_0_0","osm:way/27482321","building",0,0,25320.095727791195,16666.42360670208,-0.7199771606707372
"osm_way_27482321_0_1","osm:way/27482321","building",0,1,25998.890334395524,16608.627086249704,-0.7457315332231929
"osm_way_27482321_0_2","osm:way/27482321","building",0,2,26067.12491240021,17392.975012789542,-0.769460627685703
"osm_way_27482321_0_3","osm:way/27482321","building",0,3,26745.92009425171,17332.95578972768,-0.7958825977127049
"osm_way_27482321_0_4","osm:way/27482321","building",0,4,26616.75915459204,15815.364762414598,-0.7509731420597632
"osm_way_27482321_0_5","osm:way/27482321","building",0,5,26465.666345810332,14050.026400808954,-0.7032827481523896
"osm_way_27482321_0_6","osm:way/27482321","building",0,6,26381.997050138103,13073.4798487798,-0.6790161061459798
"osm_way_27482321_0_7","osm:way/27482321","building",0,7,25023.602861935906,13187.962035294282,-0.6267228236879419
"osm_way_27482321_0_8","osm:way/27482321","building",0,8,25320.095727791195,16666.42360670208,-0.7199771606707372
"osm_way_27482322_0_0","osm:way/27482322","building",0,0,25395.637281729683,17454.10426167011,-0.7440865352137394
"osm_way_27482322_0_1","osm:way/27482322","building",0,1,25512.60791673719,18746.167391075207,-0.7854872859468287
"osm_way_27482322_0_2","osm:way/27482322","building",0,2,31768.73647620277,18182.63754646031,-1.0496268952081778
"osm_way_27482322_0_3","osm:way/27482322","building",0,3,31728.115434601976,17689.36517408186,-1.0337090215600142
"osm_way_27482322_0_4","osm:way/27482322","building",0,4,32690.282950447447,17604.88518510761,-1.079879330853828
"osm_way_27482322_0_5","osm:way/27482322","building",0,5,32734.964377055956,18095.935348662875,-1.0959377997650677
"osm_way_27482322_0_6","osm:way/27482322","building",0,6,35969.79610709725,17804.69538695989,-1.2616774668330777
"osm_way_27482322_0_7","osm:way/27482322","building",0,7,35852.80578910578,16513.745018470272,-1.2203007018584344
"osm_way_27482322_0_8","osm:way/27482322","building",0,8,35057.090881260294,16584.88917827533,-1.1779877094639346
"osm_way_27482322_0_9","osm:way/27482322","building",0,9,34867.90562240906,16602.67457213922,-1.1680972099185283
"osm_way_27482322_0_10","osm:way/27482322","building",0,10,33318.69687813862,16741.624644387353,-1.0890564094566457
"osm_way_27482322_0_11","osm:way/27482322","building",0,11,32609.048621924,16804.98485779081,-1.05410714395191
"osm_way_27482322_0_12","osm:way/27482322","building",0,12,31659.06165435866,16890.575142859325,-1.0085860878632502
"osm_way_27482322_0_13","osm:way/27482322","building",0,13,30596.21269585606,16986.167997731587,-0.9593405071754546
"osm_way_27482322_0_14","osm:way/27482322","building",0,14,28766.06565549857,17150.67278001287,-0.8787183325409842
"osm_way_27482322_0_15","osm:way/27482322","building",0,15,27064.206758913195,17304.05774380724,-0.8085014210863051
"osm_way_27482322_0_16","osm:way/27482322","building",0,16,26745.92009425171,17332.95578972768,-0.7958825977127049
"osm_way_27482322_0_17","osm:way/27482322","building",0,17,26067.12491240021,17392.975012789542,-0.769460627685703
"osm_way_27482322_0_18","osm:way/27482322","building",0,18,25395.637281729683,17454.10426167011,-0.7440865352137394
"osm_way_27482324_0_0","osm:way/27482324","building",0,0,26104.664356881556,1202.6876484573745,-0.5345061658476702
"osm_way_27482324_0_1","osm:way/27482324","building",0,1,26252.501351529845,2858.039718034455,-0.54584441028247
"osm_way_27482324_0_2","osm:way/27482324","building",0,2,30010.151420388964,2524.5904842740238,-0.7099083636248338
"osm_way_27482324_0_3","osm:way/27482324","building",0,3,31164.72683269115,2422.3284488717036,-0.7647934797333278
"osm_way_27482324_0_4","osm:way/27482324","building",0,4,31016.877953643052,766.977437861227,-0.7534508532727191
"osm_way_27482324_0_5","osm:way/27482324","building",0,5,28321.25077190841,1005.9556121532758,-0.6285889073542883
"osm_way_27482324_0_6","osm:way/27482324","building",0,6,26104.664356881556,1202.6876484573745,-0.5345061658476702
"osm_way_27482325_0_0","osm:way/27482325","building",0,0,31134.86963656652,6447.404300843607,-0.7913806372961574
"osm_way_27482325_0_1","osm:way/27482325","building",0,1,34200.7662220583,6241.72576946217,-0.9461139243409633
"osm_way_27482325_0_2","osm:way/27482325","building",0,2,33993.56719009469,3187.656766790361,-0.9124340100795436
"osm_way_27482325_0_3","osm:way/27482325","building",0,3,30927.684386638004,3394.4453507103844,-0.757715142164983
"osm_way_27482325_0_4","osm:way/27482325","building",0,4,31134.86963656652,6447.404300843607,-0.7913806372961574
"osm_way_27482326_0_0","osm:way/27482326","building",0,0,26686.18650719538,5616.5820027792115,-0.5821770313914953
"osm_way_27482326_0_1","osm:way/27482326","building",0,1,26799.10103209868,6989.746726618941,-0.6005013668776371
"osm_way_27482326_0_2","osm:way/27482326","building",0,2,26086.21508877678,7066.43199834722,-0.5718394060906462
"osm_way_27482326_0_3","osm:way/27482326","building",0,3,26113.02141570626,7380.837820389302,-0.5765026302775311
"osm_way_27482326_0_4","osm:way/27482326","building",0,4,26825.90794980215,7310.818390637667,-0.60523299690729
"osm_way_27482326_0_5","osm:way/27482326","building",0,5,26883.566287135294,7566.34111288854,-0.6106429801164381
"osm_way_27482326_0_6","osm:way/27482326","building",0,6,26985.066555939244,7739.649695807412,-0.6170060168557256
"osm_way_27482326_0_7","osm:way/27482326","building",0,7,27209.169070727672,7866.292272497773,-0.6280643885183679
"osm_way_27482326_0_8","osm:way/27482326","building",0,8,27477.92545629083,7910.720577172742,-0.6401185508686069
"osm_way_27482326_0_9","osm:way/27482326","building",0,9,28085.260536110258,7871.811481626483,-0.6660486540347677
"osm_way_27482326_0_10","osm:way/27482326","building",0,10,28192.435839289134,7829.589864652879,-0.6702487668128754
"osm_way_27482326_0_11","osm:way/27482326","building",0,11,28308.542317770538,7781.812967014286,-0.6747973749320124
"osm_way_27482326_0_12","osm:way/27482326","building",0,12,28466.053243592392,7618.492574199995,-0.6798211560465006
"osm_way_27482326_0_13","osm:way/27482326","building",0,13,28549.676505209864,7445.176451755674,-0.6815021525710563
"osm_way_27482326_0_14","osm:way/27482326","building",0,14,28567.52895722011,7198.538523179346,-0.6794633002236594
"osm_way_27482326_0_15","osm:way/27482326","building",0,15,29023.8411848212,7157.412969638426,-0.6995684997676221
"osm_way_27482326_0_16","osm:way/27482326","building",0,16,28943.38415350292,5414.291459817297,-0.6787048278706465
"osm_way_27482326_0_17","osm:way/27482326","building",0,17,26686.18650719538,5616.5820027792115,-0.5821770313914953
"osm_way_27482327_0_0","osm:way/27482327","building",0,0,25593.481321626932,-11345.794978538263,-0.6137994709497718
"osm_way_27482327_0_1","osm:way/27482327","building",0,1,25740.490280534967,-10010.404268942,-0.5973048595812713
"osm_way_27482327_0_2","osm:way/27482327","building",0,2,32698.659511690825,-10771.724126243937,-0.9279994583813789
"osm_way_27482327_0_3","osm:way/27482327","building",0,3,32551.637028386176,-12107.113344710611,-0.9444893699736667
"osm_way_27482327_0_4","osm:way/27482327","building",0,4,31597.631776761948,-12002.636275432296,-0.8946108909498207
"osm_way_27482327_0_5","osm:way/27482327","building",0,5,29962.425490650458,-11823.694569269077,-0.8124732473667962
"osm_way_27482327_0_6","osm:way/27482327","building",0,6,28111.247510301615,-11621.41727379011,-0.724604701496645
"osm_way_27482327_0_7","osm:way/27482327","building",0,7,26430.571842380425,-11436.92730236107,-0.6495158394557166
"osm_way_27482327_0_8","osm:way/27482327","building",0,8,25593.481321626932,-11345.794978538263,-0.6137994709497718
"osm_way_27482328_0_0","osm:way/27482328","building",0,0,25270.47053117094,-7716.215880256817,-0.5465942268997992
"osm_way_27482328_0_1","osm:way/27482328","building",0,1,25582.3750260763,-4429.953125439773,-0.5276554875308648
"osm_way_27482328_0_2","osm:way/27482328","building",0,2,33427.232230094654,-5169.0948081373845,-0.8955551544701734
"osm_way_27482328_0_3","osm:way/27482328","building",0,3,33115.29009490134,-8455.35399624418,-0.914477564252536
"osm_way_27482328_0_4","osm:way/27482328","building",0,4,32172.64605227386,-8366.430379187796,-0.8651328758809029
"osm_way_27482328_0_5","osm:way/27482328","building",0,5,32111.721338443145,-9003.018208117168,-0.8707528716406898
"osm_way_27482328_0_6","osm:way/27482328","building",0,6,31516.58127019889,-8947.441386449591,-0.8403304134155576
"osm_way_27482328_0_7","osm:way/27482328","building",0,7,31577.505482483622,-8309.742526067252,-0.8346947470748489
"osm_way_27482328_0_8","osm:way/27482328","building",0,8,29886.266364457726,-8150.796023939817,-0.751278658660226
"osm_way_27482328_0_9","osm:way/27482328","building",0,9,26112.437613456503,-7795.127223986762,-0.58141716973239
"osm_way_27482328_0_10","osm:way/27482328","building",0,10,25270.47053117094,-7716.215880256817,-0.5465942268997992
"osm_way_27482761_0_0","osm:way/27482761","building",0,0,16430.215301300548,-6681.623323911541,-0.24635747029790878
"osm_way_27482761_0_1","osm:way/27482761","building",0,1,18556.654419369235,-6883.876216370163,-0.3067430485451439
"osm_way_27482761_0_2","osm:way/27482761","building",0,2,18192.808115457974,-10681.191081832105,-0.3486699518873593
"osm_way_27482761_0_3","osm:way/27482761","building",0,3,16067.192710258845,-10478.939336172694,-0.2883096719322964
"osm_way_27482761_0_4","osm:way/27482761","building",0,4,16430.215301300548,-6681.623323911541,-0.24635747029790878
"osm_way_27482801_0_0","osm:way/27482801","building",0,0,9416.006294499353,-2775.2894227885636,-0.07544461701662897
"osm_way_27482801_0_1","osm:way/27482801","building",0,1,9955.942242706678,-2816.403330089347,-0.08381184993080382
"osm_way_27482801_0_2","osm:way/27482801","building",0,2,9927.517040834933,-3328.5639832458955,-0.08584155042576924
"osm_way_27482801_0_3","osm:way/27482801","building",0,3,12646.679293090765,-3581.912287674804,-0.13526086244119995
"osm_way_27482801_0_4","osm:way/27482801","building",0,4,12666.98155388192,-3371.93773619248,-0.1345162136932032
"osm_way_27482801_0_5","osm:way/27482801","building",0,5,13215.84790902893,-3423.053209812452,-0.14590818325395105
"osm_way_27482801_0_6","osm:way/27482801","building",0,6,13747.66359347378,-3473.057803276261,-0.15740271402009398
"osm_way_27482801_0_7","osm:way/27482801","building",0,7,14087.051288369097,-3504.172158785622,-0.1649669541336607
"osm_way_27482801_0_8","osm:way/27482801","building",0,8,14898.983421791752,-3579.7360299787806,-0.18380787981904234
"osm_way_27482801_0_9","osm:way/27482801","building",0,9,14877.868275476621,-3801.9312606521466,-0.18460425338346909
"osm_way_27482801_0_10","osm:way/27482801","building",0,10,17609.205751792633,-4056.41069180147,-0.2556258521007493
"osm_way_27482801_0_11","osm:way/27482801","building",0,11,17644.12855065214,-3684.2338102224867,-0.2543267946908401
"osm_way_27482801_0_12","osm:way/27482801","building",0,12,18779.208770038913,-3789.8072184214157,-0.28730587290226595
"osm_way_27482801_0_13","osm:way/27482801","building",0,13,18567.232206766,-6053.975552344756,-0.2986165596194468
"osm_way_27482801_0_14","osm:way/27482801","building",0,14,17440.275020645935,-5949.513682091899,-0.2658706381634346
"osm_way_27482801_0_15","osm:way/27482801","building",0,15,17512.55655914817,-5186.273311706587,-0.2611719982557048
"osm_way_27482801_0_16","osm:way/27482801","building",0,16,14705.714053461168,-4925.126754004003,-0.18831759344735133
"osm_way_27482801_0_17","osm:way/27482801","building",0,17,14648.05366507527,-5537.274658930571,-0.19202361219754494
"osm_way_27482801_0_18","osm:way/27482801","building",0,18,14302.17158468527,-5505.048906509433,-0.18390656582880638
"osm_way_27482801_0_19","osm:way/27482801","building",0,19,12901.592393168701,-5375.036356981203,-0.15297411218142543
"osm_way_27482801_0_20","osm:way/27482801","building",0,20,12455.030813201474,-5332.81083330637,-0.1437561895862416
"osm_way_27482801_0_21","osm:way/27482801","building",0,21,12519.185949868379,-4652.893176108523,-0.1396770712588591
"osm_way_27482801_0_22","osm:way/27482801","building",0,22,10566.491321697158,-4470.659499383813,-0.10308787070414382
"osm_way_27482801_0_23","osm:way/27482801","building",0,23,9764.302948544459,-4396.211927714325,-0.08980428714124855
"osm_way_27482801_0_24","osm:way/27482801","building",0,24,9700.962478852538,-5076.12985416523,-0.09389826803989365
"osm_way_27482801_0_25","osm:way/27482801","building",0,25,8658.443151763577,-4978.349648177088,-0.07814508304910817
"osm_way_27482801_0_26","osm:way/27482801","building",0,26,8869.574933584458,-2724.1770540407424,-0.06740321894138646
"osm_way_27482801_0_27","osm:way/27482801","building",0,27,9416.006294499353,-2775.2894227885636,-0.07544461701662897
"osm_way_27482802_0_0","osm:way/27482802","road",0,0,5737.053533074057,-11861.941780669065,-0.13628454558656244
"osm_way_27482802_0_1","osm:way/27482802","road",0,1,6047.208184997359,-11888.607959639172,-0.1396427414476875
"osm_way_27482802_0_2","osm:way/27482802","road",0,2,6938.699692899044,-11965.274011521718,-0.15014044537196014
"osm_way_27482802_0_3","osm:way/27482802","road",0,3,9983.409602739624,-12227.502917041737,-0.19545017565150147
"osm_way_27482802_0_4","osm:way/27482802","road",0,4,10831.056417663103,-12300.840502063424,-0.21067259189422316
"osm_way_27482803_0_0","osm:way/27482803","building",0,0,25752.105415240923,-3468.9631628989373,-0.528512653542279
"osm_way_27482803_0_1","osm:way/27482803","building",0,1,25860.950980812806,-2250.223935245731,-0.5274346754928771
"osm_way_27482803_0_2","osm:way/27482803","building",0,2,25862.575698029086,-2228.0044281944656,-0.5274223099505093
"osm_way_27482803_0_3","osm:way/27482803","building",0,3,25977.107514031388,-949.2726250192961,-0.5288780808047733
"osm_way_27482803_0_4","osm:way/27482803","building",0,4,34912.431827142995,-1740.6900232989806,-0.956389094860377
"osm_way_27482803_0_5","osm:way/27482803","building",0,5,46799.10093024806,-2792.3910712389147,-1.7203479532156507
"osm_way_27482803_0_6","osm:way/27482803","building",0,6,46684.52951218813,-4081.118204258943,-1.7189226695887072
"osm_way_27482803_0_7","osm:way/27482803","building",0,7,46676.40391687698,-4172.217880692725,-1.7189195610328056
"osm_way_27482803_0_8","osm:way/27482803","building",0,8,46574.83408202293,-5312.074835283806,-1.7199979332346516
"osm_way_27482803_0_9","osm:way/27482803","building",0,9,34860.33778548411,-4274.82921047562,-0.9655183095897968
"osm_way_27482803_0_10","osm:way/27482803","building",0,10,25752.105415240923,-3468.9631628989373,-0.528512653542279
"osm_way_27482807_0_0","osm:way/27482807","building",0,0,48123.49440514548,10467.042815075582,-1.8986772502046279
"osm_way_27482807_0_1","osm:way/27482807","building",0,1,46826.00532158079,10580.453337434785,-1.8041273965025084
"osm_way_27482807_0_2","osm:way/27482807","building",0,2,46904.82632929559,11474.785357529885,-1.8254034537399377
"osm_way_27482807_0_3","osm:way/27482807","building",0,3,47013.71318795901,12706.852642946618,-1.856810204920123
"osm_way_27482807_0_4","osm:way/27482807","building",0,4,47124.22573887864,13958.917380945893,-1.891178431006324
"osm_way_27482807_0_5","osm:way/27482807","building",0,5,47261.554521506434,15516.499197460082,-1.9373858392413013
"osm_way_27482807_0_6","osm:way/27482807","building",0,6,47897.31249490925,15459.794751340416,-1.983357591642232
"osm_way_27482807_0_7","osm:way/27482807","building",0,7,48544.43759293635,15400.866940521615,-2.0307769787578422
"osm_way_27482807_0_8","osm:way/27482807","building",0,8,48623.259592587885,16269.646196130043,-2.058384176099537
"osm_way_27482807_0_9","osm:way/27482807","building",0,9,49544.0137362373,16192.922128234153,-2.1271738703703136
"osm_way_27482807_0_10","osm:way/27482807","building",0,10,49360.36475399382,14176.510181818747,-2.064855900957241
"osm_way_27482807_0_11","osm:way/27482807","building",0,11,48457.47665245631,14257.676640680225,-1.9975422808386156
"osm_way_27482807_0_12","osm:way/27482807","building",0,12,48123.49440514548,10467.042815075582,-1.8986772502046279
"osm_way_27482808_0_0","osm:way/27482808","building",0,0,38088.11589412936,16343.643624816525,-1.3452750946782999
"osm_way_27482808_0_1","osm:way/27482808","building",0,1,38205.11037116357,17633.482633482337,-1.3866855536107892
"osm_way_27482808_0_2","osm:way/27482808","building",0,2,41439.125659302845,17343.32762991251,-1.5803129124236648
"osm_way_27482808_0_3","osm:way/27482808","building",0,3,41396.06190217516,16852.27793456162,-1.5643312192580083
"osm_way_27482808_0_4","osm:way/27482808","building",0,4,42357.4147926343,16763.340379231493,-1.625002809578291
"osm_way_27482808_0_5","osm:way/27482808","building",0,5,42406.16301938018,17255.500637402154,-1.6413882504934918
"osm_way_27482808_0_6","osm:way/27482808","building",0,6,48662.26397239602,16694.037042117343,-2.0723428751026063
"osm_way_27482808_0_7","osm:way/27482808","building",0,7,48623.259592587885,16269.646196130043,-2.058384176099537
"osm_way_27482808_0_8","osm:way/27482808","building",0,8,48544.43759293635,15400.866940521615,-2.0307769787578422
"osm_way_27482808_0_9","osm:way/27482808","building",0,9,47897.31249490925,15459.794751340416,-1.983357591642232
"osm_way_27482808_0_10","osm:way/27482808","building",0,10,47261.554521506434,15516.499197460082,-1.9373858392413013
"osm_way_27482808_0_11","osm:way/27482808","building",0,11,47092.66864007791,15532.064628774298,-1.9252932341018436
"osm_way_27482808_0_12","osm:way/27482808","building",0,12,45425.731859917105,15682.160272939494,-1.8082642867270238
"osm_way_27482808_0_13","osm:way/27482808","building",0,13,43641.06130374753,15843.369183914343,-1.6878431858060594
"osm_way_27482808_0_14","osm:way/27482808","building",0,14,42285.100770496145,15964.551619923623,-1.5996773300742007
"osm_way_27482808_0_15","osm:way/27482808","building",0,15,41322.93690926786,16051.267167236194,-1.53889450332656
"osm_way_27482808_0_16","osm:way/27482808","building",0,16,40502.05264063238,16125.752176283766,-1.4882042817134788
"osm_way_27482808_0_17","osm:way/27482808","building",0,17,38909.00069124801,16269.161535139161,-1.3928379486756626
"osm_way_27482808_0_18","osm:way/27482808","building",0,18,38088.11589412936,16343.643624816525,-1.3452750946782999
"osm_way_27482810_0_0","osm:way/27482810","building",0,0,38934.51682729415,8135.688728258899,-1.238475357412483
"osm_way_27482810_0_1","osm:way/27482810","building",0,1,39097.010924968614,9951.017845139939,-1.2741900088165892
"osm_way_27482810_0_2","osm:way/27482810","building",0,2,40510.608181530355,9825.394415125742,-1.3603175662666445
"osm_way_27482810_0_3","osm:way/27482810","building",0,3,40352.1726470011,8053.393543862899,-1.3254046979135126
"osm_way_27482810_0_4","osm:way/27482810","building",0,4,41994.73366729062,7907.755760855566,-1.4294459232246481
"osm_way_27482810_0_5","osm:way/27482810","building",0,5,42154.79825165287,9694.198868989579,-1.4646880949484853
"osm_way_27482810_0_6","osm:way/27482810","building",0,6,43506.686678316066,9575.238897883397,-1.553527306161584
"osm_way_27482810_0_7","osm:way/27482810","building",0,7,43344.99339265023,7768.798600150686,-1.5179252876173166
"osm_way_27482810_0_8","osm:way/27482810","building",0,8,44687.13441048644,7649.83689660034,-1.608961143841725
"osm_way_27482810_0_9","osm:way/27482810","building",0,9,44557.939867765206,6203.351661943882,-1.5841965875416975
"osm_way_27482810_0_10","osm:way/27482810","building",0,10,43810.95432904518,6268.948003759687,-1.5331733305117723
"osm_way_27482810_0_11","osm:way/27482810","building",0,11,43867.831364497535,6901.09097805229,-1.5436160694484613
"osm_way_27482810_0_12","osm:way/27482810","building",0,12,42323.51814346642,7037.839351132369,-1.4409316891565993
"osm_way_27482810_0_13","osm:way/27482810","building",0,13,42273.954888675595,6483.464273886017,-1.4317619087464095
"osm_way_27482810_0_14","osm:way/27482810","building",0,14,39824.327375870096,6701.364153660835,-1.276610842508319
"osm_way_27482810_0_15","osm:way/27482810","building",0,15,39870.63864076056,7217.966337235831,-1.2851477750480456
"osm_way_27482810_0_16","osm:way/27482810","building",0,16,38234.574345600326,7362.487637951736,-1.1867862114144145
"osm_way_27482810_0_17","osm:way/27482810","building",0,17,38181.765059705926,6780.337990522897,-1.1771605790094952
"osm_way_27482810_0_18","osm:way/27482810","building",0,18,37456.70075520208,6844.815127438963,-1.1349253887814825
"osm_way_27482810_0_19","osm:way/27482810","building",0,19,37582.630527857575,8255.750574548003,-1.1590573877924726
"osm_way_27482810_0_20","osm:way/27482810","building",0,20,38934.51682729415,8135.688728258899,-1.238475357412483
"osm_way_27482813_0_0","osm:way/27482813","building",0,0,54965.27242944887,3935.40704619396,-2.3768274643156673
"osm_way_27482813_0_1","osm:way/27482813","building",0,1,51997.640603004926,4179.731025342616,-2.129936811290989
"osm_way_27482813_0_2","osm:way/27482813","building",0,2,52144.73840364434,5951.730159983999,-2.1560288730295696
"osm_way_27482813_0_3","osm:way/27482813","building",0,3,54965.41682322044,5718.644737051128,-2.390362461347806
"osm_way_27482813_0_4","osm:way/27482813","building",0,4,54965.27242944887,3935.40704619396,-2.3768274643156673
"osm_way_27482831_0_0","osm:way/27482831","building",0,0,51361.00449228957,-7513.2685547115325,-2.1090516935075243
"osm_way_27482831_0_1","osm:way/27482831","building",0,1,52668.20077577516,-7634.465383279442,-2.2169296312270603
"osm_way_27482831_0_2","osm:way/27482831","building",0,2,52573.126108940676,-8654.336322542264,-2.2221470658777775
"osm_way_27482831_0_3","osm:way/27482831","building",0,3,52475.61405872749,-9698.64863192245,-2.229184520763283
"osm_way_27482831_0_4","osm:way/27482831","building",0,4,51167.60987326978,-9576.341130345398,-2.1212261971967905
"osm_way_27482831_0_5","osm:way/27482831","building",0,5,51361.00449228957,-7513.2685547115325,-2.1090516935075243
"osm_way_27482836_0_0","osm:way/27482836","building",0,0,54259.677408362986,-6432.511961971215,-2.3368423027484653
"osm_way_27482836_0_1","osm:way/27482836","building",0,1,54964.428253171034,-6489.9146039802345,-2.3976735222994705
"osm_way_27482836_0_2","osm:way/27482836","building",0,2,54964.26281943433,-8532.949916690915,-2.421767736589686
"osm_way_27482836_0_3","osm:way/27482836","building",0,3,53562.07307177318,-8412.220312318928,-2.3010546181197356
"osm_way_27482836_0_4","osm:way/27482836","building",0,4,53710.77605268301,-6893.5243950847,-2.2952814984286363
"osm_way_27482836_0_5","osm:way/27482836","building",0,5,54259.677408362986,-6432.511961971215,-2.3368423027484653
"osm_way_27482851_0_0","osm:way/27482851","building",0,0,2374.0638894397835,-12229.655609647727,-0.12189317870507921
"osm_way_27482851_0_1","osm:way/27482851","building",0,1,2520.2155134171844,-10769.830248003567,-0.0960798010979147
"osm_way_27482851_0_2","osm:way/27482851","building",0,2,3788.4418204784024,-10895.376722580953,-0.10447856723487803
"osm_way_27482851_0_3","osm:way/27482851","building",0,3,3647.6178033276674,-12300.763890223292,-0.12926567212474538
"osm_way_27482851_0_4","osm:way/27482851","building",0,4,2366.959767121208,-12300.758216429796,-0.12323676000036698
"osm_way_27482851_0_5","osm:way/27482851","building",0,5,2374.0638894397835,-12229.655609647727,-0.12189317870507921
"osm_way_37731134_0_0","osm:way/37731134","building",0,0,-21364.617605206906,37692.92787064359,-1.4732518299013009
"osm_way_37731134_0_1","osm:way/37731134","building",0,1,-21430.650554228156,37105.2185611417,-1.4409337995601845
"osm_way_37731134_0_2","osm:way/37731134","building",0,2,-22952.31125146786,37275.14841334255,-1.503721757219978
"osm_way_37731134_0_3","osm:way/37731134","building",0,3,-22905.33996238189,37692.8776322314,-1.5266346279503296
"osm_way_37731134_0_4","osm:way/37731134","building",0,4,-21364.617605206906,37692.92787064359,-1.4732518299013009
"osm_way_50304648_0_0","osm:way/50304648","building",0,0,-15184.780222887734,32545.934148428863,-1.0124947845781662
"osm_way_50304648_0_1","osm:way/50304648","building",0,1,-14746.766392029753,37693.103891446306,-1.286214012506548
"osm_way_50304648_0_2","osm:way/50304648","building",0,2,-9674.465187743983,37693.195129336855,-1.1892656084086184
"osm_way_50304648_0_3","osm:way/50304648","building",0,3,-9734.042982998611,36993.278296771336,-1.14910962660133
"osm_way_50304648_0_4","osm:way/50304648","building",0,4,-12817.956424488622,37254.30684235074,-1.2187681647930049
"osm_way_50304648_0_5","osm:way/50304648","building",0,5,-12998.98773048905,35123.448041004835,-1.1012823732471588
"osm_way_50304648_0_6","osm:way/50304648","building",0,6,-13076.920176034548,34208.0008413152,-1.0530182257809884
"osm_way_50304648_0_7","osm:way/50304648","building",0,7,-13277.433008269129,31858.278852132287,-0.9352165518237143
"osm_way_50304648_0_8","osm:way/50304648","building",0,8,-15229.427214188405,32022.662587074887,-0.9870182347498258
"osm_way_50304648_0_9","osm:way/50304648","building",0,9,-15184.780222887734,32545.934148428863,-1.0124947845781662
"osm_way_50304649_0_0","osm:way/50304649","building",0,0,5081.357076429333,33289.32912905386,-0.8906755032853653
"osm_way_50304649_0_1","osm:way/50304649","building",0,1,5420.791235354426,36725.58080349796,-1.0824463303094944
"osm_way_50304649_0_2","osm:way/50304649","building",0,2,5565.323897044954,36711.13692309268,-1.0828559164195894
"osm_way_50304649_0_3","osm:way/50304649","building",0,3,6572.1804982079175,36613.36187906867,-1.086789663605714
"osm_way_50304649_0_4","osm:way/50304649","building",0,4,6232.740557224407,33175.99979627665,-0.8949549766043674
"osm_way_50304649_0_5","osm:way/50304649","building",0,5,5081.357076429333,33289.32912905386,-0.8906755032853653
"osm_way_50304650_0_0","osm:way/50304650","building",0,0,2208.59263667622,37291.0865305797,-1.0961429936202194
"osm_way_50304650_0_1","osm:way/50304650","building",0,1,5178.823126086851,37053.321130316646,-1.0994323376309012
"osm_way_50304650_0_2","osm:way/50304650","building",0,2,5057.014509266967,35540.170331649075,-1.0121741878833745
"osm_way_50304650_0_3","osm:way/50304650","building",0,3,2086.7906007389906,35779.046182372054,-1.0089483931636778
"osm_way_50304650_0_4","osm:way/50304650","building",0,4,2208.59263667622,37291.0865305797,-1.0961429936202194
"osm_way_50304651_0_0","osm:way/50304651","building",0,0,1871.9998799910145,37693.26148586384,-1.1187558744126136
"osm_way_50304651_0_1","osm:way/50304651","building",0,1,1760.3757797169842,36338.97990342799,-1.039684710397637
"osm_way_50304651_0_2","osm:way/50304651","building",0,2,116.1133700617448,36473.4104854311,-1.0449583215063285
"osm_way_50304651_0_3","osm:way/50304651","building",0,3,86.8819856625656,36110.12076037167,-1.0242411058101197
"osm_way_50304651_0_4","osm:way/50304651","building",0,4,-6761.37281639024,36670.01988670096,-1.0920255022028869
"osm_way_50304651_0_5","osm:way/50304651","building",0,5,-7228.262778939006,36707.78831966218,-1.0993146188354785
"osm_way_50304651_0_6","osm:way/50304651","building",0,6,-7188.480713148442,37184.39819878604,-1.1265289747370844
"osm_way_50304651_0_7","osm:way/50304651","building",0,7,-8775.096118695505,37314.36393997832,-1.1539584757485954
"osm_way_50304651_0_8","osm:way/50304651","building",0,8,-8743.92177215495,37693.20775314842,-1.175851681603035
"osm_way_50304651_0_9","osm:way/50304651","building",0,9,1871.9998799910145,37693.26148586384,-1.1187558744126136
"osm_way_50304652_0_0","osm:way/50304652","building",0,0,5497.016905199458,24298.181760489988,-0.4874066190325266
"osm_way_50304652_0_1","osm:way/50304652","building",0,1,5570.100420627857,25088.086501849655,-0.5186820683704241
"osm_way_50304652_0_2","osm:way/50304652","building",0,2,5740.629209507013,26922.30967202181,-0.5951266108013442
"osm_way_50304652_0_3","osm:way/50304652","building",0,3,5954.197558270787,29224.25406373677,-0.6986035242135813
"osm_way_50304652_0_4","osm:way/50304652","building",0,4,6114.9837713565685,30952.934208526938,-0.7818349177796335
"osm_way_50304652_0_5","osm:way/50304652","building",0,5,7847.736584929673,30792.93557618635,-0.7930112723101956
"osm_way_50304652_0_6","osm:way/50304652","building",0,6,7229.752878567294,24138.184688711284,-0.4985793729375132
"osm_way_50304652_0_7","osm:way/50304652","building",0,7,5497.016905199458,24298.181760489988,-0.4874066190325266
"osm_way_50304653_0_0","osm:way/50304653","building",0,0,-16453.017693770817,29638.47554039113,-0.9018839787813704
"osm_way_50304653_0_1","osm:way/50304653","building",0,1,-14976.846706912153,29489.638677250514,-0.8586574614753317
"osm_way_50304653_0_2","osm:way/50304653","building",0,2,-12769.087224106206,29266.377240637576,-0.8004084181067128
"osm_way_50304653_0_3","osm:way/50304653","building",0,3,-10286.881992733337,29015.338390109173,-0.7441225565287368
"osm_way_50304653_0_4","osm:way/50304653","building",0,4,-7721.857312414875,28755.403586145872,-0.6961721489489037
"osm_way_50304653_0_5","osm:way/50304653","building",0,5,-5589.6160739816805,28539.894779385828,-0.664257820039893
"osm_way_50304653_0_6","osm:way/50304653","building",0,6,-3117.971792745762,28289.94060314799,-0.6362547528368623
"osm_way_50304653_0_7","osm:way/50304653","building",0,7,-939.4510925804404,28069.973487705625,-0.619598422261447
"osm_way_50304653_0_8","osm:way/50304653","building",0,8,1279.6667522065547,27845.555393219347,-0.6103326050237001
"osm_way_50304653_0_9","osm:way/50304653","building",0,9,3076.5583952721313,27664.460227213858,-0.6085629792153213
"osm_way_50304653_0_10","osm:way/50304653","building",0,10,2952.3215208639167,26445.717991098893,-0.5561763641821926
"osm_way_50304653_0_11","osm:way/50304653","building",0,11,-5786.103005577789,27328.92720744868,-0.6128645651529041
"osm_way_50304653_0_12","osm:way/50304653","building",0,12,-7847.698954989204,27537.770354020802,-0.6438644905159663
"osm_way_50304653_0_13","osm:way/50304653","building",0,13,-16577.219868463642,28419.729768819503,-0.8495148645920381
"osm_way_50304653_0_14","osm:way/50304653","building",0,14,-16453.017693770817,29638.47554039113,-0.9018839787813704
"osm_way_50568008_0_0","osm:way/50568008","building",0,0,21041.6981233801,36689.72504805263,-1.4039196355327022
"osm_way_50568008_0_1","osm:way/50568008","building",0,1,20720.154083708407,36715.28742715936,-1.3948831926171579
"osm_way_50568008_0_2","osm:way/50568008","building",0,2,20798.451348724335,37692.94545310563,-1.454568894280328
"osm_way_50568008_0_3","osm:way/50568008","building",0,3,22756.913992282643,37692.88262414155,-1.5213302777596027
"osm_way_50568008_0_4","osm:way/50568008","building",0,4,22625.853826052236,36061.9716589677,-1.4221898936057187
"osm_way_50568008_0_5","osm:way/50568008","building",0,5,21001.89557997565,36190.89726476053,-1.3740534020939776
"osm_way_50568008_0_6","osm:way/50568008","building",0,6,21041.6981233801,36689.72504805263,-1.4039196355327022
"osm_way_50568009_0_0","osm:way/50568009","building",0,0,14848.228129778756,37693.1016797307,-1.2885641577810247
"osm_way_50568009_0_1","osm:way/50568009","building",0,1,14838.987894407088,37570.89433013964,-1.28112467796484
"osm_way_50568009_0_2","osm:way/50568009","building",0,2,15850.716824717396,37494.21399601116,-1.3009058061101086
"osm_way_50568009_0_3","osm:way/50568009","building",0,3,15761.371140412917,36306.58085585882,-1.2298479853626532
"osm_way_50568009_0_4","osm:way/50568009","building",0,4,14782.93463098799,36356.596867707245,-1.2093114284397188
"osm_way_50568009_0_5","osm:way/50568009","building",0,5,14712.270237215585,35341.16471736263,-1.150492925103208
"osm_way_50568009_0_6","osm:way/50568009","building",0,6,15451.982403138425,35260.046904563744,-1.1634586408831638
"osm_way_50568009_0_7","osm:way/50568009","building",0,7,15331.779682963093,33946.8738752243,-1.089176352294885
"osm_way_50568009_0_8","osm:way/50568009","building",0,8,13064.739723008177,34168.005875018505,-1.0506210260814441
"osm_way_50568009_0_9","osm:way/50568009","building",0,9,11838.6531683517,34254.684633390614,-1.0313809746293146
"osm_way_50568009_0_10","osm:way/50568009","building",0,10,11637.28263507316,34269.130826816174,-1.0284584253383855
"osm_way_50568009_0_11","osm:way/50568009","building",0,11,11750.98234465683,35577.86070491172,-1.102342251368782
"osm_way_50568009_0_12","osm:way/50568009","building",0,12,11982.396542966213,35563.41394843291,-1.10583387797476
"osm_way_50568009_0_13","osm:way/50568009","building",0,13,12143.554566644565,37693.15545084558,-1.23142754773653
"osm_way_50568009_0_14","osm:way/50568009","building",0,14,14848.228129778756,37693.1016797307,-1.2885641577810247
"osm_way_50568021_0_0","osm:way/50568021","building",0,0,19994.671630927867,23724.644909159044,-0.7550321968054163
"osm_way_50568021_0_1","osm:way/50568021","building",0,1,20763.89627773509,33287.91961113759,-1.207842974051232
"osm_way_50568021_0_2","osm:way/50568021","building",0,2,21107.362057519105,33261.245550737796,-1.217704779017481
"osm_way_50568021_0_3","osm:way/50568021","building",0,3,21804.84913904718,33204.56363619507,-1.238172219288458
"osm_way_50568021_0_4","osm:way/50568021","building",0,4,21976.987979604237,33191.22635122752,-1.243375465858776
"osm_way_50568021_0_5","osm:way/50568021","building",0,5,21206.934387096404,23627.953034703536,-0.7905290465402004
"osm_way_50568021_0_6","osm:way/50568021","building",0,6,19994.671630927867,23724.644909159044,-0.7550321968054163
"osm_way_50568022_0_0","osm:way/50568022","building",0,0,21804.84913904718,33204.56363619507,-1.238172219288458
"osm_way_50568022_0_1","osm:way/50568022","building",0,1,21107.362057519105,33261.245550737796,-1.217704779017481
"osm_way_50568022_0_2","osm:way/50568022","building",0,2,21167.471621287084,34005.5988140404,-1.2590236141079458
"osm_way_50568022_0_3","osm:way/50568022","building",0,3,19238.214708648855,34160.08214548696,-1.2062818485162552
"osm_way_50568022_0_4","osm:way/50568022","building",0,4,17257.80201309702,34305.67347371568,-1.1575406905990349
"osm_way_50568022_0_5","osm:way/50568022","building",0,5,16873.73665648326,34334.56855185551,-1.1488384394368722
"osm_way_50568022_0_6","osm:way/50568022","building",0,6,16963.89539733105,35497.760051533456,-1.215030470754641
"osm_way_50568022_0_7","osm:way/50568022","building",0,7,17944.765773917752,35422.18834213203,-1.237620863193456
"osm_way_50568022_0_8","osm:way/50568022","building",0,8,20871.947289066924,35173.24562884062,-1.3127489660604397
"osm_way_50568022_0_9","osm:way/50568022","building",0,9,21509.349906175376,35118.787819945974,-1.330885778398283
"osm_way_50568022_0_10","osm:way/50568022","building",0,10,21955.125698296917,35081.0003041359,-1.3439671150507593
"osm_way_50568022_0_11","osm:way/50568022","building",0,11,21864.147519953876,33950.02784235161,-1.2795218296616895
"osm_way_50568022_0_12","osm:way/50568022","building",0,12,21804.84913904718,33204.56363619507,-1.238172219288458
"osm_way_50568024_0_0","osm:way/50568024","building",0,0,11815.027334644048,29747.4479410332,-0.8043505170007847
"osm_way_50568024_0_1","osm:way/50568024","building",0,1,12092.721778970546,29718.557626007176,-0.8081974127179592
"osm_way_50568024_0_2","osm:way/50568024","building",0,2,12268.943165165634,30998.40097104186,-0.8725966973372579
"osm_way_50568024_0_3","osm:way/50568024","building",0,3,11585.261263989301,31062.849699118964,-0.8629737208138977
"osm_way_50568024_0_4","osm:way/50568024","building",0,4,11628.303006455497,31475.021747183553,-0.8840028664366173
"osm_way_50568024_0_5","osm:way/50568024","building",0,5,11843.512153120719,33515.884305907384,-0.9921423334589008
"osm_way_50568024_0_6","osm:way/50568024","building",0,6,13819.05034577059,33296.98433455582,-1.0203348354821173
"osm_way_50568024_0_7","osm:way/50568024","building",0,7,13524.25300093247,30817.287731101816,-0.8891449938204232
"osm_way_50568024_0_8","osm:way/50568024","building",0,8,13076.855290033463,30839.51605422165,-0.8809065430824603
"osm_way_50568024_0_9","osm:way/50568024","building",0,9,12950.976697666045,29660.770944581498,-0.8223252697803218
"osm_way_50568024_0_10","osm:way/50568024","building",0,10,13715.042107910647,29580.765529897828,-0.8345493276323168
"osm_way_50568024_0_11","osm:way/50568024","building",0,11,13372.331661063243,26652.23459592261,-0.6979285298740479
"osm_way_50568024_0_12","osm:way/50568024","building",0,12,13329.283319279315,25942.320537389092,-0.6677004568018674
"osm_way_50568024_0_13","osm:way/50568024","building",0,13,12440.176089709405,25879.011670282125,-0.647190628811245
"osm_way_50568024_0_14","osm:way/50568024","building",0,14,11278.23545426047,25091.348598352324,-0.5940843632131987
"osm_way_50568024_0_15","osm:way/50568024","building",0,15,11815.027334644048,29747.4479410332,-0.8043505170007847
"osm_way_50568025_0_0","osm:way/50568025","building",0,0,31594.978257269184,35653.88462024239,-1.7798363980290333
"osm_way_50568025_0_1","osm:way/50568025","building",0,1,33044.35751293379,35527.1641480036,-1.8460794351000231
"osm_way_50568025_0_2","osm:way/50568025","building",0,2,34531.89913322508,35397.10570731923,-1.9175122167695235
"osm_way_50568025_0_3","osm:way/50568025","building",0,3,34361.28502837446,33456.236147870746,-1.8033427599192464
"osm_way_50568025_0_4","osm:way/50568025","building",0,4,31424.37248438257,33713.014330675855,-1.665668844970014
"osm_way_50568025_0_5","osm:way/50568025","building",0,5,31594.978257269184,35653.88462024239,-1.7798363980290333
"osm_way_50568026_0_0","osm:way/50568026","building",0,0,25136.075531119197,24613.256384007393,-0.9703847143256894
"osm_way_50568026_0_1","osm:way/50568026","building",0,1,26266.330185820414,24509.8926396301,-1.0118691425404336
"osm_way_50568026_0_2","osm:way/50568026","building",0,2,26949.191949881937,24440.985239180158,-1.0376617982927883
"osm_way_50568026_0_3","osm:way/50568026","building",0,3,28642.94839169081,24270.93625407335,-1.104853452713428
"osm_way_50568026_0_4","osm:way/50568026","building",0,4,30252.2598327085,24109.774634642163,-1.1729133244344325
"osm_way_50568026_0_5","osm:way/50568026","building",0,5,32051.569808753924,23929.71362946515,-1.2538618786138045
"osm_way_50568026_0_6","osm:way/50568026","building",0,6,33562.63213497819,23777.436616914,-1.325757445938791
"osm_way_50568026_0_7","osm:way/50568026","building",0,7,34324.252819529065,23701.85203026961,-1.363407113281312
"osm_way_50568026_0_8","osm:way/50568026","building",0,8,35411.470000789064,23591.80936427081,-1.4186614971151812
"osm_way_50568026_0_9","osm:way/50568026","building",0,9,35293.673213979375,22405.29099329714,-1.3692731119760992
"osm_way_50568026_0_10","osm:way/50568026","building",0,10,25026.416023070673,23422.29203783898,-0.9211422967950966
"osm_way_50568026_0_11","osm:way/50568026","building",0,11,25136.075531119197,24613.256384007393,-0.9703847143256894
"osm_way_50568028_0_0","osm:way/50568028","building",0,0,48903.40857426196,27869.347572469836,-2.4819405342981327
"osm_way_50568028_0_1","osm:way/50568028","building",0,1,49241.44852649257,31452.22681723417,-2.6748579417017027
"osm_way_50568028_0_2","osm:way/50568028","building",0,2,49275.57964510981,31839.95561037093,-2.6967658964906605
"osm_way_50568028_0_3","osm:way/50568028","building",0,3,49309.7108834305,32228.79537738536,-2.718968044175085
"osm_way_50568028_0_4","osm:way/50568028","building",0,4,45382.20491577889,32595.69199122036,-2.446563521692724
"osm_way_50568028_0_5","osm:way/50568028","building",0,5,45352.951701421334,32265.733528774297,-2.427675291502851
"osm_way_50568028_0_6","osm:way/50568028","building",0,6,45322.8864651169,31934.66413982675,-2.4088461298418906
"osm_way_50568028_0_7","osm:way/50568028","building",0,7,45868.53122910183,31886.85544280267,-2.4453947104291274
"osm_way_50568028_0_8","osm:way/50568028","building",0,8,45619.05963163126,28986.10903073476,-2.2888309050671296
"osm_way_50568028_0_9","osm:way/50568028","building",0,9,45818.80355423721,28966.097975941455,-2.3022153063664064
"osm_way_50568028_0_10","osm:way/50568028","building",0,10,46018.54746512352,28946.086862347933,-2.31566273172632
"osm_way_50568028_0_11","osm:way/50568028","building",0,11,45945.42053023331,28216.179332514952,-2.2776257598764005
"osm_way_50568028_0_12","osm:way/50568028","building",0,12,45546.745093940866,28256.201403991763,-2.250851792217645
"osm_way_50568028_0_13","osm:way/50568028","building",0,13,45535.36556576801,28078.445701438926,-2.2421748806692676
"osm_way_50568028_0_14","osm:way/50568028","building",0,14,44598.355122634464,28150.721472932833,-2.1792635653753223
"osm_way_50568028_0_15","osm:way/50568028","building",0,15,44595.103513936236,28094.06181306441,-2.1765333697800315
"osm_way_50568028_0_16","osm:way/50568028","building",0,16,44592.66387741902,28037.40209978621,-2.1738648190108734
"osm_way_50568028_0_17","osm:way/50568028","building",0,17,44884.157538592786,27975.168125640364,-2.191541018473231
"osm_way_50568028_0_18","osm:way/50568028","building",0,18,45139.91842237588,27822.947192088326,-2.2028905468488347
"osm_way_50568028_0_19","osm:way/50568028","building",0,19,45333.96449289933,27597.405743217496,-2.2068132973117827
"osm_way_50568028_0_20","osm:way/50568028","building",0,20,45445.18607432234,27321.87578125998,-2.2028297527185714
"osm_way_50568028_0_21","osm:way/50568028","building",0,21,45462.21759309528,27025.243533714074,-2.191378761750684
"osm_way_50568028_0_22","osm:way/50568028","building",0,22,45379.376941733855,26730.839924003398,-2.1730574243974843
"osm_way_50568028_0_23","osm:way/50568028","building",0,23,45203.162668972516,26478.65968888211,-2.150024021202057
"osm_way_50568028_0_24","osm:way/50568028","building",0,24,44953.06417150054,26299.808847917007,-2.1249612315131117
"osm_way_50568028_0_25","osm:way/50568028","building",0,25,44658.31356476657,26213.172023082523,-2.1007142658163502
"osm_way_50568028_0_26","osm:way/50568028","building",0,26,44351.39009966447,26227.634858651494,-2.07992748721324
"osm_way_50568028_0_27","osm:way/50568028","building",0,27,44065.58431552193,26342.084199992638,-2.064874807075512
"osm_way_50568028_0_28","osm:way/50568028","building",0,28,43834.18606697037,26544.297166955403,-2.0573551230597786
"osm_way_50568028_0_29","osm:way/50568028","building",0,29,43683.17692591823,26812.052584368503,-2.0582330583664543
"osm_way_50568028_0_30","osm:way/50568028","building",0,30,43678.3069641118,26840.93832404658,-2.059117284943568
"osm_way_50568028_0_31","osm:way/50568028","building",0,31,43567.06763266578,26849.833296060733,-2.0518962938240293
"osm_way_50568028_0_32","osm:way/50568028","building",0,32,43563.00450277964,26798.728571672724,-2.0494656912660503
"osm_way_50568028_0_33","osm:way/50568028","building",0,33,43242.27782485233,26822.079614824663,-2.028658235758485
"osm_way_50568028_0_34","osm:way/50568028","building",0,34,42920.7392249936,26846.541535562334,-2.0080052661057834
"osm_way_50568028_0_35","osm:way/50568028","building",0,35,42925.6149092562,26907.645013686346,-2.0109128855040126
"osm_way_50568028_0_36","osm:way/50568028","building",0,36,42821.683358819595,26917.65037925458,-2.0043607070874714
"osm_way_50568028_0_37","osm:way/50568028","building",0,37,42645.469987651195,26665.469480801643,-1.9819587706706443
"osm_way_50568028_0_38","osm:way/50568028","building",0,38,42395.37209533693,26486.617698218994,-1.9578448942695559
"osm_way_50568028_0_39","osm:way/50568028","building",0,39,42100.621733790504,26399.979762986673,-1.9347525492662498
"osm_way_50568028_0_40","osm:way/50568028","building",0,40,41792.88616020838,26414.441492183323,-1.9151456027088898
"osm_way_50568028_0_41","osm:way/50568028","building",0,41,41507.89183563678,26528.889706279675,-1.901323742850991
"osm_way_50568028_0_42","osm:way/50568028","building",0,42,41276.49276164436,26731.10180080405,-1.894789944279296
"osm_way_50568028_0_43","osm:way/50568028","building",0,43,41125.48257021328,26998.856648450816,-1.8963509021972413
"osm_way_50568028_0_44","osm:way/50568028","building",0,44,41071.09877676662,27299.934959710685,-1.905693606170189
"osm_way_50568028_0_45","osm:way/50568028","building",0,45,41116.586896584595,27593.23037796944,-1.92126602850351
"osm_way_50568028_0_46","osm:way/50568028","building",0,46,41253.82606131483,27857.634796299055,-1.941630410502171
"osm_way_50568028_0_47","osm:way/50568028","building",0,47,41469.01101152238,28063.1525991285,-1.9645904289774307
"osm_way_50568028_0_48","osm:way/50568028","building",0,48,41738.593352484015,28189.78755908655,-1.9877426829452816
"osm_way_50568028_0_49","osm:way/50568028","building",0,49,42034.15318354011,28224.209637192263,-2.008647442917777
"osm_way_50568028_0_50","osm:way/50568028","building",0,50,42040.6538422566,28303.088666279753,-2.012577678294747
"osm_way_50568028_0_51","osm:way/50568028","building",0,51,42046.34253061472,28381.967745321872,-2.016464209049218
"osm_way_50568028_0_52","osm:way/50568028","building",0,52,41189.716189613835,28448.67893825152,-1.9636343365959874
"osm_way_50568028_0_53","osm:way/50568028","building",0,53,41201.90716503656,28636.43346425204,-1.9728393477407735
"osm_way_50568028_0_54","osm:way/50568028","building",0,54,40802.41862902386,28666.453997265264,-1.9485496951006098
"osm_way_50568028_0_55","osm:way/50568028","building",0,55,40858.48871345415,29397.474080262287,-1.9854743775823636
"osm_way_50568028_0_56","osm:way/50568028","building",0,56,41058.23323320517,29383.019315781014,-1.9976138328104298
"osm_way_50568028_0_57","osm:way/50568028","building",0,57,41257.977677169074,29367.453514599027,-2.0097646146098214
"osm_way_50568028_0_58","osm:way/50568028","building",0,58,41506.61866744321,32265.979605620316,-2.1661966737525518
"osm_way_50568028_0_59","osm:way/50568028","building",0,59,42052.263966611295,32218.173976435788,-2.1994610760543765
"osm_way_50568028_0_60","osm:way/50568028","building",0,60,42075.019552817605,32544.80005046022,-2.217575124461746
"osm_way_50568028_0_61","osm:way/50568028","building",0,61,42097.77509191984,32870.31514424212,-2.2358001821004336
"osm_way_50568028_0_62","osm:way/50568028","building",0,62,41438.452781228596,32923.6826475288,-2.1954495579279865
"osm_way_50568028_0_63","osm:way/50568028","building",0,63,41239.520149862634,32953.691163150004,-2.1841292201912665
"osm_way_50568028_0_64","osm:way/50568028","building",0,64,41171.31041013838,32893.70250087776,-2.1766266911157572
"osm_way_50568028_0_65","osm:way/50568028","building",0,65,41098.23144188912,32877.042261881856,-2.17106022372775
"osm_way_50568028_0_66","osm:way/50568028","building",0,66,40982.11935783787,32888.15905985747,-2.164175175326477
"osm_way_50568028_0_67","osm:way/50568028","building",0,67,40787.24860585496,32951.49653251689,-2.1549788439472195
"osm_way_50568028_0_68","osm:way/50568028","building",0,68,40566.3983225491,33078.16123847034,-2.1474858537914088
"osm_way_50568028_0_69","osm:way/50568028","building",0,69,40391.019368987996,33215.9329462414,-2.1435471400678807
"osm_way_50568028_0_70","osm:way/50568028","building",0,70,40243.248448093604,33368.14568418997,-2.14218180158241
"osm_way_50568028_0_71","osm:way/50568028","building",0,71,40088.986294321636,33599.23819767397,-2.144638568569235
"osm_way_50568028_0_72","osm:way/50568028","building",0,72,39981.008573523875,33860.324351753094,-2.1517061986486397
"osm_way_50568028_0_73","osm:way/50568028","building",0,73,39908.760057292166,34159.18163348184,-2.1631562484373035
"osm_way_50568028_0_74","osm:way/50568028","building",0,74,39877.106978411306,34399.15469918028,-2.1741025957396687
"osm_way_50568028_0_75","osm:way/50568028","building",0,75,40019.204373446235,34416.921981821,-2.1839489570197657
"osm_way_50568028_0_76","osm:way/50568028","building",0,76,40013.53001432129,34578.01409717224,-2.192323987327427
"osm_way_50568028_0_77","osm:way/50568028","building",0,77,40026.537797379904,34851.31386803195,-2.2080435917558816
"osm_way_50568028_0_78","osm:way/50568028","building",0,78,39902.30706336857,34887.98344897676,-2.202280395516709
"osm_way_50568028_0_79","osm:way/50568028","building",0,79,39981.08290068798,35122.39512770241,-2.2200967573866137
"osm_way_50568028_0_80","osm:way/50568028","building",0,80,40128.87888878737,35386.799119980955,-2.244007737334641
"osm_way_50568028_0_81","osm:way/50568028","building",0,81,40329.452742542504,35634.53527898519,-2.270459083419496
"osm_way_50568028_0_82","osm:way/50568028","building",0,82,40543.01584942739,35838.94246879871,-2.295453074253828
"osm_way_50568028_0_83","osm:way/50568028","building",0,83,40790.680421831144,36012.24016476818,-2.3209999220171085
"osm_way_50568028_0_84","osm:way/50568028","building",0,84,41113.04423459047,36133.31729489915,-2.348526732393452
"osm_way_50568028_0_85","osm:way/50568028","building",0,85,41309.546321629205,36176.63349867768,-2.3636637151867035
"osm_way_50568028_0_86","osm:way/50568028","building",0,86,41405.360109389425,36176.62766134081,-2.3698664067467234
"osm_way_50568028_0_87","osm:way/50568028","building",0,87,41470.316505717594,36142.183385378106,-2.372123234053447
"osm_way_50568028_0_88","osm:way/50568028","building",0,88,41527.15145289622,36081.07613341632,-2.372348735337937
"osm_way_50568028_0_89","osm:way/50568028","building",0,89,41769.933539572354,36076.6173270186,-2.3879244226833407
"osm_way_50568028_0_90","osm:way/50568028","building",0,90,43338.67463380792,35975.42001007005,-2.48669716816039
"osm_way_50568028_0_91","osm:way/50568028","building",0,91,43325.67272772153,35815.440040389694,-2.4767937855926903
"osm_way_50568028_0_92","osm:way/50568028","building",0,92,43490.50398010477,35802.097766954816,-2.48724363854933
"osm_way_50568028_0_93","osm:way/50568028","building",0,93,43506.75619827898,35998.73979179396,-2.4994407091980975
"osm_way_50568028_0_94","osm:way/50568028","building",0,94,43531.11926269064,36055.398096345336,-2.5043072310467096
"osm_way_50568028_0_95","osm:way/50568028","building",0,95,43600.95106479127,36077.61317017378,-2.510328209115187
"osm_way_50568028_0_96","osm:way/50568028","building",0,96,44016.68317227642,36043.146029972566,-2.536885630922825
"osm_way_50568028_0_97","osm:way/50568028","building",0,97,44432.415237452755,36008.678635166165,-2.5637154959696318
"osm_way_50568028_0_98","osm:way/50568028","building",0,98,44486.81585667465,35976.45671677211,-2.565679787875297
"osm_way_50568028_0_99","osm:way/50568028","building",0,99,44496.555696651936,35916.46327864763,-2.562970049774549
"osm_way_50568028_0_100","osm:way/50568028","building",0,100,44481.11524713399,35720.9322017589,-2.5508921052704636
"osm_way_50568028_0_101","osm:way/50568028","building",0,101,44645.94645397023,35707.58964783099,-2.5616420455151
"osm_way_50568028_0_102","osm:way/50568028","building",0,102,44661.38468481771,35868.68041003806,-2.5717780663541134
"osm_way_50568028_0_103","osm:way/50568028","building",0,103,46328.371203715724,35718.58669072814,-2.6820562449614727
"osm_way_50568028_0_104","osm:way/50568028","building",0,104,48320.146427561886,35529.58161409826,-2.819031165427077
"osm_way_50568028_0_105","osm:way/50568028","building",0,105,50297.30580303659,35352.792531375715,-2.961799756062078
"osm_way_50568028_0_106","osm:way/50568028","building",0,106,50933.0820171255,35294.97428211332,-3.008965191583002
"osm_way_50568028_0_107","osm:way/50568028","building",0,107,50884.31832171975,34696.16090936994,-2.9721579941934806
"osm_way_50568028_0_108","osm:way/50568028","building",0,108,50985.00052330677,34652.82522080146,-2.977824949971364
"osm_way_50568028_0_109","osm:way/50568028","building",0,109,51074.3124097083,34575.050061099784,-2.9807300085252564
"osm_way_50568028_0_110","osm:way/50568028","building",0,110,51110.84403557052,34476.170287341185,-2.9782886399459585
"osm_way_50568028_0_111","osm:way/50568028","building",0,111,51129.51160863851,34370.62599038477,-2.9740747752327934
"osm_way_50568028_0_112","osm:way/50568028","building",0,112,51106.768332252344,34266.19578940463,-2.966624650241556
"osm_way_50568028_0_113","osm:way/50568028","building",0,113,51020.69062974382,34160.65937287949,-2.954071640630218
"osm_way_50568028_0_114","osm:way/50568028","building",0,114,50917.56523407539,34106.22920337325,-2.942924883853948
"osm_way_50568028_0_115","osm:way/50568028","building",0,115,50835.55471225761,34097.34752728786,-2.935917746245309
"osm_way_50568028_0_116","osm:way/50568028","building",0,116,50802.23373641941,33698.508987536414,-2.9120274436593263
"osm_way_50568028_0_117","osm:way/50568028","building",0,117,50769.7246943531,33298.55940506059,-2.8883953993016576
"osm_way_50568028_0_118","osm:way/50568028","building",0,118,50863.91228890949,33274.110842310016,-2.8946094355376317
"osm_way_50568028_0_119","osm:way/50568028","building",0,119,50980.83058167991,33187.44580133315,-2.8994050745211553
"osm_way_50568028_0_120","osm:way/50568028","building",0,120,51024.66735597289,33054.12516895383,-2.895967764902707
"osm_way_50568028_0_121","osm:way/50568028","building",0,121,51035.214210691985,32936.360726406645,-2.8907060616006675
"osm_way_50568028_0_122","osm:way/50568028","building",0,122,51014.094617343246,32827.48648664122,-2.88339506067814
"osm_way_50568028_0_123","osm:way/50568028","building",0,123,50938.57214726289,32713.06144139085,-2.8714777855384455
"osm_way_50568028_0_124","osm:way/50568028","building",0,124,50823.268154193065,32669.741948225816,-2.860069126430176
"osm_way_50568028_0_125","osm:way/50568028","building",0,125,50717.71047267722,32660.862020233573,-2.8512243241948454
"osm_way_50568028_0_126","osm:way/50568028","building",0,126,50671.38598721937,32100.932649460297,-2.8190645052461605
"osm_way_50568028_0_127","osm:way/50568028","building",0,127,50634.00615472036,31713.204170143035,-2.796665588996916
"osm_way_50568028_0_128","osm:way/50568028","building",0,128,50596.626364815675,31325.475686705442,-2.774504923161203
"osm_way_50568028_0_129","osm:way/50568028","building",0,129,50239.890338107434,27558.17615804793,-2.5721022205942745
"osm_way_50568028_0_130","osm:way/50568028","building",0,130,48885.53192484998,27684.92652552584,-2.472524479509275
"osm_way_50568028_0_131","osm:way/50568028","building",0,131,48903.40857426196,27869.347572469836,-2.4819405342981327
"osm_way_50652249_0_0","osm:way/50652249","building",0,0,-10682.47968716734,-11968.655541008862,-0.20183824028521258
"osm_way_50652249_0_1","osm:way/50652249","building",0,1,-8858.084989301991,-12138.609009536813,-0.1771536594013412
"osm_way_50652249_0_2","osm:way/50652249","building",0,2,-8873.363641704353,-12300.812087400758,-0.18047947605239756
"osm_way_50652249_0_3","osm:way/50652249","building",0,3,-10713.72023839934,-12300.838639973048,-0.20869395462881357
"osm_way_50652249_0_4","osm:way/50652249","building",0,4,-10682.47968716734,-11968.655541008862,-0.20183824028521258
"osm_way_50652250_0_0","osm:way/50652250","building",0,0,-18174.11720747133,-11302.227617205885,-0.358861834946822
"osm_way_50652250_0_1","osm:way/50652250","building",0,1,-18135.97082776613,-10775.62274116275,-0.3486453851223814
"osm_way_50652250_0_2","osm:way/50652250","building",0,2,-11297.926998552342,-11417.620115181226,-0.20230386247916954
"osm_way_50652250_0_3","osm:way/50652250","building",0,3,-11381.461724323757,-12300.849507769328,-0.22024195841581218
"osm_way_50652250_0_4","osm:way/50652250","building",0,4,-18033.159161052587,-12300.99362980487,-0.3733844878759385
"osm_way_50652250_0_5","osm:way/50652250","building",0,5,-18269.89800945787,-12278.780388108547,-0.37968227827107626
"osm_way_50652250_0_6","osm:way/50652250","building",0,6,-18174.11720747133,-11302.227617205885,-0.358861834946822
"osm_way_50652252_0_0","osm:way/50652252","building",0,0,-20376.73785053889,-12301.05993653123,-0.4438413042606726
"osm_way_50652252_0_1","osm:way/50652252","building",0,1,-20259.145265217318,-11100.088539120936,-0.41802576876506237
"osm_way_50652252_0_2","osm:way/50652252","building",0,2,-18174.11720747133,-11302.227617205885,-0.358861834946822
"osm_way_50652252_0_3","osm:way/50652252","building",0,3,-18269.89800945787,-12278.780388108547,-0.37968227827107626
"osm_way_50652252_0_4","osm:way/50652252","building",0,4,-18272.069121064385,-12301.000018888963,-0.3801734601189821
"osm_way_50652252_0_5","osm:way/50652252","building",0,5,-20376.73785053889,-12301.05993653123,-0.4438413042606726
"osm_way_50652678_0_0","osm:way/50652678","building",0,0,-5917.3610789110435,-4926.104229561072,-0.046467258695059854
"osm_way_50652678_0_1","osm:way/50652678","building",0,1,-5716.830984540033,-2891.9009266569524,-0.03214921274690141
"osm_way_50652678_0_2","osm:way/50652678","building",0,2,-5583.684862692984,-1537.6170958311204,-0.026259559216601502
"osm_way_50652678_0_3","osm:way/50652678","building",0,3,4399.875627733633,-2515.2694175849706,-0.02012165570590696
"osm_way_50652678_0_4","osm:way/50652678","building",0,4,4287.821435927812,-3649.5777068030707,-0.024852490788873638
"osm_way_50652678_0_5","osm:way/50652678","building",0,5,3044.751615134424,-3527.363361399524,-0.01702935171543629
"osm_way_50652678_0_6","osm:way/50652678","building",0,6,-4565.508561565384,-2783.016318152302,-0.022398108586330068
"osm_way_50652678_0_7","osm:way/50652678","building",0,7,-5112.710762285602,-8326.802944247105,-0.07492215819766557
"osm_way_50652678_0_8","osm:way/50652678","building",0,8,-6242.103664076225,-8215.714535432136,-0.08351596008608908
"osm_way_50652678_0_9","osm:way/50652678","building",0,9,-5917.3610789110435,-4926.104229561072,-0.046467258695059854
"osm_way_50652679_0_0","osm:way/50652679","building",0,0,-26961.604580086027,-10574.828795135161,-0.6568018692554745
"osm_way_50652679_0_1","osm:way/50652679","building",0,1,-26783.792274580075,-10591.486434415609,-0.6495989832096427
"osm_way_50652679_0_2","osm:way/50652679","building",0,2,-26944.381225043446,-12301.288864707887,-0.6870979298454927
"osm_way_50652679_0_3","osm:way/50652679","building",0,3,-28599.206283459836,-12301.356569744197,-0.7590405753887808
"osm_way_50652679_0_4","osm:way/50652679","building",0,4,-28496.116968520135,-11205.927323122754,-0.7342067094448623
"osm_way_50652679_0_5","osm:way/50652679","building",0,5,-28368.644298916497,-11218.142748316995,-0.7287485682560657
"osm_way_50652679_0_6","osm:way/50652679","building",0,6,-28341.862524429667,-10937.064043724002,-0.7226681760421627
"osm_way_50652679_0_7","osm:way/50652679","building",0,7,-28772.996341815575,-10897.086952563286,-0.7412556907873125
"osm_way_50652679_0_8","osm:way/50652679","building",0,8,-28786.79275235998,-11045.958669586687,-0.744443205272205
"osm_way_50652679_0_9","osm:way/50652679","building",0,9,-32334.107841850666,-10715.04675476893,-0.9084870203146522
"osm_way_50652679_0_10","osm:way/50652679","building",0,10,-32320.312202584835,-10566.174966279408,-0.9053002104671748
"osm_way_50652679_0_11","osm:way/50652679","building",0,11,-33784.220398229496,-10429.595881563198,-0.9787899456796367
"osm_way_50652679_0_12","osm:way/50652679","building",0,12,-33656.81540982201,-9071.973731429993,-0.9512682179035892
"osm_way_50652679_0_13","osm:way/50652679","building",0,13,-30199.61535194059,-9393.994900573298,-0.7831478450931684
"osm_way_50652679_0_14","osm:way/50652679","building",0,14,-28564.389322291117,-9526.130568626675,-0.7099006500176586
"osm_way_50652679_0_15","osm:way/50652679","building",0,15,-26881.26004990321,-9663.823170554302,-0.6389333913837447
"osm_way_50652679_0_16","osm:way/50652679","building",0,16,-26961.604580086027,-10574.828795135161,-0.6568018692554745
"osm_way_50652680_0_0","osm:way/50652680","building",0,0,-33849.98486833227,-10459.595579820352,-0.982763545535903
"osm_way_50652680_0_1","osm:way/50652680","building",0,1,-32579.315907274948,-10576.186155421217,-0.9186230298915632
"osm_way_50652680_0_2","osm:way/50652680","building",0,2,-32683.188267618385,-11699.390514494653,-0.9435818739667923
"osm_way_50652680_0_3","osm:way/50652680","building",0,3,-32112.403233566907,-11751.579266409202,-0.9155956852502811
"osm_way_50652680_0_4","osm:way/50652680","building",0,4,-32163.105645631662,-12301.516082154629,-0.928536752166309
"osm_way_50652680_0_5","osm:way/50652680","building",0,5,-34019.76946860194,-12301.606595726917,-1.0247155034477373
"osm_way_50652680_0_6","osm:way/50652680","building",0,6,-33849.98486833227,-10459.595579820352,-0.982763545535903
"osm_way_50652681_0_0","osm:way/50652681","building",0,0,-33993.97759550944,-4830.27451338568,-0.9228010828916666
"osm_way_50652681_0_1","osm:way/50652681","building",0,1,-26527.420644531834,-5556.521591950027,-0.5750373083255766
"osm_way_50652681_0_2","osm:way/50652681","building",0,2,-26634.55259819325,-6651.950600424112,-0.5899998720053645
"osm_way_50652681_0_3","osm:way/50652681","building",0,3,-34101.90960122875,-5924.593750003633,-0.9377982783671968
"osm_way_50652681_0_4","osm:way/50652681","building",0,4,-33993.97759550944,-4830.27451338568,-0.9228010828916666
"osm_way_50652682_0_0","osm:way/50652682","building",0,0,-25869.195997248404,1047.1596890533124,-0.5246524894154447
"osm_way_50652682_0_1","osm:way/50652682","building",0,1,-25377.159076353855,1000.5171699306838,-0.5048417070526057
"osm_way_50652682_0_2","osm:way/50652682","building",0,2,-24708.93082661767,937.2160546391867,-0.47854952208163937
"osm_way_50652682_0_3","osm:way/50652682","building",0,3,-25406.1138625583,-6347.495396132667,-0.5368542924536257
"osm_way_50652682_0_4","osm:way/50652682","building",0,4,-26463.251215197743,-6245.325762724251,-0.5787612311291213
"osm_way_50652682_0_5","osm:way/50652682","building",0,5,-26565.555546712745,-6217.55529588185,-0.5827355257714828
"osm_way_50652682_0_6","osm:way/50652682","building",0,6,-25869.195997248404,1047.1596890533124,-0.5246524894154447
"osm_way_50652683_0_0","osm:way/50652683","building",0,0,-33490.883680603896,1332.3478826793776,-0.8792953055753117
"osm_way_50652683_0_1","osm:way/50652683","building",0,1,-33421.08811035507,1966.719975881646,-0.8772838919373527
"osm_way_50652683_0_2","osm:way/50652683","building",0,2,-25874.071316860154,1143.8146228497537,-0.5250162216281495
"osm_way_50652683_0_3","osm:way/50652683","building",0,3,-26012.864453402904,-121.59507533499934,-0.5296368488682313
"osm_way_50652683_0_4","osm:way/50652683","building",0,4,-32491.35027425853,584.708006160429,-0.826549633638729
"osm_way_50652683_0_5","osm:way/50652683","building",0,5,-33560.67928518561,701.3087111510908,-0.8819502181677485
"osm_way_50652683_0_6","osm:way/50652683","building",0,6,-33490.883680603896,1332.3478826793776,-0.8792953055753117
"osm_way_50652684_0_0","osm:way/50652684","building",0,0,-3037.4294214522406,-6832.524352562822,-0.043890488879583245
"osm_way_50652684_0_1","osm:way/50652684","building",0,1,1074.1824449072774,-7271.354925325442,-0.04243404177302068
"osm_way_50652684_0_2","osm:way/50652684","building",0,2,936.96463058387,-8550.091025367181,-0.05810984835505906
"osm_way_50652684_0_3","osm:way/50652684","building",0,3,-3174.6395737274497,-8112.3722533978425,-0.05958178938385572
"osm_way_50652684_0_4","osm:way/50652684","building",0,4,-3037.4294214522406,-6832.524352562822,-0.043890488879583245
"osm_way_50654558_0_0","osm:way/50654558","building",0,0,-24744.04203749509,6364.343972646814,-0.5110349691488381
"osm_way_50654558_0_1","osm:way/50654558","building",0,1,-24864.97159120519,4990.0593896362125,-0.5034733565043581
"osm_way_50654558_0_2","osm:way/50654558","building",0,2,-27770.117411428815,5243.249812179158,-0.6251924153655608
"osm_way_50654558_0_3","osm:way/50654558","building",0,3,-27639.45464077344,6723.078241191105,-0.6334353693745243
"osm_way_50654558_0_4","osm:way/50654558","building",0,4,-26988.271676529654,6666.444550905703,-0.604997186432854
"osm_way_50654558_0_5","osm:way/50654558","building",0,5,-26998.822069265738,6543.12554114946,-0.6041633942402314
"osm_way_50654558_0_6","osm:way/50654558","building",0,6,-25910.811080554697,6448.734788850101,-0.5581434333642221
"osm_way_50654558_0_7","osm:way/50654558","building",0,7,-25744.434178098607,8346.292013748427,-0.5734690015358979
"osm_way_50654558_0_8","osm:way/50654558","building",0,8,-25603.96671909087,8334.076565689653,-0.5676634880295239
"osm_way_50654558_0_9","osm:way/50654558","building",0,9,-25456.255393848565,10019.436117570456,-0.5860572568693101
"osm_way_50654558_0_10","osm:way/50654558","building",0,10,-24069.440556194026,9898.390080918974,-0.5304056982595284
"osm_way_50654558_0_11","osm:way/50654558","building",0,11,-24265.85246836497,7661.9838687263555,-0.5069884167696159
"osm_way_50654558_0_12","osm:way/50654558","building",0,12,-24039.31850596994,7641.994320124895,-0.49818318451997357
"osm_way_50654558_0_13","osm:way/50654558","building",0,13,-24156.191568292914,6312.149166735502,-0.4880156765505461
"osm_way_50654558_0_14","osm:way/50654558","building",0,14,-24744.04203749509,6364.343972646814,-0.5110349691488381
"osm_way_50654559_0_0","osm:way/50654559","building",0,0,-24838.61008917252,16814.20148432723,-0.704960759797757
"osm_way_50654559_0_1","osm:way/50654559","building",0,1,-23360.029696757876,16677.60366894218,-0.6455881073463843
"osm_way_50654559_0_2","osm:way/50654559","building",0,2,-23838.092402244816,11537.091114883833,-0.5493222913230511
"osm_way_50654559_0_3","osm:way/50654559","building",0,3,-25316.6616942523,11673.687900087256,-0.6086979735925979
"osm_way_50654559_0_4","osm:way/50654559","building",0,4,-24838.61008917252,16814.20148432723,-0.704960759797757
"osm_way_50654560_0_0","osm:way/50654560","building",0,0,-28110.543207056297,10583.70832735451,-0.7064740424070237
"osm_way_50654560_0_1","osm:way/50654560","building",0,1,-25460.327602718775,10351.618454539452,-0.5915349744306297
"osm_way_50654560_0_2","osm:way/50654560","building",0,2,-25612.097390629282,8630.70745343492,-0.5719421285064641
"osm_way_50654560_0_3","osm:way/50654560","building",0,3,-28262.306328349685,8862.796740166425,-0.6868832024110816
"osm_way_50654560_0_4","osm:way/50654560","building",0,4,-28110.543207056297,10583.70832735451,-0.7064740424070237
"osm_way_50654561_0_0","osm:way/50654561","building",0,0,-31118.65858145396,7055.110167413646,-0.7970362784313068
"osm_way_50654561_0_1","osm:way/50654561","building",0,1,-27862.74244212463,6787.505853498833,-0.6438187893728298
"osm_way_50654561_0_2","osm:way/50654561","building",0,2,-27669.498590784962,6770.849083625303,-0.635242274343284
"osm_way_50654561_0_3","osm:way/50654561","building",0,3,-27797.723106541667,5233.249877566337,-0.6263107339510299
"osm_way_50654561_0_4","osm:way/50654561","building",0,4,-27989.34263482704,5249.906678119671,-0.6348148322384617
"osm_way_50654561_0_5","osm:way/50654561","building",0,5,-31246.063393546916,5517.5103539918555,-0.7880703774397091
"osm_way_50654561_0_6","osm:way/50654561","building",0,6,-31118.65858145396,7055.110167413646,-0.7970362784313068
"osm_way_50654562_0_0","osm:way/50654562","building",0,0,-32983.057118104785,10544.60482483668,-0.9388171959081149
"osm_way_50654562_0_1","osm:way/50654562","building",0,1,-31709.101341228852,10431.345751444334,-0.8724453884866534
"osm_way_50654562_0_2","osm:way/50654562","building",0,2,-32024.784864702757,6929.5274771040295,-0.8404391707358627
"osm_way_50654562_0_3","osm:way/50654562","building",0,3,-31163.306352123233,6852.91007149801,-0.7970037608579617
"osm_way_50654562_0_4","osm:way/50654562","building",0,4,-31220.925251899534,6216.316862937562,-0.7932820403855345
"osm_way_50654562_0_5","osm:way/50654562","building",0,5,-33355.539144680704,6407.303594715834,-0.9030668842427758
"osm_way_50654562_0_6","osm:way/50654562","building",0,6,-32983.057118104785,10544.60482483668,-0.9388171959081149
"osm_way_50654563_0_0","osm:way/50654563","building",0,0,-32189.38967050138,19406.91556883432,-1.106832970995697
"osm_way_50654563_0_1","osm:way/50654563","building",0,1,-30908.921655486516,19292.544339533204,-1.0401182735805037
"osm_way_50654563_0_2","osm:way/50654563","building",0,2,-31700.984378959907,10485.784063446008,-0.8729369510533047
"osm_way_50654563_0_3","osm:way/50654563","building",0,3,-32982.247866399084,10600.153775109904,-0.9396981042925745
"osm_way_50654563_0_4","osm:way/50654563","building",0,4,-32189.38967050138,19406.91556883432,-1.106832970995697
"osm_way_50654564_0_0","osm:way/50654564","building",0,0,-40315.70826167345,-4384.007189581479,-1.2872542222950756
"osm_way_50654564_0_1","osm:way/50654564","building",0,1,-39469.67015000086,-4456.171069810744,-1.2349225301395705
"osm_way_50654564_0_2","osm:way/50654564","building",0,2,-38829.05198314237,-4513.90500353587,-1.1960694430772634
"osm_way_50654564_0_3","osm:way/50654564","building",0,3,-38643.92041240669,-4706.093717165793,-1.1862354728634728
"osm_way_50654564_0_4","osm:way/50654564","building",0,4,-38445.80665298444,-4746.077692972144,-1.174578659181691
"osm_way_50654564_0_5","osm:way/50654564","building",0,5,-38522.078039449676,-5631.531879619742,-1.1863912777755559
"osm_way_50654564_0_6","osm:way/50654564","building",0,6,-38847.6549662829,-5762.645897970032,-1.2072805805356523
"osm_way_50654564_0_7","osm:way/50654564","building",0,7,-39128.43435319008,-8343.46515044643,-1.2530129974443582
"osm_way_50654564_0_8","osm:way/50654564","building",0,8,-40680.036887465634,-8208.016981350504,-1.3481739641690638
"osm_way_50654564_0_9","osm:way/50654564","building",0,9,-40315.70826167345,-4384.007189581479,-1.2872542222950756
"osm_way_50654565_0_0","osm:way/50654565","building",0,0,-40481.40515182595,-3334.1423928752633,-1.2913680914369507
"osm_way_50654565_0_1","osm:way/50654565","building",0,1,-40367.812354705595,-2023.1810530623711,-1.278663249353329
"osm_way_50654565_0_2","osm:way/50654565","building",0,2,-39083.323899365925,-2134.2037247858025,-1.1991485752849584
"osm_way_50654565_0_3","osm:way/50654565","building",0,3,-39063.8503640046,-1909.7849587160304,-1.197244608159842
"osm_way_50654565_0_4","osm:way/50654565","building",0,4,-38181.27201154459,-1985.2812753824614,-1.1441154214358207
"osm_way_50654565_0_5","osm:way/50654565","building",0,5,-38375.19762292425,-4231.690658870182,-1.1667055967460982
"osm_way_50654565_0_6","osm:way/50654565","building",0,6,-39442.08283791112,-4139.540598984368,-1.231080690360642
"osm_way_50654565_0_7","osm:way/50654565","building",0,7,-39469.67015000086,-4456.171069810744,-1.2349225301395705
"osm_way_50654565_0_8","osm:way/50654565","building",0,8,-40315.70826167345,-4384.007189581479,-1.2872542222950756
"osm_way_50654565_0_9","osm:way/50654565","building",0,9,-40226.456561108236,-3356.346805875938,-1.2753797307826886
"osm_way_50654565_0_10","osm:way/50654565","building",0,10,-40481.40515182595,-3334.1423928752633,-1.2913680914369507
"osm_way_50654566_0_0","osm:way/50654566","building",0,0,-45771.38038061665,6.233674753075894,-1.6397601463680542
"osm_way_50654566_0_1","osm:way/50654566","building",0,1,-41562.26908497146,-397.8916975697541,-1.3521682933934631
"osm_way_50654566_0_2","osm:way/50654566","building",0,2,-40451.53222152507,-504.4785249106717,-1.2809437422626857
"osm_way_50654566_0_3","osm:way/50654566","building",0,3,-40712.81400291626,-3206.3937095860383,-1.3054178230474278
"osm_way_50654566_0_4","osm:way/50654566","building",0,4,-46527.11277119918,-2647.2728116429316,-1.6998602010442454
"osm_way_50654566_0_5","osm:way/50654566","building",0,5,-46527.299626187036,78.81014213315896,-1.694373994948628
"osm_way_50654566_0_6","osm:way/50654566","building",0,6,-45771.38038061665,6.233674753075894,-1.6397601463680542
"osm_way_50655433_0_0","osm:way/50655433","building",0,0,-30251.23234906605,37494.83598346482,-1.8205670979824617
"osm_way_50655433_0_1","osm:way/50655433","building",0,1,-28744.186101559102,37350.47436229619,-1.742491617989117
"osm_way_50655433_0_2","osm:way/50655433","building",0,2,-28925.178473430366,35478.46914080138,-1.643569991213667
"osm_way_50655433_0_3","osm:way/50655433","building",0,3,-29214.926012414686,32469.928829403143,-1.4961806416152967
"osm_way_50655433_0_4","osm:way/50655433","building",0,4,-30721.961525583174,32614.289416721716,-1.5742592444553338
"osm_way_50655433_0_5","osm:way/50655433","building",0,5,-30251.23234906605,37494.83598346482,-1.8205670979824617
"osm_way_50655434_0_0","osm:way/50655434","building",0,0,-40215.796123159926,35983.38904349469,-2.282918793554245
"osm_way_50655434_0_1","osm:way/50655434","building",0,1,-34464.50617666469,35424.883576892535,-1.9154180442853885
"osm_way_50655434_0_2","osm:way/50655434","building",0,2,-34608.15142980534,33948.386778219334,-1.8427264676262212
"osm_way_50655434_0_3","osm:way/50655434","building",0,3,-40360.24096538129,34506.89099296288,-2.2102752760076783
"osm_way_50655434_0_4","osm:way/50655434","building",0,4,-40215.796123159926,35983.38904349469,-2.282918793554245
"osm_way_50655435_0_0","osm:way/50655435","building",0,0,-44120.43819387639,33295.69120283162,-2.394402738593726
"osm_way_50655435_0_1","osm:way/50655435","building",0,1,-44038.47715406075,34046.717527374145,-2.4284742285260563
"osm_way_50655435_0_2","osm:way/50655435","building",0,2,-43573.21007623922,33995.6425723071,-2.393839633802486
"osm_way_50655435_0_3","osm:way/50655435","building",0,3,-43167.829014321236,37691.891532814414,-2.574453293919987
"osm_way_50655435_0_4","osm:way/50655435","building",0,4,-41765.36326152584,37691.979267705225,-2.481227139776365
"osm_way_50655435_0_5","osm:way/50655435","building",0,5,-42269.9282522631,33094.721967265934,-2.2587958209726366
"osm_way_50655435_0_6","osm:way/50655435","building",0,6,-44120.43819387639,33295.69120283162,-2.394402738593726
"osm_way_50655436_0_0","osm:way/50655436","building",0,0,-46529.648997680255,34355.548822240096,-2.621659742379734
"osm_way_50655436_0_1","osm:way/50655436","building",0,1,-44051.472778340336,34107.82046360361,-2.432641473876629
"osm_way_50655436_0_2","osm:way/50655436","building",0,2,-44194.28861297431,32687.981527790977,-2.3680101420012534
"osm_way_50655436_0_3","osm:way/50655436","building",0,3,-46529.55067483748,32921.00372830145,-2.5458437587417393
"osm_way_50655436_0_4","osm:way/50655436","building",0,4,-46529.648997680255,34355.548822240096,-2.621659742379734
"osm_way_50655492_0_0","osm:way/50655492","building",0,0,-44570.47399919714,37691.800888593716,-2.670770870793149
"osm_way_50655492_0_1","osm:way/50655492","building",0,1,-44632.19829265307,36551.93365785954,-2.608605795779795
"osm_way_50655492_0_2","osm:way/50655492","building",0,2,-46529.806526344444,36653.92229753707,-2.7498685581093696
"osm_way_50655492_0_3","osm:way/50655492","building",0,3,-46529.87765248328,37691.66941257763,-2.8104758756001047
"osm_way_50655492_0_4","osm:way/50655492","building",0,4,-44570.47399919714,37691.800888593716,-2.670770870793149
"osm_way_50655493_0_0","osm:way/50655493","building",0,0,-24414.97118386305,22464.65126708553,-0.8629640833021313
"osm_way_50655493_0_1","osm:way/50655493","building",0,1,-24307.849505885995,24075.573205932906,-0.9177693007316634
"osm_way_50655493_0_2","osm:way/50655493","building",0,2,-22780.53663777594,23975.638160276263,-0.8577068782145147
"osm_way_50655493_0_3","osm:way/50655493","building",0,3,-23148.979432602362,18401.84890554395,-0.6854164241346439
"osm_way_50655493_0_4","osm:way/50655493","building",0,4,-23371.45696802809,18416.283997215272,-0.693934439631505
"osm_way_50655493_0_5","osm:way/50655493","building",0,5,-24677.903775301995,18502.894049993636,-0.7455790582540089
"osm_way_50655493_0_6","osm:way/50655493","building",0,6,-24414.97118386305,22464.65126708553,-0.8629640833021313
"osm_way_50655494_0_0","osm:way/50655494","building",0,0,-29673.31593214734,23845.38742867631,-1.135799890579392
"osm_way_50655494_0_1","osm:way/50655494","building",0,1,-29622.188947636907,24461.98244100834,-1.156823687007602
"osm_way_50655494_0_2","osm:way/50655494","building",0,2,-24307.849505885995,24075.573205932906,-0.9177693007316634
"osm_way_50655494_0_3","osm:way/50655494","building",0,3,-24414.97118386305,22464.65126708553,-0.8629640833021313
"osm_way_50655494_0_4","osm:way/50655494","building",0,4,-29751.223525189645,22905.496635022384,-1.1049083221735145
"osm_way_50655494_0_5","osm:way/50655494","building",0,5,-29673.31593214734,23845.38742867631,-1.135799890579392
"osm_way_50655495_0_0","osm:way/50655495","building",0,0,-37519.890598269376,18966.694554502665,-1.3844015416040634
"osm_way_50655495_0_1","osm:way/50655495","building",0,1,-36135.491508418054,18851.22794179665,-1.3011614947743055
"osm_way_50655495_0_2","osm:way/50655495","building",0,2,-36548.51479587696,13936.238635366073,-1.198076081311683
"osm_way_50655495_0_3","osm:way/50655495","building",0,3,-37932.90393277563,14051.704414679005,-1.2813190563107923
"osm_way_50655495_0_4","osm:way/50655495","building",0,4,-37519.890598269376,18966.694554502665,-1.3844015416040634
"osm_way_50655496_0_0","osm:way/50655496","building",0,0,-29038.733267888485,32615.474485467996,-1.495588103560408
"osm_way_50655496_0_1","osm:way/50655496","building",0,1,-25872.822647021178,32292.307982374892,-1.3430439063427002
"osm_way_50655496_0_2","osm:way/50655496","building",0,2,-26035.969015349998,30703.603417256316,-1.2710588095785624
"osm_way_50655496_0_3","osm:way/50655496","building",0,3,-29201.872257280247,31025.658189825706,-1.4235504917820663
"osm_way_50655496_0_4","osm:way/50655496","building",0,4,-29038.733267888485,32615.474485467996,-1.495588103560408
"osm_way_50655497_0_0","osm:way/50655497","building",0,0,-26227.68179135545,32948.88226303693,-1.3911617338322912
"osm_way_50655497_0_1","osm:way/50655497","building",0,1,-26099.388893449,32936.66645162937,-1.3852752459087014
"osm_way_50655497_0_2","osm:way/50655497","building",0,2,-25994.687628180942,34080.977619269346,-1.4412447934404327
"osm_way_50655497_0_3","osm:way/50655497","building",0,3,-26122.168718870034,34092.08250375005,-1.4470395527524715
"osm_way_50655497_0_4","osm:way/50655497","building",0,4,-25791.90028929159,37692.77409707686,-1.6366499728974304
"osm_way_50655497_0_5","osm:way/50655497","building",0,5,-24105.375420548284,37692.83608003089,-1.5707875506336677
"osm_way_50655497_0_6","osm:way/50655497","building",0,6,-24249.010506202223,36241.89401681003,-1.4919600356279261
"osm_way_50655497_0_7","osm:way/50655497","building",0,7,-23973.74789326308,36215.240327263506,-1.480053550577054
"osm_way_50655497_0_8","osm:way/50655497","building",0,8,-24196.150823158176,33972.16828315154,-1.3647743606355789
"osm_way_50655497_0_9","osm:way/50655497","building",0,9,-24471.412575494396,33999.93286107594,-1.3767420562231791
"osm_way_50655497_0_10","osm:way/50655497","building",0,10,-24641.865505220067,32275.68911501478,-1.2935318742364643
"osm_way_50655497_0_11","osm:way/50655497","building",0,11,-26275.568032345785,32421.165941858,-1.3660324995896644
"osm_way_50655497_0_12","osm:way/50655497","building",0,12,-26227.68179135545,32948.88226303693,-1.3911617338322912
"osm_way_50655498_0_0","osm:way/50655498","building",0,0,-31815.318038107962,24580.75783920825,-1.2668598734364878
"osm_way_50655498_0_1","osm:way/50655498","building",0,1,-29925.05223902191,24450.859377494,-1.1705121071784674
"osm_way_50655498_0_2","osm:way/50655498","building",0,2,-29622.188947636907,24461.98244100834,-1.156823687007602
"osm_way_50655498_0_3","osm:way/50655498","building",0,3,-29673.31593214734,23845.38742867631,-1.135799890579392
"osm_way_50655498_0_4","osm:way/50655498","building",0,4,-29929.897102486142,23839.82127427777,-1.147561233757699
"osm_way_50655498_0_5","osm:way/50655498","building",0,5,-30392.72049292494,23895.34960963077,-1.1714950893292553
"osm_way_50655498_0_6","osm:way/50655498","building",0,6,-30622.36229708942,20686.834785166477,-1.070103089790564
"osm_way_50655498_0_7","osm:way/50655498","building",0,7,-32086.33597563318,20790.088123117315,-1.1453213808664486
"osm_way_50655498_0_8","osm:way/50655498","building",0,8,-31815.318038107962,24580.75783920825,-1.2668598734364878
"osm_way_50655499_0_0","osm:way/50655499","building",0,0,-45026.91971490475,25792.087030442315,-2.1093878468406047
"osm_way_50655499_0_1","osm:way/50655499","building",0,1,-35596.66890031488,24938.304989021442,-1.4802828078458674
"osm_way_50655499_0_2","osm:way/50655499","building",0,2,-35714.336374432474,23648.453375060803,-1.4376238351417214
"osm_way_50655499_0_3","osm:way/50655499","building",0,3,-37096.30982294645,23773.919772706424,-1.5210539892891006
"osm_way_50655499_0_4","osm:way/50655499","building",0,4,-37088.194710991185,23857.24356527237,-1.5237002559388202
"osm_way_50655499_0_5","osm:way/50655499","building",0,5,-38216.83398706682,23960.501915602585,-1.594101774180956
"osm_way_50655499_0_6","osm:way/50655499","building",0,6,-38236.30948479518,23752.747935399664,-1.5874807174569128
"osm_way_50655499_0_7","osm:way/50655499","building",0,7,-45155.11679140304,24378.914542377435,-2.0627450624076005
"osm_way_50655499_0_8","osm:way/50655499","building",0,8,-45026.91971490475,25792.087030442315,-2.1093878468406047
"osm_way_50655500_0_0","osm:way/50655500","building",0,0,-30843.757468813128,32600.952159726574,-1.5794451341264448
"osm_way_50655500_0_1","osm:way/50655500","building",0,1,-29249.028033649363,32446.596826414872,-1.4965514323279194
"osm_way_50655500_0_2","osm:way/50655500","building",0,2,-29505.497971667934,29806.902336537394,-1.3792655193213932
"osm_way_50655500_0_3","osm:way/50655500","building",0,3,-25959.595981464292,29463.755032400968,-1.2093543081419966
"osm_way_50655500_0_4","osm:way/50655500","building",0,4,-26110.563434441177,27915.046048720877,-1.1457056269506438
"osm_way_50655500_0_5","osm:way/50655500","building",0,5,-31251.989072813365,28412.546921943056,-1.3985540265451846
"osm_way_50655500_0_6","osm:way/50655500","building",0,6,-30843.757468813128,32600.952159726574,-1.5794451341264448
"osm_way_50655501_0_0","osm:way/50655501","building",0,0,-44623.68500590969,30565.985742509416,-2.292428216406961
"osm_way_50655501_0_1","osm:way/50655501","building",0,1,-39781.04416508939,30145.22619108033,-1.9524428629665636
"osm_way_50655501_0_2","osm:way/50655501","building",0,2,-39906.815631855905,28707.613420792695,-1.8938287632096262
"osm_way_50655501_0_3","osm:way/50655501","building",0,3,-44749.446368806544,29129.483062347877,-2.233867277860213
"osm_way_50655501_0_4","osm:way/50655501","building",0,4,-44623.68500590969,30565.985742509416,-2.292428216406961
"osm_way_50655502_0_0","osm:way/50655502","building",0,0,-38816.41710161548,30111.95269871448,-1.8915261937564765
"osm_way_50655502_0_1","osm:way/50655502","building",0,1,-36469.80096439336,29902.10800601177,-1.7433569871457166
"osm_way_50655502_0_2","osm:way/50655502","building",0,2,-36244.20601562236,32407.375158344017,-1.853134609763174
"osm_way_50655502_0_3","osm:way/50655502","building",0,3,-34765.58959334996,32275.246131558582,-1.7642413444235672
"osm_way_50655502_0_4","osm:way/50655502","building",0,4,-35121.03146949457,28334.589319587132,-1.5960750362495446
"osm_way_50655502_0_5","osm:way/50655502","building",0,5,-38945.43862149507,28676.561875655898,-1.8330956695479017
"osm_way_50655502_0_6","osm:way/50655502","building",0,6,-38816.41710161548,30111.95269871448,-1.8915261937564765
"osm_way_50655504_0_0","osm:way/50655504","building",0,0,-38156.9325137128,12789.620656939485,-1.268051738001219
"osm_way_50655504_0_1","osm:way/50655504","building",0,1,-36519.213543998136,12618.620099305976,-1.1689164523325246
"osm_way_50655504_0_2","osm:way/50655504","building",0,2,-36863.30403258837,9347.881640638336,-1.1322446960534194
"osm_way_50655504_0_3","osm:way/50655504","building",0,3,-38501.01519823225,9518.881377133728,-1.2313829336441984
"osm_way_50655504_0_4","osm:way/50655504","building",0,4,-38156.9325137128,12789.620656939485,-1.268051738001219
"osm_way_50655505_0_0","osm:way/50655505","building",0,0,-40684.97247508353,19954.17173429733,-1.6083272301059992
"osm_way_50655505_0_1","osm:way/50655505","building",0,1,-39385.82533034001,19813.154141713858,-1.522503404389397
"osm_way_50655505_0_2","osm:way/50655505","building",0,2,-39812.68795209782,15904.708310841772,-1.4393080308167328
"osm_way_50655505_0_3","osm:way/50655505","building",0,3,-41111.827638552284,16044.61411687533,-1.5251055805421743
"osm_way_50655505_0_4","osm:way/50655505","building",0,4,-40684.97247508353,19954.17173429733,-1.6083272301059992
"osm_way_50655506_0_0","osm:way/50655506","building",0,0,-45110.17053047143,20043.881310135584,-1.9083039502532984
"osm_way_50655506_0_1","osm:way/50655506","building",0,1,-40813.25182697038,19777.518522513434,-1.6109966981261437
"osm_way_50655506_0_2","osm:way/50655506","building",0,2,-40898.42553771491,18412.12134712613,-1.575485245479058
"osm_way_50655506_0_3","osm:way/50655506","building",0,3,-45195.335558158426,18677.372623129922,-1.8727608169513132
"osm_way_50655506_0_4","osm:way/50655506","building",0,4,-45110.17053047143,20043.881310135584,-1.9083039502532984
"osm_way_50655507_0_0","osm:way/50655507","building",0,0,-45396.330611371865,13128.023463920536,-1.7483735900000852
"osm_way_50655507_0_1","osm:way/50655507","building",0,1,-43778.099467693246,13012.588025120562,-1.633056765108165
"osm_way_50655507_0_2","osm:way/50655507","building",0,2,-43873.01208412931,11682.741004038458,-1.613771780021267
"osm_way_50655507_0_3","osm:way/50655507","building",0,3,-46528.107951976024,11871.858716047145,-1.8051361268042854
"osm_way_50655507_0_4","osm:way/50655507","building",0,4,-46528.19701146296,13171.203812616806,-1.8307021762126396
"osm_way_50655507_0_5","osm:way/50655507","building",0,5,-46343.88260813719,13157.955845032526,-1.8170302504401548
"osm_way_50655507_0_6","osm:way/50655507","building",0,6,-46219.771238718815,14884.424368909455,-1.84606764954367
"osm_way_50655507_0_7","osm:way/50655507","building",0,7,-46528.31594557368,14906.41349796461,-1.8689804478626115
"osm_way_50655507_0_8","osm:way/50655507","building",0,8,-46528.41016368322,16281.028147299388,-1.9026618978458032
"osm_way_50655507_0_9","osm:way/50655507","building",0,9,-40951.86235742256,15883.531957827552,-1.510791026618108
"osm_way_50655507_0_10","osm:way/50655507","building",0,10,-41052.46077123831,14490.359294292648,-1.4840088581962618
"osm_way_50655507_0_11","osm:way/50655507","building",0,11,-45276.27239253819,14791.165790514924,-1.776326521729743
"osm_way_50655507_0_12","osm:way/50655507","building",0,12,-45396.330611371865,13128.023463920536,-1.7483735900000852
"osm_way_50655508_0_0","osm:way/50655508","building",0,0,-42378.7945859749,8064.379827737568,-1.4567737905345268
"osm_way_50655508_0_1","osm:way/50655508","building",0,1,-41052.87698819301,7946.697615009012,-1.3687093214308277
"osm_way_50655508_0_2","osm:way/50655508","building",0,2,-41025.28930519361,8253.329283793992,-1.3708389663435128
"osm_way_50655508_0_3","osm:way/50655508","building",0,3,-37031.29841772321,7898.0458742456985,-1.1223207609049268
"osm_way_50655508_0_4","osm:way/50655508","building",0,4,-37187.096709944286,6152.690474744144,-1.1121080842588782
"osm_way_50655508_0_5","osm:way/50655508","building",0,5,-39069.19560212472,6319.231503148484,-1.22607341578167
"osm_way_50655508_0_6","osm:way/50655508","building",0,6,-39076.498315355886,6235.90771056778,-1.2256982120941728
"osm_way_50655508_0_7","osm:way/50655508","building",0,7,-41905.331798560364,6487.9310436742035,-1.407520024704212
"osm_way_50655508_0_8","osm:way/50655508","building",0,8,-41898.029429871465,6571.254866276769,-1.4078959418540649
"osm_way_50655508_0_9","osm:way/50655508","building",0,9,-42507.8040961941,6624.543913375392,-1.448732294724664
"osm_way_50655508_0_10","osm:way/50655508","building",0,10,-42378.7945859749,8064.379827737568,-1.4567737905345268
"osm_way_50655509_0_0","osm:way/50655509","building",0,0,-46528.03846239426,10858.032930207995,-1.7870301000684208
"osm_way_50655509_0_1","osm:way/50655509","building",0,1,-43967.13022339888,10628.416592362393,-1.6017653122091247
"osm_way_50655509_0_2","osm:way/50655509","building",0,2,-44195.934750245,8085.372536728848,-1.5801723978164262
"osm_way_50655509_0_3","osm:way/50655509","building",0,3,-42425.06706032387,7927.7266105725685,-1.4581284072782807
"osm_way_50655509_0_4","osm:way/50655509","building",0,4,-42541.094644205055,6636.762588991888,-1.4510756256349566
"osm_way_50655509_0_5","osm:way/50655509","building",0,5,-46527.77356068786,6993.237267790129,-1.7328183018342713
"osm_way_50655509_0_6","osm:way/50655509","building",0,6,-46528.03846239426,10858.032930207995,-1.7870301000684208
"osm_way_50655510_0_0","osm:way/50655510","building",0,0,-25290.47044493641,27863.97211339848,-1.110474367868619
"osm_way_50655510_0_1","osm:way/50655510","building",0,1,-25144.370790373192,29353.79890737146,-1.1716660961781145
"osm_way_50655510_0_2","osm:way/50655510","building",0,2,-23778.6273784128,29220.530774853178,-1.113237836574399
"osm_way_50655510_0_3","osm:way/50655510","building",0,3,-23433.66064112762,32747.89747700492,-1.272187289535509
"osm_way_50655510_0_4","osm:way/50655510","building",0,4,-21886.83933002877,32597.9671045178,-1.2096227299139173
"osm_way_50655510_0_5","osm:way/50655510","building",0,5,-22377.920013674167,27580.775006102653,-0.9894741960664533
"osm_way_50655510_0_6","osm:way/50655510","building",0,6,-25290.47044493641,27863.97211339848,-1.110474367868619
"osm_way_74461754_0_0","osm:way/74461754","road",0,0,22968.801448826598,20681.582008564732,-0.7488997252707463
"osm_way_74461754_0_1","osm:way/74461754","road",0,1,23150.74611332829,22588.01411869568,-0.8202632018665668
"osm_way_74461754_0_2","osm:way/74461754","road",0,2,23718.517160104544,28527.282669866334,-1.079557030428191
"osm_way_74461754_0_3","osm:way/74461754","road",0,3,23759.13081288323,28957.229696768598,-1.1004800115813396
"osm_way_74461754_0_4","osm:way/74461754","road",0,4,24158.770233915653,33141.15820894856,-1.319551361837057
"osm_way_74461754_0_5","osm:way/74461754","road",0,5,24290.359781023453,34515.43306418592,-1.3975752798273788
"osm_way_74461754_0_6","osm:way/74461754","road",0,6,24593.594154578914,37692.81856795612,-1.5893956934831976
"osm_way_101148010_0_0","osm:way/101148010","building",0,0,-15783.760047714037,21400.589886855516,-0.5547341799285732
"osm_way_101148010_0_1","osm:way/101148010","building",0,1,-15597.047758944183,23112.611321392757,-0.6100087032905321
"osm_way_101148010_0_2","osm:way/101148010","building",0,2,-12671.530830452804,22857.147295430543,-0.5360551806674607
"osm_way_101148010_0_3","osm:way/101148010","building",0,3,-12858.250532106154,21150.68154881011,-0.4807973854653369
"osm_way_101148010_0_4","osm:way/101148010","building",0,4,-15783.760047714037,21400.589886855516,-0.5547341799285732
"osm_way_105132875_0_0","osm:way/105132875","building",0,0,-2120.0538136394734,26813.45479750879,-0.5682564122480471
"osm_way_105132875_0_1","osm:way/105132875","building",0,1,4211.684946528398,26212.405978110644,-0.5535874591458878
"osm_way_105132875_0_2","osm:way/105132875","building",0,2,4046.84492568446,24493.724078481348,-0.48406822466375843
"osm_way_105132875_0_3","osm:way/105132875","building",0,3,2490.30419114411,24641.49164363756,-0.4818072021578246
"osm_way_105132875_0_4","osm:way/105132875","building",0,4,-2284.065982095705,25094.77137971034,-0.49874492567312245
"osm_way_105132875_0_5","osm:way/105132875","building",0,5,-2120.0538136394734,26813.45479750879,-0.5682564122480471
"osm_way_112792218_0_0","osm:way/112792218","building",0,0,50340.907341086306,-11751.575404817882,-2.091985956663933
"osm_way_112792218_0_1","osm:way/112792218","building",0,1,49707.611643125645,-11683.759037957247,-2.041145884940221
"osm_way_112792218_0_2","osm:way/112792218","building",0,2,49857.10978507914,-10266.161308553616,-2.028354556470191
"osm_way_112792218_0_3","osm:way/112792218","building",0,3,50488.78244368476,-10340.643564144704,-2.079171961545967
"osm_way_112792218_0_4","osm:way/112792218","building",0,4,51808.15104804042,-10478.504326746846,-2.1870645115633636
"osm_way_112792218_0_5","osm:way/112792218","building",0,5,51720.399187216324,-11317.286477009424,-2.194314212088244
"osm_way_112792218_0_6","osm:way/112792218","building",0,6,51617.37212034791,-12302.716665893471,-2.204264158495306
"osm_way_112792218_0_7","osm:way/112792218","building",0,7,50283.08482236446,-12302.616513765746,-2.0978435815642626
"osm_way_112792218_0_8","osm:way/112792218","building",0,8,50340.907341086306,-11751.575404817882,-2.091985956663933
"osm_way_112794442_0_0","osm:way/112794442","building",0,0,42481.793785903785,-6797.184608013248,-1.4488220441101873
"osm_way_112794442_0_1","osm:way/112794442","building",0,1,42549.24392422107,-5840.636329133026,-1.443815466738485
"osm_way_112794442_0_2","osm:way/112794442","building",0,2,42577.68680537079,-5437.352915084822,-1.4421381571946057
"osm_way_112794442_0_3","osm:way/112794442","building",0,3,46730.696272750625,-5728.702486297842,-1.7349937239810487
"osm_way_112794442_0_4","osm:way/112794442","building",0,4,46635.606980342876,-7087.422676096534,-1.7417229318418492
"osm_way_112794442_0_5","osm:way/112794442","building",0,5,45438.01654016479,-7004.018064145256,-1.6544949029764666
"osm_way_112794442_0_6","osm:way/112794442","building",0,6,42868.27071113588,-6823.872389914444,-1.4749254637777653
"osm_way_112794442_0_7","osm:way/112794442","building",0,7,42481.793785903785,-6797.184608013248,-1.4488220441101873
"osm_way_112794443_0_0","osm:way/112794443","building",0,0,38798.13860010636,-5562.666934979138,-1.2024922637742463
"osm_way_112794443_0_1","osm:way/112794443","building",0,1,42549.24392422107,-5840.636329133026,-1.443815466738485
"osm_way_112794443_0_2","osm:way/112794443","building",0,2,42481.793785903785,-6797.184608013248,-1.4488220441101873
"osm_way_112794443_0_3","osm:way/112794443","building",0,3,42868.27071113588,-6823.872389914444,-1.4749254637777653
"osm_way_112794443_0_4","osm:way/112794443","building",0,4,42814.647394369276,-7393.800992278764,-1.47769417497301
"osm_way_112794443_0_5","osm:way/112794443","building",0,5,42786.21096688742,-7693.7634047565725,-1.479343817559453
"osm_way_112794443_0_6","osm:way/112794443","building",0,6,42519.71989078516,-10542.295704250662,-1.5023537809256027
"osm_way_112794443_0_7","osm:way/112794443","building",0,7,40746.48294894662,-10407.758534884348,-1.3845744358640388
"osm_way_112794443_0_8","osm:way/112794443","building",0,8,39297.202305277926,-10296.575225789351,-1.2919691880171058
"osm_way_112794443_0_9","osm:way/112794443","building",0,9,37760.23282972833,-10192.055999266991,-1.1975885387698781
"osm_way_112794443_0_10","osm:way/112794443","building",0,10,37740.73129144644,-10467.57760437152,-1.2009075267215508
"osm_way_112794443_0_11","osm:way/112794443","building",0,11,36894.708402958364,-10404.205313216766,-1.1504465247661244
"osm_way_112794443_0_12","osm:way/112794443","building",0,12,36916.645498122736,-10126.461859396457,-1.1472349176507635
"osm_way_112794443_0_13","osm:way/112794443","building",0,13,36094.16837335147,-10055.314997291029,-1.0991063635223952
"osm_way_112794443_0_14","osm:way/112794443","building",0,14,35900.118951668264,-10038.640027910855,-1.0879086043317443
"osm_way_112794443_0_15","osm:way/112794443","building",0,15,36304.70949407974,-5338.111339663189,-1.0539994185208457
"osm_way_112794443_0_16","osm:way/112794443","building",0,16,38798.13860010636,-5562.666934979138,-1.2024922637742463
"osm_way_112794444_0_0","osm:way/112794444","building",0,0,42226.560231862,-11419.950497351923,-1.4980490023852155
"osm_way_112794444_0_1","osm:way/112794444","building",0,1,45137.296660168926,-11604.560259886503,-1.7004215805322076
"osm_way_112794444_0_2","osm:way/112794444","building",0,2,45438.01654016479,-7004.018064145256,-1.6544949029764666
"osm_way_112794444_0_3","osm:way/112794444","building",0,3,46635.606980342876,-7087.422676096534,-1.7417229318418492
"osm_way_112794444_0_4","osm:way/112794444","building",0,4,46966.06021282006,-7117.44188025304,-1.7662675575586206
"osm_way_112794444_0_5","osm:way/112794444","building",0,5,46667.76152078109,-11780.19837676626,-1.8136197890392225
"osm_way_112794444_0_6","osm:way/112794444","building",0,6,46332.43839503026,-11759.066812005134,-1.788820815851011
"osm_way_112794444_0_7","osm:way/112794444","building",0,7,46297.96167994319,-12302.33300373275,-1.7965888607484715
"osm_way_112794444_0_8","osm:way/112794444","building",0,8,42170.20908107635,-12302.0640141187,-1.5107633813890686
"osm_way_112794444_0_9","osm:way/112794444","building",0,9,42226.560231862,-11419.950497351923,-1.4980490023852155
"osm_way_112930308_0_0","osm:way/112930308","building",0,0,31847.47565447998,430.3125230926268,-0.7940025776377535
"osm_way_112930308_0_1","osm:way/112930308","building",0,1,33003.67072639086,320.2704315192718,-0.8526245850146275
"osm_way_112930308_0_2","osm:way/112930308","building",0,2,34872.74376809334,143.53141721299954,-0.9518575049519362
"osm_way_112930308_0_3","osm:way/112930308","building",0,3,34955.56105916522,135.7503086804578,-0.9563821319925392
"osm_way_112930308_0_4","osm:way/112930308","building",0,4,36408.9229484665,-2.0874116990883747,-1.0375474818799417
"osm_way_112930308_0_5","osm:way/112930308","building",0,5,38254.448083023744,-177.72349738130276,-1.1454221370739148
"osm_way_112930308_0_6","osm:way/112930308","building",0,6,40010.65972034192,-343.3605253646431,-1.2530714075804195
"osm_way_112930308_0_7","osm:way/112930308","building",0,7,41911.394461122676,-523.4537247712482,-1.3750691176971586
"osm_way_112930308_0_8","osm:way/112930308","building",0,8,43465.43309769212,-671.3115844607315,-1.4790550016163806
"osm_way_112930308_0_9","osm:way/112930308","building",0,9,44662.221042520796,-784.7090718275315,-1.5617354710291576
"osm_way_112930308_0_10","osm:way/112930308","building",0,10,45159.15467265,-361.459172933203,-1.5962900866045793
"osm_way_112930308_0_11","osm:way/112930308","building",0,11,46006.05455431766,361.7308994931754,-1.6567204882985243
"osm_way_112930308_0_12","osm:way/112930308","building",0,12,46494.058076892194,778.314548346841,-1.692424678072868
"osm_way_112930308_0_13","osm:way/112930308","building",0,13,46606.18383249756,1917.0597022700322,-1.7030060837056382
"osm_way_112930308_0_14","osm:way/112930308","building",0,14,46775.18476845735,3620.177901470677,-1.7227659523271655
"osm_way_112930308_0_15","osm:way/112930308","building",0,15,46948.24980768676,5374.400733981492,-1.7478553197843638
"osm_way_112930308_0_16","osm:way/112930308","building",0,16,47137.56608834956,7293.04713129802,-1.7808875838227323
"osm_way_112930308_0_17","osm:way/112930308","building",0,17,47306.569847807,8998.387009843707,-1.8152033198006734
"osm_way_112930308_0_18","osm:way/112930308","building",0,18,47402.44768201824,9970.486281874722,-1.8367947381278782
"osm_way_112930308_0_19","osm:way/112930308","building",0,19,48560.28244765356,9889.303030197416,-1.9224928074464742
"osm_way_112930308_0_20","osm:way/112930308","building",0,20,47662.43091649661,674.9125253576077,-1.7784108451429415
"osm_way_112930308_0_21","osm:way/112930308","building",0,21,47599.86652252081,31.660421233452862,-1.7733889743507731
"osm_way_112930308_0_22","osm:way/112930308","building",0,22,45116.82500330698,-2000.1495389684464,-1.5963390615226558
"osm_way_112930308_0_23","osm:way/112930308","building",0,23,44556.59287436713,-1947.8965473317019,-1.5568559805677396
"osm_way_112930308_0_24","osm:way/112930308","building",0,24,31732.936182935577,-770.6497726320072,-0.7886237215789293
"osm_way_112930308_0_25","osm:way/112930308","building",0,25,31847.47565447998,430.3125230926268,-0.7940025776377535
"osm_way_112931228_0_0","osm:way/112931228","building",0,0,53548.367034103874,3106.405385614705,-2.2518997627788195
"osm_way_112931228_0_1","osm:way/112931228","building",0,1,53134.752506535006,-1188.604572011746,-2.2108928126013616
"osm_way_112931228_0_2","osm:way/112931228","building",0,2,54964.84333920988,-1363.7499051784807,-2.3660861062605676
"osm_way_112931228_0_3","osm:way/112931228","building",0,3,54964.71399280749,-2961.1367558248057,-2.371501507463769
"osm_way_112931228_0_4","osm:way/112931228","building",0,4,51944.34001415207,-2671.668653066957,-2.117484442911177
"osm_way_112931228_0_5","osm:way/112931228","building",0,5,52073.5403446,-1332.9495284725251,-2.1237920815500466
"osm_way_112931228_0_6","osm:way/112931228","building",0,6,51327.376181999054,-1261.7900778100413,-2.0632591058042493
"osm_way_112931228_0_7","osm:way/112931228","building",0,7,51765.35603155737,3276.5233867014595,-2.1057819575112546
"osm_way_112931228_0_8","osm:way/112931228","building",0,8,53548.367034103874,3106.405385614705,-2.2518997627788195
"osm_way_112931229_0_0","osm:way/112931229","building",0,0,54965.176371680696,2749.1138315952335,-2.370590275689999
"osm_way_112931229_0_1","osm:way/112931229","building",0,1,54964.929285466045,-302.3392529573673,-2.3647044212924406
"osm_way_112931229_0_2","osm:way/112931229","building",0,2,53837.15587514257,-202.11108057952688,-2.2686247691114603
"osm_way_112931229_0_3","osm:way/112931229","building",0,3,54108.58439930457,2825.283436927254,-2.297795287717186
"osm_way_112931229_0_4","osm:way/112931229","building",0,4,54965.176371680696,2749.1138315952335,-2.370590275689999
"osm_way_112931261_0_0","osm:way/112931261","building",0,0,-19812.757344485828,-5252.995262673107,-0.3289179548438881
"osm_way_112931261_0_1","osm:way/112931261","building",0,1,-19380.92901286318,-1073.4818273441813,-0.29490136419552115
"osm_way_112931261_0_2","osm:way/112931261","building",0,2,-19286.770113891744,-166.92075814996335,-0.29116825779442745
"osm_way_112931261_0_3","osm:way/112931261","building",0,3,-18086.722784240676,-290.20632530902145,-0.25610873097621223
"osm_way_112931261_0_4","osm:way/112931261","building",0,4,-15401.638770931035,-565.6627379279267,-0.18591460705481566
"osm_way_112931261_0_5","osm:way/112931261","building",0,5,-12788.007516308633,-834.4652446874948,-0.1285434231624194
"osm_way_112931261_0_6","osm:way/112931261","building",0,6,-9657.985870909666,-1155.486258289578,-0.07405590528986039
"osm_way_112931261_0_7","osm:way/112931261","building",0,7,-10290.391749198274,-7272.543054057408,-0.12442586028882374
"osm_way_112931261_0_8","osm:way/112931261","building",0,8,-10425.151944130468,-8579.055877789808,-0.14287856736103777
"osm_way_112931261_0_9","osm:way/112931261","building",0,9,-13498.304643849455,-8263.592124061313,-0.1962491107811104
"osm_way_112931261_0_10","osm:way/112931261","building",0,10,-20054.64392993295,-7590.501167127099,-0.36004760345633713
"osm_way_112931261_0_11","osm:way/112931261","building",0,11,-19812.757344485828,-5252.995262673107,-0.3289179548438881
"osm_way_112931269_0_0","osm:way/112931269","road",0,0,-629.2420912715178,-10620.95472980712,-0.08891707070404209
"osm_way_112931269_0_1","osm:way/112931269","road",0,1,-4786.301705643423,-10311.008286593016,-0.10144146100401485
"osm_way_112931269_0_2","osm:way/112931269","road",0,2,-7047.516428208137,-10138.826316802615,-0.11961974021801325
"osm_way_112931269_0_3","osm:way/112931269","road",0,3,-7642.658543155953,-10097.726549077157,-0.12580932400041434
"osm_way_112931269_0_4","osm:way/112931269","road",0,4,-7765.259456543549,-10088.840112038135,-0.12714695515256835
"osm_way_112931269_0_5","osm:way/112931269","road",0,5,-8618.594341281627,-10029.968545438649,-0.13715946544294866
"osm_way_112931269_0_6","osm:way/112931269","road",0,6,-18161.990093789627,-9368.013573934406,-0.3271124450847651
"osm_way_112931269_0_7","osm:way/112931269","road",0,7,-20764.22095489165,-9186.998681578447,-0.4037572528432065
"osm_way_112931269_0_8","osm:way/112931269","road",0,8,-22454.665819198643,-8798.210000074614,-0.4554477852138916
"osm_way_122617617_0_0","osm:way/122617617","road",0,0,6158.484145834192,-7214.722107171136,-0.07057182619902846
"osm_way_122617617_0_1","osm:way/122617617","road",0,1,5940.866066567611,-9615.544819027082,-0.10024992454162884
"osm_way_122617617_0_2","osm:way/122617617","road",0,2,5737.053533074057,-11861.941780669065,-0.13628454558656244
"osm_way_122617617_0_3","osm:way/122617617","road",0,3,5697.315879948913,-12300.777999395472,-0.14425792718171238
"osm_way_122738812_0_0","osm:way/122738812","road",0,0,22968.801448826598,20681.582008564732,-0.7488997252707463
"osm_way_122738812_0_1","osm:way/122738812","road",0,1,23584.26714511483,20622.679068440368,-0.7694142504448109
"osm_way_122738812_0_2","osm:way/122738812","road",0,2,24199.732734670586,20563.775569899404,-0.7905273070505814
"osm_way_122738812_0_3","osm:way/122738812","road",0,3,29201.40167169866,20085.85827529986,-0.9843211309714661
"osm_way_122738812_0_4","osm:way/122738812","road",0,4,36040.522915509464,19431.163543051072,-1.3132354376892863
"osm_way_122738812_0_5","osm:way/122738812","road",0,5,36673.84996922637,19381.135609539953,-1.3477548641134263
"osm_way_122738812_0_6","osm:way/122738812","road",0,6,37197.561632530844,19321.114298087723,-1.3762105770197763
"osm_way_122738812_0_7","osm:way/122738812","road",0,7,37689.60684706179,19263.31629742943,-1.4032994438224478
"osm_way_122738812_0_8","osm:way/122738812","road",0,8,45421.8628985105,18534.041331007636,-1.8846379060548202
"osm_way_122738812_0_9","osm:way/122738812","road",0,9,49957.440326629585,18099.330258510698,-2.2107228352695074
"osm_way_122738812_0_10","osm:way/122738812","road",0,10,50342.306472191616,18062.63954833044,-2.2398942828061763
"osm_way_122738812_0_11","osm:way/122738812","road",0,11,51317.46287971398,17969.24436924023,-2.314842775504644
"osm_way_123433638_0_0","osm:way/123433638","building",0,0,40807.10393925977,25563.49235786198,-1.8166715389583032
"osm_way_123433638_0_1","osm:way/123433638","building",0,1,40701.47928538649,24416.969437142645,-1.7649213450923185
"osm_way_123433638_0_2","osm:way/123433638","building",0,2,40595.85498780176,23270.446479121863,-1.7152538058269329
"osm_way_123433638_0_3","osm:way/123433638","building",0,3,41107.39082788376,23227.087553062847,-1.746382233103816
"osm_way_123433638_0_4","osm:way/123433638","building",0,4,42852.29606679787,23081.44152672316,-1.8557504802373614
"osm_way_123433638_0_5","osm:way/123433638","building",0,5,44597.20055704797,22935.79101488038,-1.9699179969109082
"osm_way_123433638_0_6","osm:way/123433638","building",0,6,46271.46370094741,22795.695726503873,-2.083963179009629
"osm_way_123433638_0_7","osm:way/123433638","building",0,7,47945.72615385409,22655.59630823108,-2.2024270488046227
"osm_way_123433638_0_8","osm:way/123433638","building",0,8,48598.542180642355,22601.111963151885,-2.249819942048248
"osm_way_123433638_0_9","osm:way/123433638","building",0,9,48705.7993591528,23685.418804360517,-2.297411496232371
"osm_way_123433638_0_10","osm:way/123433638","building",0,10,48882.12380526853,25459.6379567132,-2.3793698469816604
"osm_way_123433638_0_11","osm:way/123433638","building",0,11,49004.00808898034,26692.814692419448,-2.439225470192241
"osm_way_123433638_0_12","osm:way/123433638","building",0,12,50323.45202487711,26596.06307987374,-2.5377533724537216
"osm_way_123433638_0_13","osm:way/123433638","building",0,13,49912.288422537036,22422.14917789626,-2.344785859943954
"osm_way_123433638_0_14","osm:way/123433638","building",0,14,49762.888283677465,22441.046772780548,-2.333796322737669
"osm_way_123433638_0_15","osm:way/123433638","building",0,15,49658.064284372595,21340.07522853191,-2.2877772720107714
"osm_way_123433638_0_16","osm:way/123433638","building",0,16,39303.957811605185,22241.756875293133,-1.5976872007229304
"osm_way_123433638_0_17","osm:way/123433638","building",0,17,39416.889525355975,23423.830924436377,-1.64704636730022
"osm_way_123433638_0_18","osm:way/123433638","building",0,18,39284.53958187325,23432.726420646857,-1.6392210799594409
"osm_way_123433638_0_19","osm:way/123433638","building",0,19,39507.14770845875,25656.89140715288,-1.7387120269489742
"osm_way_123433638_0_20","osm:way/123433638","building",0,20,40807.10393925977,25563.49235786198,-1.8166715389583032
"osm_way_154454118_0_0","osm:way/154454118","road",0,0,49121.903312131886,-4763.4310009940355,-1.9064346685922828
"osm_way_154454118_0_1","osm:way/154454118","road",0,1,49044.700230014,-5725.532799203852,-1.9084295910108295
"osm_way_154454118_0_2","osm:way/154454118","road",0,2,48519.17983285692,-12302.488139854699,-1.9614348403145243
"osm_way_166814183_0_0","osm:way/166814183","road",0,0,54541.0986687594,37691.07302582853,-3.4441900397894187
"osm_way_166814183_0_1","osm:way/166814183","road",0,1,54680.552813491486,37556.63349989112,-3.4481653575909377
"osm_way_166814184_0_0","osm:way/166814184","building",0,0,-11832.75957513403,22221.68301367953,-0.497466876166186
"osm_way_166814184_0_1","osm:way/166814184","building",0,1,-6994.257949235819,21756.250321423322,-0.4100896362032813
"osm_way_166814184_0_2","osm:way/166814184","building",0,2,-7117.663105590926,20480.846256350174,-0.36913870803090276
"osm_way_166814184_0_3","osm:way/166814184","building",0,3,-6924.415853919674,20463.072606250676,-0.3664430538336205
"osm_way_166814184_0_4","osm:way/166814184","building",0,4,-6969.880892302498,19989.795492059788,-0.35189896377687546
"osm_way_166814184_0_5","osm:way/166814184","building",0,5,-7163.939984207319,20008.680098835852,-0.35463910715662905
"osm_way_166814184_0_6","osm:way/166814184","building",0,6,-7448.0944380635465,17072.36197815767,-0.2723630192321025
"osm_way_166814184_0_7","osm:way/166814184","building",0,7,-8727.742467923154,17195.665301053545,-0.2918833792691089
"osm_way_166814184_0_8","osm:way/166814184","building",0,8,-8441.96978054308,20148.648642598248,-0.37466476557170836
"osm_way_166814184_0_9","osm:way/166814184","building",0,9,-7651.929809371751,20072.00052238506,-0.36229150152138345
"osm_way_166814184_0_10","osm:way/166814184","building",0,10,-7604.841427901723,20555.276502190907,-0.37715173603629637
"osm_way_166814184_0_11","osm:way/166814184","building",0,11,-8405.437470749675,20631.92454597692,-0.3896638295074695
"osm_way_166814184_0_12","osm:way/166814184","building",0,12,-11953.72030621852,20972.941594178043,-0.45735028724180893
"osm_way_166814184_0_13","osm:way/166814184","building",0,13,-11832.75957513403,22221.68301367953,-0.497466876166186
"osm_way_166814190_0_0","osm:way/166814190","building",0,0,-3100.8054745052837,3134.0629193905074,-0.015240916040326624
"osm_way_166814190_0_1","osm:way/166814190","building",0,1,-4364.999329903499,3224.0452134441307,-0.023077601849408325
"osm_way_166814190_0_2","osm:way/166814190","building",0,2,-4792.893863878052,3391.8000575128785,-0.027016517383415817
"osm_way_166814190_0_3","osm:way/166814190","building",0,3,-5124.980263653229,3670.653195497324,-0.031141177822746613
"osm_way_166814190_0_4","osm:way/166814190","building",0,4,-5383.993925626582,4180.590246601191,-0.03641650849353084
"osm_way_166814190_0_5","osm:way/166814190","building",0,5,-5473.312177412962,4741.633587052395,-0.04110766709928271
"osm_way_166814190_0_6","osm:way/166814190","building",0,6,-5366.9564918609585,5871.499379039276,-0.049624368665845964
"osm_way_166814190_0_7","osm:way/166814190","building",0,7,-2849.9259041455575,5617.1005816117,-0.031140725015532666
"osm_way_166814190_0_8","osm:way/166814190","building",0,8,-3100.8054745052837,3134.0629193905074,-0.015240916040326624
"osm_way_166814191_0_0","osm:way/166814191","building",0,0,-3743.9580427187507,20307.560671809624,-0.33490585816196017
"osm_way_166814191_0_1","osm:way/166814191","building",0,1,-3543.4120074601597,21964.029995631852,-0.3887632971540711
"osm_way_166814191_0_2","osm:way/166814191","building",0,2,1881.319666466349,21418.54642737661,-0.36311784541140923
"osm_way_166814191_0_3","osm:way/166814191","building",0,3,7288.179460982305,20875.241651564575,-0.3838731219232727
"osm_way_166814191_0_4","osm:way/166814191","building",0,4,7135.514590828405,19368.757036408377,-0.33452765749188984
"osm_way_166814191_0_5","osm:way/166814191","building",0,5,5769.797106525886,19506.53129833384,-0.32493976931391444
"osm_way_166814191_0_6","osm:way/166814191","building",0,6,5113.732857600408,19572.084263200457,-0.32136338450357016
"osm_way_166814191_0_7","osm:way/166814191","building",0,7,4163.738612962708,19667.634868125402,-0.3174101759711334
"osm_way_166814191_0_8","osm:way/166814191","building",0,8,3139.0436676864047,19770.961339452653,-0.3147539742073491
"osm_way_166814191_0_9","osm:way/166814191","building",0,9,1447.7279516859414,19940.946695917384,-0.31398463875405014
"osm_way_166814191_0_10","osm:way/166814191","building",0,10,375.93838921306747,20048.71300687628,-0.3158397724234874
"osm_way_166814191_0_11","osm:way/166814191","building",0,11,-1185.4647425779622,20206.47095901093,-0.32181746464345906
"osm_way_166814191_0_12","osm:way/166814191","building",0,12,-2073.751608930722,20295.34707042114,-0.3269108791727149
"osm_way_166814191_0_13","osm:way/166814191","building",0,13,-2089.1784097412014,20138.699118207533,-0.32198588891532154
"osm_way_166814191_0_14","osm:way/166814191","building",0,14,-2337.6388763140562,20159.806891001765,-0.32351506177690226
"osm_way_166814191_0_15","osm:way/166814191","building",0,15,-3743.9580427187507,20307.560671809624,-0.33490585816196017
"osm_way_166814192_0_0","osm:way/166814192","building",0,0,-13320.076527904132,11920.666470877808,-0.2504894419679715
"osm_way_166814192_0_1","osm:way/166814192","building",0,1,-13201.55587200124,13173.852178228035,-0.27273128035716354
"osm_way_166814192_0_2","osm:way/166814192","building",0,2,-9559.126572759274,12831.731965213778,-0.20085411070880355
"osm_way_166814192_0_3","osm:way/166814192","building",0,3,-9235.203745478915,16253.549148994387,-0.27426478809218224
"osm_way_166814192_0_4","osm:way/166814192","building",0,4,-7821.584333693278,16120.249534633322,-0.2520028561704635
"osm_way_166814192_0_5","osm:way/166814192","building",0,5,-8264.044143238461,11446.359162556531,-0.15636810037875648
"osm_way_166814192_0_6","osm:way/166814192","building",0,6,-13320.076527904132,11920.666470877808,-0.2504894419679715
"osm_way_166814202_0_0","osm:way/166814202","building",0,0,-16645.028802652138,12240.554803169563,-0.33454215355490646
"osm_way_166814202_0_1","osm:way/166814202","building",0,1,-18012.360794981112,12382.72510627083,-0.3743823977394811
"osm_way_166814202_0_2","osm:way/166814202","building",0,2,-17517.191059051656,17089.95246962079,-0.4695873100104109
"osm_way_166814202_0_3","osm:way/166814202","building",0,3,-16149.849662537716,16946.670201690325,-0.42972568451347115
"osm_way_166814202_0_4","osm:way/166814202","building",0,4,-16645.028802652138,12240.554803169563,-0.33454215355490646
"osm_way_166814203_0_0","osm:way/166814203","building",0,0,-10047.06637484374,9848.74843685722,-0.15519898795943732
"osm_way_166814203_0_1","osm:way/166814203","building",0,1,-8186.887363127797,9674.349837966984,-0.12597681590662546
"osm_way_166814203_0_2","osm:way/166814203","building",0,2,-8333.019298762585,8127.86633802227,-0.10624105842893528
"osm_way_166814203_0_3","osm:way/166814203","building",0,3,-8837.981181594027,2782.9433074392186,-0.06721957661586231
"osm_way_166814203_0_4","osm:way/166814203","building",0,4,-18548.012251403983,3694.860658335587,-0.27999294254392737
"osm_way_166814203_0_5","osm:way/166814203","building",0,5,-17875.91118203364,10805.139667338432,-0.3418155570649617
"osm_way_166814203_0_6","osm:way/166814203","building",0,6,-16457.429741856406,10672.969131937116,-0.3014675816686463
"osm_way_166814203_0_7","osm:way/166814203","building",0,7,-16948.53029467446,5480.244646149647,-0.24842182953968006
"osm_way_166814203_0_8","osm:way/166814203","building",0,8,-10517.108260830708,4877.1135346912515,-0.10525741680886824
"osm_way_166814203_0_9","osm:way/166814203","building",0,9,-10047.06637484374,9848.74843685722,-0.15519898795943732
"osm_way_208472459_0_0","osm:way/208472459","road",0,0,-46527.66440093566,5400.65341879844,-1.7173060307033694
"osm_way_208472459_0_1","osm:way/208472459","road",0,1,-45225.29725671961,5276.751620241422,-1.6227380520884793
"osm_way_208472459_0_2","osm:way/208472459","road",0,2,-36782.65847229895,4501.798737881603,-1.0748763623613655
"osm_way_208472459_0_3","osm:way/208472459","road",0,3,-36220.790935746976,4450.723948390698,-1.042412568007478
"osm_way_208472459_0_4","osm:way/208472459","road",0,4,-35263.50354514049,4330.788694246556,-0.9880247162396216
"osm_way_208481605_0_0","osm:way/208481605","road",0,0,54964.53145800573,-5215.375676956543,-2.3859637798082645
"osm_way_208481605_0_1","osm:way/208481605","road",0,1,53501.439337497104,-5102.610500070186,-2.260839527560776
"osm_way_208481605_0_2","osm:way/208481605","road",0,2,49824.220741141886,-4817.920134583501,-1.9612354785468966
"osm_way_208481605_0_3","osm:way/208481605","road",0,3,49619.61495927419,-4802.351448319288,-1.9451925368237255
"osm_way_208481605_0_4","osm:way/208481605","road",0,4,49121.903312131886,-4763.4310009940355,-1.9064346685922828
"osm_way_208493040_0_0","osm:way/208493040","green",0,0,54966.50808651743,19195.72522539536,-2.6542035912157758
"osm_way_208493040_0_1","osm:way/208493040","green",0,1,52376.37092409564,19432.321622172152,-2.443767587803336
"osm_way_208493040_0_2","osm:way/208493040","green",0,2,54057.15998993631,37691.1117351701,-3.4030579085367663
"osm_way_208493040_0_3","osm:way/208493040","green",0,3,54968.00564511872,37691.03859192604,-3.4807791353216544
"osm_way_208493040_0_4","osm:way/208493040","green",0,4,54966.50808651743,19195.72522539536,-2.6542035912157758
"osm_way_208493044_0_0","osm:way/208493044","road",0,0,54966.5051988902,19160.062584067644,-2.653128724045928
"osm_way_208493044_0_1","osm:way/208493044","road",0,1,52998.327583747414,19360.0597741186,-2.4928621639901394
"osm_way_208493044_0_2","osm:way/208493044","road",0,2,52371.48201490099,19210.126385829073,-2.436622407601874
"osm_way_210709746_0_0","osm:way/210709746","building",0,0,26211.31129382174,8528.474580657825,-0.5948694819579714
"osm_way_210709746_0_1","osm:way/210709746","building",0,1,24584.172162986266,8667.407742074241,-0.53205539133927
"osm_way_210709746_0_2","osm:way/210709746","building",0,2,24309.73429708198,8686.304256027634,-0.5218104292062264
"osm_way_210709746_0_3","osm:way/210709746","building",0,3,24408.847806079662,10238.337299331979,-0.548661176159726
"osm_way_210709746_0_4","osm:way/210709746","building",0,4,24296.804400547946,10398.32218323784,-0.5469830891890126
"osm_way_210709746_0_5","osm:way/210709746","building",0,5,24272.453435548527,10609.408916245895,-0.5495406351485599
"osm_way_210709746_0_6","osm:way/210709746","building",0,6,24321.177561096003,10807.161295023176,-0.5547206390467352
"osm_way_210709746_0_7","osm:way/210709746","building",0,7,24451.90645978353,10940.473984188162,-0.5619884177619383
"osm_way_210709746_0_8","osm:way/210709746","building",0,8,24618.35868513862,11002.682747840332,-0.5694535928576272
"osm_way_210709746_0_9","osm:way/210709746","building",0,9,24800.235944257627,11008.231018400349,-0.5765843999640197
"osm_way_210709746_0_10","osm:way/210709746","building",0,10,24958.563722416126,10934.900653483848,-0.5814867948231495
"osm_way_210709746_0_11","osm:way/210709746","building",0,11,25094.966983137438,10812.688020959133,-0.5847429019247841
"osm_way_210709746_0_12","osm:way/210709746","building",0,12,28140.58726913249,10629.25718950052,-0.7085558074528819
"osm_way_210709746_0_13","osm:way/210709746","building",0,13,28034.940903499744,8382.86356254254,-0.6703634002562353
"osm_way_210709746_0_14","osm:way/210709746","building",0,14,26211.31129382174,8528.474580657825,-0.5948694819579714
"osm_way_228944248_0_0","osm:way/228944248","road",0,0,-32226.41588387895,37692.4991280424,-1.928829120259934
"osm_way_228944248_0_1","osm:way/228944248","road",0,1,-32258.44651316787,37339.20668366579,-1.9096237807190164
"osm_way_228944248_0_2","osm:way/228944248","road",0,2,-32705.616393444427,32511.986783817458,-1.6675033307762988
"osm_way_228944248_0_3","osm:way/228944248","road",0,3,-33108.95628132815,28152.49006041911,-1.480543922852462
"osm_way_228944248_0_4","osm:way/228944248","road",0,4,-33280.19150867709,26300.48148253148,-1.4102269032349568
"osm_way_244071236_0_0","osm:way/244071236","building",0,0,5769.797106525886,19506.53129833384,-0.32493976931391444
"osm_way_244071236_0_1","osm:way/244071236","building",0,1,7135.514590828405,19368.757036408377,-0.33452765749188984
"osm_way_244071236_0_2","osm:way/244071236","building",0,2,6780.647773583205,15384.793209796691,-0.22190560405022097
"osm_way_244071236_0_3","osm:way/244071236","building",0,3,5425.493552285883,15508.123966545298,-0.21195162053402328
"osm_way_244071236_0_4","osm:way/244071236","building",0,4,5476.651582252626,16099.163919263936,-0.22706207304992176
"osm_way_244071236_0_5","osm:way/244071236","building",0,5,5485.5862809149585,16491.339122970538,-0.23717823971907137
"osm_way_244071236_0_6","osm:way/244071236","building",0,6,5540.804292802227,17090.15587541723,-0.25345049195237834
"osm_way_244071236_0_7","osm:way/244071236","building",0,7,5769.797106525886,19506.53129833384,-0.32493976931391444
"osm_way_244071237_0_0","osm:way/244071237","building",0,0,3044.751615134424,-3527.363361399524,-0.01702935171543629
"osm_way_244071237_0_1","osm:way/244071237","building",0,1,4287.821435927812,-3649.5777068030707,-0.024852490788873638
"osm_way_244071237_0_2","osm:way/244071237","building",0,2,3725.112040158998,-10828.7176564208,-0.102968583070151
"osm_way_244071237_0_3","osm:way/244071237","building",0,3,2391.931597991994,-10698.727153959311,-0.09438764727462967
"osm_way_244071237_0_4","osm:way/244071237","building",0,4,3044.751615134424,-3527.363361399524,-0.01702935171543629
"osm_way_246971216_0_0","osm:way/246971216","building",0,0,-46528.844198719664,22613.51349868801,-2.0961596478798583
"osm_way_246971216_0_1","osm:way/246971216","building",0,1,-45841.917204990576,22545.75481824099,-2.0440925267934063
"osm_way_246971216_0_2","osm:way/246971216","building",0,2,-45995.27417486743,21004.81792491431,-2.002402469524611
"osm_way_246971216_0_3","osm:way/246971216","building",0,3,-46528.73758429712,21058.024247311318,-2.042792816419592
"osm_way_246971216_0_4","osm:way/246971216","building",0,4,-46528.844198719664,22613.51349868801,-2.0961596478798583
"osm_way_249466846_0_0","osm:way/249466846","building",0,0,-16177.457063928108,16981.109865612092,-0.43134207390096435
"osm_way_249466846_0_1","osm:way/249466846","building",0,1,-17524.49882830557,17095.507171572244,-0.46993691611021404
"osm_way_249466846_0_2","osm:way/249466846","building",0,2,-17129.191269581646,21700.52133705547,-0.5995479510033874
"osm_way_249466846_0_3","osm:way/249466846","building",0,3,-15782.952397845074,21586.12323606766,-0.5609788683003103
"osm_way_249466846_0_4","osm:way/249466846","building",0,4,-16177.457063928108,16981.109865612092,-0.43134207390096435
"osm_way_252584360_0_0","osm:way/252584360","building",0,0,-3267.2966825679027,12099.656783934472,-0.12335284053577311
"osm_way_252584360_0_1","osm:way/252584360","building",0,1,-3435.3614066741434,10235.434520546714,-0.09152850763527454
"osm_way_252584360_0_2","osm:way/252584360","building",0,2,-1276.380363760752,7368.0071501490065,-0.04391751195385041
"osm_way_252584360_0_3","osm:way/252584360","building",0,3,2597.416271019065,6968.051200341793,-0.04341898301163383
"osm_way_252584360_0_4","osm:way/252584360","building",0,4,5327.195965054861,9028.899946348112,-0.08624618836989839
"osm_way_252584360_0_5","osm:way/252584360","building",0,5,5527.766303667037,11360.841638064496,-0.1252985871644796
"osm_way_252584360_0_6","osm:way/252584360","building",0,6,5550.503064311243,11619.699373728914,-0.13016844876219125
"osm_way_252584360_0_7","osm:way/252584360","building",0,7,6366.51400734194,11545.256671472249,-0.13642507848601326
"osm_way_252584360_0_8","osm:way/252584360","building",0,8,6351.89686881234,11330.838015058902,-0.1324267809003743
"osm_way_252584360_0_9","osm:way/252584360","building",0,9,6190.296609402921,8928.904581950397,-0.09261626359204911
"osm_way_252584360_0_10","osm:way/252584360","building",0,10,5026.767058539305,7967.9180036694215,-0.06964648269089935
"osm_way_252584360_0_11","osm:way/252584360","building",0,11,5347.482545627208,7487.9729407348495,-0.06642393522469092
"osm_way_252584360_0_12","osm:way/252584360","building",0,12,4680.87067605082,6990.259596454823,-0.0555313790741252
"osm_way_252584360_0_13","osm:way/252584360","building",0,13,2939.2401292744134,5688.202812277101,-0.03217690118653138
"osm_way_252584360_0_14","osm:way/252584360","building",0,14,-1878.0297310176466,6208.144422211992,-0.03303427222185462
"osm_way_252584360_0_15","osm:way/252584360","building",0,15,-3797.4814436013367,8490.085775923839,-0.06790664086153697
"osm_way_252584360_0_16","osm:way/252584360","building",0,16,-3330.6134116867393,8927.813658490675,-0.07129067231659292
"osm_way_252584360_0_17","osm:way/252584360","building",0,17,-4196.968390131089,9858.80861952884,-0.09013347978452657
"osm_way_252584360_0_18","osm:way/252584360","building",0,18,-3956.644732107997,12170.75572019259,-0.12860591165519963
"osm_way_252584360_0_19","osm:way/252584360","building",0,19,-3929.851783920577,12427.391837441697,-0.13339913313714646
"osm_way_252584360_0_20","osm:way/252584360","building",0,20,-3243.7513248259406,12364.069706044296,-0.12831378474800204
"osm_way_252584360_0_21","osm:way/252584360","building",0,21,-3267.2966825679027,12099.656783934472,-0.12335284053577311
"osm_way_252584361_0_0","osm:way/252584361","building",0,0,968.6561949363763,9937.70035737274,-0.07830791233374157
"osm_way_252584361_0_1","osm:way/252584361","building",0,1,2507.3058190536585,11188.657892483443,-0.10325311797103609
"osm_way_252584361_0_2","osm:way/252584361","building",0,2,2890.5448675982193,10719.823563181286,-0.09680402509104624
"osm_way_252584361_0_3","osm:way/252584361","building",0,3,3858.383508804728,9537.737918801684,-0.08310712140158216
"osm_way_252584361_0_4","osm:way/252584361","building",0,4,2319.73514058664,8287.894391711523,-0.058166538885018326
"osm_way_252584361_0_5","osm:way/252584361","building",0,5,968.6561949363763,9937.70035737274,-0.07830791233374157
"osm_way_252584362_0_0","osm:way/252584362","building",0,0,-2125.68541013678,10145.450648945322,-0.08438750178427767
"osm_way_252584362_0_1","osm:way/252584362","building",0,1,-479.86347347527243,11494.181359878137,-0.10395645717196089
"osm_way_252584362_0_2","osm:way/252584362","building",0,2,172.94551704071955,10702.054044047525,-0.08998887080196027
"osm_way_252584362_0_3","osm:way/252584362","building",0,3,820.8813320010918,9948.810334437912,-0.07827442563552722
"osm_way_252584362_0_4","osm:way/252584362","building",0,4,-838.7425451507147,8585.640009877781,-0.058451734185638315
"osm_way_252584362_0_5","osm:way/252584362","building",0,5,-2125.68541013678,10145.450648945322,-0.08438750178427767
"osm_way_253350640_0_0","osm:way/253350640","building",0,0,15549.242276940806,27499.864381700365,-0.7832616309514151
"osm_way_253350640_0_1","osm:way/253350640","building",0,1,15952.080573787423,31787.11868703274,-0.9928490766526465
"osm_way_253350640_0_2","osm:way/253350640","building",0,2,17724.619867584337,31621.539020430908,-1.031323588529176
"osm_way_253350640_0_3","osm:way/253350640","building",0,3,17322.58244542617,27334.28573488993,-0.8217554326847676
"osm_way_253350640_0_4","osm:way/253350640","building",0,4,15549.242276940806,27499.864381700365,-0.7832616309514151
"osm_way_253573685_0_0","osm:way/253573685","building",0,0,35837.870788235756,25837.07346735535,-1.5296149371067713
"osm_way_253573685_0_1","osm:way/253573685","building",0,1,35585.22971949857,23571.802673932085,-1.4275758321062426
"osm_way_253573685_0_2","osm:way/253573685","building",0,2,35411.470000789064,23591.80936427081,-1.4186614971151812
"osm_way_253573685_0_3","osm:way/253573685","building",0,3,34324.252819529065,23701.85203026961,-1.363407113281312
"osm_way_253573685_0_4","osm:way/253573685","building",0,4,34450.974312949984,24780.605229180022,-1.4113102167755187
"osm_way_253573685_0_5","osm:way/253573685","building",0,5,34590.693598835314,25974.899430658195,-1.4664746074231516
"osm_way_253573685_0_6","osm:way/253573685","building",0,6,35837.870788235756,25837.07346735535,-1.5296149371067713
"osm_way_253573686_0_0","osm:way/253573686","building",0,0,36071.190212203386,31188.64167609113,-1.7824609758946508
"osm_way_253573686_0_1","osm:way/253573686","building",0,1,35924.13302961757,29494.408218942834,-1.6934167512516751
"osm_way_253573686_0_2","osm:way/253573686","building",0,2,34594.1266602027,29608.908023033342,-1.6253238382461177
"osm_way_253573686_0_3","osm:way/253573686","building",0,3,34741.18054818523,31303.141765178934,-1.714366367153275
"osm_way_253573686_0_4","osm:way/253573686","building",0,4,36071.190212203386,31188.64167609113,-1.7824609758946508
"osm_way_253573688_0_0","osm:way/253573688","building",0,0,25752.66216251551,32610.05221205033,-1.3543873668680817
"osm_way_253573688_0_1","osm:way/253573688","building",0,1,25853.346970400213,32601.16056237748,-1.3579987121005388
"osm_way_253573688_0_2","osm:way/253573688","building",0,2,25980.067971674845,33975.43528732393,-1.4350078860559279
"osm_way_253573688_0_3","osm:way/253573688","building",0,3,30234.81872364028,33588.63883947032,-1.60168543370105
"osm_way_253573688_0_4","osm:way/253573688","building",0,4,30117.83748334795,32317.685406925488,-1.5303637045207097
"osm_way_253573688_0_5","osm:way/253573688","building",0,5,29169.45249414167,32404.38309272919,-1.490762610885099
"osm_way_253573688_0_6","osm:way/253573688","building",0,6,27786.661241918602,32529.981597995244,-1.4355250736286962
"osm_way_253573688_0_7","osm:way/253573688","building",0,7,27009.602185452495,32601.115541766056,-1.405837131011367
"osm_way_253573688_0_8","osm:way/253573688","building",0,8,26922.683374812583,31661.231741767104,-1.3547249983020038
"osm_way_253573688_0_9","osm:way/253573688","building",0,9,26730.16233328035,29559.26922558948,-1.2455606899521854
"osm_way_253573688_0_10","osm:way/253573688","building",0,10,26522.20896085763,27301.770278581625,-1.1360642791913733
"osm_way_253573688_0_11","osm:way/253573688","building",0,11,26340.250678219716,25320.903691497922,-1.0466572685629671
"osm_way_253573688_0_12","osm:way/253573688","building",0,12,26266.330185820414,24509.8926396301,-1.0118691425404336
"osm_way_253573688_0_13","osm:way/253573688","building",0,13,25136.075531119197,24613.256384007393,-0.9703847143256894
"osm_way_253573688_0_14","osm:way/253573688","building",0,14,25018.340664296902,24624.370513012756,-0.966192861342563
"osm_way_253573688_0_15","osm:way/253573688","building",0,15,25752.66216251551,32610.05221205033,-1.3543873668680817
"osm_way_255763621_0_0","osm:way/255763621","road",0,0,21185.127216816916,1325.0666339225336,-0.35266002646272554
"osm_way_255763621_0_1","osm:way/255763621","road",0,1,22163.036636553494,11560.478413754128,-0.4894365411402646
"osm_way_255763621_0_2","osm:way/255763621","road",0,2,22541.551901595092,15948.829695954448,-0.597505768865858
"osm_way_255763621_0_3","osm:way/255763621","road",0,3,22630.901511933214,16978.703436332093,-0.6273018412457532
"osm_way_255763621_0_4","osm:way/255763621","road",0,4,22920.065568181657,20144.981259539833,-0.7299411666565447
"osm_way_255763621_0_5","osm:way/255763621","road",0,5,22968.801448826598,20681.582008564732,-0.7488997252707463
"osm_way_258486982_0_0","osm:way/258486982","road",0,0,-46529.17598332016,27454.230611227922,-2.286558664783911
"osm_way_258486982_0_1","osm:way/258486982","road",0,1,-46268.531820818636,27431.806976604366,-2.2666607736084643
"osm_way_258486982_0_2","osm:way/258486982","road",0,2,-45954.29724390494,27404.05387360474,-2.2427831474573168
"osm_way_258486982_0_3","osm:way/258486982","road",0,3,-34632.93860410053,26418.17747695096,-1.487006375438682
"osm_way_258486982_0_4","osm:way/258486982","road",0,4,-33280.19150867709,26300.48148253148,-1.4102269032349568
"osm_way_258486982_0_5","osm:way/258486982","road",0,5,-31988.3419516825,26169.448190145056,-1.3388319110475777
"osm_way_258486982_0_6","osm:way/258486982","road",0,6,-29848.79331441597,25951.793962266536,-1.2263676679594937
"osm_way_258486982_0_7","osm:way/258486982","road",0,7,-20967.45334567059,25214.437023360475,-0.8434898664461343
"osm_way_258486982_0_8","osm:way/258486982","road",0,8,-19260.692244823134,25071.171438407335,-0.7840912624061502
"osm_way_258847861_0_0","osm:way/258847861","building",0,0,5437.5614978834465,1600.8980819081032,-0.025154971433671847
"osm_way_258847861_0_1","osm:way/258847861","building",0,1,4454.30280619715,1680.8956892078345,-0.01774863349517375
"osm_way_258847861_0_2","osm:way/258847861","building",0,2,2535.6891817292817,1836.4425400122989,-0.007681526193970001
"osm_way_258847861_0_3","osm:way/258847861","building",0,3,2693.2128011256646,3657.335459394811,-0.016183937153968486
"osm_way_258847861_0_4","osm:way/258847861","building",0,4,2815.8219960361953,5079.387221608376,-0.026471621616863672
"osm_way_258847861_0_5","osm:way/258847861","building",0,5,5703.904931524856,4831.620932509783,-0.04380168869495549
"osm_way_258847861_0_6","osm:way/258847861","building",0,6,5437.5614978834465,1600.8980819081032,-0.025154971433671847
"osm_way_258847865_0_0","osm:way/258847865","road",0,0,4845.045878130861,29694.206532200427,-0.7109777517825933
"osm_way_258847865_0_1","osm:way/258847865","road",0,1,3498.7940833342136,29746.430766458623,-0.7046241395244124
"osm_way_258847865_0_2","osm:way/258847865","road",0,2,1332.448780555825,29829.761816348262,-0.7003319482890902
"osm_way_258847865_0_3","osm:way/258847865","road",0,3,-1969.8488602137977,30089.729089301432,-0.7142151983288159
"osm_way_258847865_0_4","osm:way/258847865","road",0,4,-4430.94324339519,30284.138614350366,-0.7357644018838982
"osm_way_258847865_0_5","osm:way/258847865","road",0,5,-7375.976767207683,30567.412359610018,-0.7765201837599989
"osm_way_258847865_0_6","osm:way/258847865","road",0,6,-11232.86328226425,31016.19455179457,-0.8544049287309008
"osm_way_258847865_0_7","osm:way/258847865","road",0,7,-14943.597035296585,31362.748098136864,-0.9474116397683474
"osm_way_258847865_0_8","osm:way/258847865","road",0,8,-15073.513385995739,31374.965982143447,-0.9510661814886134
"osm_way_258847865_0_9","osm:way/258847865","road",0,9,-17067.727139495808,31450.465265313313,-1.004959907490388
"osm_way_258847865_0_10","osm:way/258847865","road",0,10,-18673.010083731915,31711.502800662533,-1.0628171160021793
"osm_way_258847866_0_0","osm:way/258847866","road",0,0,21977.467432664773,-2158.986858633871,-0.381709886448256
"osm_way_258847866_0_1","osm:way/258847866","road",0,1,22710.644021142656,-2191.2293673886593,-0.4074644769408664
"osm_way_258847867_0_0","osm:way/258847867","road",0,0,-20984.459276321224,23745.723615230938,-0.7875646329608799
"osm_way_258847867_0_1","osm:way/258847867","road",0,1,-21100.53621353299,22643.62984373365,-0.7512296802190122
"osm_way_258847876_0_0","osm:way/258847876","road",0,0,-17928.179805681255,22307.094703194016,-0.6424393669263395
"osm_way_258847876_0_1","osm:way/258847876","road",0,1,-17886.785590660147,22913.689787444997,-0.6628255957693341
"osm_way_258847876_0_2","osm:way/258847876","road",0,2,-17825.90186852239,23434.740069722822,-0.6800931947950062
"osm_way_258847878_0_0","osm:way/258847878","road",0,0,12437.70596633422,24011.457754457275,-0.5739557126787531
"osm_way_258847878_0_1","osm:way/258847878","road",0,1,12451.512579118438,24184.770066394285,-0.580785909720305
"osm_way_258847882_0_0","osm:way/258847882","road",0,0,-17527.17243761112,26303.292961132545,-0.7838982776007697
"osm_way_258847882_0_1","osm:way/258847882","road",0,1,-17483.332811464694,26564.373907588055,-0.7935389032752482
"osm_way_258847887_0_0","osm:way/258847887","road",0,0,19248.558474464226,-1950.0400433288917,-0.292980754011829
"osm_way_258847887_0_1","osm:way/258847887","road",0,1,19724.351700153165,-1986.715990443545,-0.3076077164422486
"osm_way_258847887_0_2","osm:way/258847887","road",0,2,21977.467432664773,-2158.986858633871,-0.381709886448256
"osm_way_258847899_0_0","osm:way/258847899","road",0,0,-17744.725275829653,24200.20602917333,-0.7064745931245398
"osm_way_258847899_0_1","osm:way/258847899","road",0,1,-20852.94454249264,24521.190298604575,-0.8126585458668956
"osm_way_258847899_0_2","osm:way/258847899","road",0,2,-20984.459276321224,23745.723615230938,-0.7875646329608799
"osm_way_258847905_0_0","osm:way/258847905","road",0,0,-17722.80759259331,24407.959483502505,-0.713798348553496
"osm_way_258847905_0_1","osm:way/258847905","road",0,1,-17527.17243761112,26303.292961132545,-0.7838982776007697
"osm_way_258847906_0_0","osm:way/258847906","road",0,0,-17067.727139495808,31450.465265313313,-1.004959907490388
"osm_way_258847906_0_1","osm:way/258847906","road",0,1,-17001.975590853424,32188.156204534767,-1.0400818971959325
"osm_way_258847906_0_2","osm:way/258847906","road",0,2,-16797.414144403552,34476.77560321994,-1.1545134238758692
"osm_way_258847906_0_3","osm:way/258847906","road",0,3,-16701.627053748318,35552.204466008654,-1.2111583597913977
"osm_way_258847906_0_4","osm:way/258847906","road",0,4,-16510.52725030189,37693.06328509346,-1.3293618875906077
"osm_way_258847913_0_0","osm:way/258847913","road",0,0,5348.230663765264,-613.2811515551987,-0.022683282297375484
"osm_way_258847913_0_1","osm:way/258847913","road",0,1,5239.41926424496,-2143.097599317965,-0.02509373517458613
"osm_way_258847913_0_2","osm:way/258847913","road",0,2,5096.50674371388,-3726.2408112078815,-0.03123640805604566
"osm_way_258847913_0_3","osm:way/258847913","road",0,3,4792.819820610222,-7094.725409471334,-0.0575171867481572
"osm_way_258847913_0_4","osm:way/258847913","road",0,4,5010.41678646467,-7113.613615840856,-0.059397587501308635
"osm_way_258847913_0_5","osm:way/258847913","road",0,5,5850.763150723141,-7188.055900265181,-0.06737772971945333
"osm_way_258847913_0_6","osm:way/258847913","road",0,6,6158.484145834192,-7214.722107171136,-0.07057182619902846
"osm_way_258847913_0_7","osm:way/258847913","road",0,7,6449.966540938844,-7240.277320497512,-0.07373831296249023
"osm_way_258847913_0_8","osm:way/258847913","road",0,8,7303.30345828087,-7314.721527026975,-0.08377540406101502
"osm_way_258847913_0_9","osm:way/258847913","road",0,9,7722.313088739742,-2555.29430829394,-0.05180414201131356
"osm_way_258847913_0_10","osm:way/258847913","road",0,10,7761.30551480711,-845.4989423196047,-0.04770937597085023
"osm_way_258847914_0_0","osm:way/258847914","road",0,0,54680.552813491486,37556.63349989112,-3.4481653575909377
"osm_way_258847914_0_1","osm:way/258847914","road",0,1,54487.17185735131,35949.064228596675,-3.3388238106795143
"osm_way_263546562_0_0","osm:way/263546562","green",0,0,36630.561422780964,14662.813926183248,-1.2190974250486875
"osm_way_263546562_0_1","osm:way/263546562","green",0,1,36810.814765169656,14648.361459493783,-1.229126035403283
"osm_way_263546562_0_2","osm:way/263546562","green",0,2,35822.01385423346,2311.0008139069814,-1.0085618148316655
"osm_way_263546562_0_3","osm:way/263546562","green",0,3,35641.76376683329,2325.453020915136,-0.9985323245876643
"osm_way_263546562_0_4","osm:way/263546562","green",0,4,36630.561422780964,14662.813926183248,-1.2190974250486875
"osm_way_263546564_0_0","osm:way/263546564","road",0,0,49259.168510026386,37691.47685150566,-3.0150892057349665
"osm_way_263546564_0_1","osm:way/263546564","road",0,1,51664.83808527039,37422.4414097071,-3.189245955351794
"osm_way_263547017_0_0","osm:way/263547017","road",0,0,36552.6443814992,15232.749914042708,-1.2280180605543478
"osm_way_263547017_0_1","osm:way/263547017","road",0,1,37070.637067858755,14585.021565510426,-1.2426962323090152
"osm_way_263547017_0_2","osm:way/263547017","road",0,2,35984.37373420706,1777.7226087282845,-1.0159740996053657
"osm_way_263547017_0_3","osm:way/263547017","road",0,3,35160.256825918535,1822.2049310443026,-0.9702093781484677
"osm_way_263547935_0_0","osm:way/263547935","road",0,0,31288.041785466256,251.4710171668952,-0.7662618165572566
"osm_way_263547935_0_1","osm:way/263547935","road",0,1,28276.571948855002,473.798824721528,-0.6259911860539091
"osm_way_263547935_0_2","osm:way/263547935","road",0,2,25971.484910960942,643.870627279873,-0.5282672607572092
"osm_way_263547936_0_0","osm:way/263547936","road",0,0,35160.256825918535,1822.2049310443026,-0.9702093781484677
"osm_way_263547936_0_1","osm:way/263547936","road",0,1,34181.06023570125,1886.6916903360643,-0.917253136808327
"osm_way_263547936_0_2","osm:way/263547936","road",0,2,34096.61872972706,1892.250828949611,-0.9127571205061358
"osm_way_263547936_0_3","osm:way/263547936","road",0,3,31456.198832845945,2103.464213456683,-0.7779458465392963
"osm_way_263547936_0_4","osm:way/263547936","road",0,4,31350.591049952407,901.3904926959412,-0.7699170537338595
"osm_way_263547936_0_5","osm:way/263547936","road",0,5,31288.041785466256,251.4710171668952,-0.7662618165572566
"osm_way_263547936_0_6","osm:way/263547936","road",0,6,31143.447653252537,-1255.009063573991,-0.760383841381973
"osm_way_263547937_0_0","osm:way/263547937","road",0,0,36552.6443814992,15232.749914042708,-1.2280180605543478
"osm_way_263547937_0_1","osm:way/263547937","road",0,1,36372.35873388837,14647.274116348359,-1.20398612034478
"osm_way_263547937_0_2","osm:way/263547937","road",0,2,36079.99629513204,13547.421341808666,-1.1630487916193033
"osm_way_263547937_0_3","osm:way/263547937","road",0,3,35573.79875311171,6867.135980491432,-1.0275380342491758
"osm_way_263547937_0_4","osm:way/263547937","road",0,4,35536.43625830804,6619.389779291794,-1.0228340726435192
"osm_way_263547937_0_5","osm:way/263547937","road",0,5,35209.8180805541,2456.5710105702797,-0.9750712686971141
"osm_way_263547937_0_6","osm:way/263547937","road",0,6,35176.5065102567,2032.1790015807464,-0.9717396711671711
"osm_way_263547937_0_7","osm:way/263547937","road",0,7,35160.256825918535,1822.2049310443026,-0.9702093781484677
"osm_way_263549104_0_0","osm:way/263549104","road",0,0,34927.86752717753,-1567.3781815209204,-0.9567826166678728
"osm_way_263549104_0_1","osm:way/263549104","road",0,1,35234.796618421504,-1235.211493352469,-0.9729066987806512
"osm_way_263549104_0_2","osm:way/263549104","road",0,2,35373.71383525002,224.60691888662302,-0.9794250953804262
"osm_way_263549104_0_3","osm:way/263549104","road",0,3,35048.14317440151,545.6965643162748,-0.9616742837128989
"osm_way_263549105_0_0","osm:way/263549105","road",0,0,48419.72231485819,-2794.7266948882566,-1.8411386351012027
"osm_way_263549105_0_1","osm:way/263549105","road",0,1,47051.6209976041,-2671.31187648239,-1.7383774700768129
"osm_way_263549105_0_2","osm:way/263549105","road",0,2,34927.86752717753,-1567.3781815209204,-0.9567826166678728
"osm_way_263549105_0_3","osm:way/263549105","road",0,3,31143.447653252537,-1255.009063573991,-0.760383841381973
"osm_way_263549105_0_4","osm:way/263549105","road",0,4,28153.096420873026,-993.798522747789,-0.6211370418014894
"osm_way_263549105_0_5","osm:way/263549105","road",0,5,25541.104366237134,-764.8336616954698,-0.5110487045808298
"osm_way_263549105_0_6","osm:way/263549105","road",0,6,24946.739607526637,-1494.7243832157988,-0.4888569921820185
"osm_way_263549105_0_7","osm:way/263549105","road",0,7,23768.62108352165,-1469.1296044254539,-0.4438766964919516
"osm_way_263743562_0_0","osm:way/263743562","green",0,0,51698.27969373712,7410.478804710318,-2.1350528576796535
"osm_way_263743562_0_1","osm:way/263743562","green",0,1,51948.54951242519,9895.718056379932,-2.189139799862261
"osm_way_263743562_0_2","osm:way/263743562","green",0,2,51989.99069106976,10310.109763562079,-2.1990879827548326
"osm_way_263743562_0_3","osm:way/263743562","green",0,3,52157.3801563105,11972.12032785828,-2.2418222823148426
"osm_way_263743562_0_4","osm:way/263743562","green",0,4,52212.63538224689,12524.272241776287,-2.2569605141192994
"osm_way_263743562_0_5","osm:way/263743562","green",0,5,52488.91191397821,15272.810912099732,-2.3396138170653558
"osm_way_263743562_0_6","osm:way/263743562","green",0,6,52546.60535429848,15848.29312212692,-2.3584247053278773
"osm_way_263743562_0_7","osm:way/263743562","green",0,7,52608.36126344702,16457.10435097505,-2.378956527454079
"osm_way_263743562_0_8","osm:way/263743562","green",0,8,52679.86923290672,17174.79066595512,-2.4038088858404194
"osm_way_263743562_0_9","osm:way/263743562","green",0,9,54966.32483552827,16932.55797384006,-2.5899624348028283
"osm_way_263743562_0_10","osm:way/263743562","green",0,10,54965.52613233026,7068.596604376745,-2.4039312059372264
"osm_way_263743562_0_11","osm:way/263743562","green",0,11,53707.831871769005,7204.7918005343145,-2.2984810395783484
"osm_way_263743562_0_12","osm:way/263743562","green",0,12,51698.27969373712,7410.478804710318,-2.1350528576796535
"osm_way_287872093_0_0","osm:way/287872093","road",0,0,-5264.784688401014,23054.999232372553,-0.43920971640289963
"osm_way_287872093_0_1","osm:way/287872093","road",0,1,-5319.184021749946,22753.923769716203,-0.42882673967881146
"osm_way_287872093_0_2","osm:way/287872093","road",0,2,-5990.625221012788,16632.42907422654,-0.2453857206774046
"osm_way_287872093_0_3","osm:way/287872093","road",0,3,-6456.649416417821,12466.256742766645,-0.15470067668275078
"osm_way_287872093_0_4","osm:way/287872093","road",0,4,-6645.817930115405,10779.79000876189,-0.1258464290934569
"osm_way_287872093_0_5","osm:way/287872093","road",0,5,-7754.829844068135,889.8493990674319,-0.047691083063838846
"osm_way_310725793_0_0","osm:way/310725793","building",0,0,-37098.74353643135,23733.924432185744,-1.5197027824740417
"osm_way_310725793_0_1","osm:way/310725793","building",0,1,-35721.64214168763,23611.790716972006,-1.4366712076181898
"osm_way_310725793_0_2","osm:way/310725793","building",0,2,-36141.1768291069,18881.22404721946,-1.3023721442564806
"osm_way_310725793_0_3","osm:way/310725793","building",0,3,-37518.26864171047,19002.245942472662,-1.3853666052995095
"osm_way_310725793_0_4","osm:way/310725793","building",0,4,-37098.74353643135,23733.924432185744,-1.5197027824740417
"osm_way_310725794_0_0","osm:way/310725794","building",0,0,-28744.186101559102,37350.47436229619,-1.742491617989117
"osm_way_310725794_0_1","osm:way/310725794","building",0,1,-27187.609385581807,37201.66746957903,-1.665634300502461
"osm_way_310725794_0_2","osm:way/310725794","building",0,2,-27367.794029738754,35329.6626915029,-1.5666748652392926
"osm_way_310725794_0_3","osm:way/310725794","building",0,3,-28925.178473430366,35478.46914080138,-1.643569991213667
"osm_way_310725794_0_4","osm:way/310725794","building",0,4,-28744.186101559102,37350.47436229619,-1.742491617989117
"osm_way_310726686_0_0","osm:way/310726686","road",0,0,-27862.74244212463,6787.505853498833,-0.6438187893728298
"osm_way_310726686_0_1","osm:way/310726686","road",0,1,-27240.033102622147,8116.261144235934,-0.6325179138634951
"osm_way_310726687_0_0","osm:way/310726687","road",0,0,-27989.34263482704,5249.906678119671,-0.6348148322384617
"osm_way_310726687_0_1","osm:way/310726687","road",0,1,-27862.74244212463,6787.505853498833,-0.6438187893728298
"osm_way_310726688_0_0","osm:way/310726688","road",0,0,-27651.49308516951,3267.935182774133,-0.6068406926925007
"osm_way_310726688_0_1","osm:way/310726688","road",0,1,-27796.05022270411,4036.7262908973357,-0.617525437594324
"osm_way_310726688_0_2","osm:way/310726688","road",0,2,-27895.941103318943,4569.991791576355,-0.6254848827651927
"osm_way_310726688_0_3","osm:way/310726688","road",0,3,-27989.34263482704,5249.906678119671,-0.6348148322384617
"osm_way_347970781_0_0","osm:way/347970781","green",0,0,-46526.660721750886,-9242.305501791589,-1.76141925768718
"osm_way_347970781_0_1","osm:way/347970781","green",0,1,-38647.68081284376,-9962.13338018514,-1.24702184348493
"osm_way_347970781_0_2","osm:way/347970781","green",0,2,-38863.057335798214,-12301.866611859357,-1.3010058574749905
"osm_way_347970781_0_3","osm:way/347970781","green",0,3,-46526.45097267228,-12302.348626656909,-1.8131896124252478
"osm_way_347970781_0_4","osm:way/347970781","green",0,4,-46526.660721750886,-9242.305501791589,-1.76141925768718
"osm_way_360795806_0_0","osm:way/360795806","building",0,0,14302.17158468527,-5505.048906509433,-0.18390656582880638
"osm_way_360795806_0_1","osm:way/360795806","building",0,1,14065.035175898407,-8035.853028346247,-0.20555974877183303
"osm_way_360795806_0_2","osm:way/360795806","building",0,2,12664.46116091795,-7905.8409626293,-0.17463029345137215
"osm_way_360795806_0_3","osm:way/360795806","building",0,3,12901.592393168701,-5375.036356981203,-0.15297411218142543
"osm_way_360795806_0_4","osm:way/360795806","building",0,4,14302.17158468527,-5505.048906509433,-0.18390656582880638
"osm_way_384959693_0_0","osm:way/384959693","road",0,0,53224.79452743074,37691.17750754689,-3.333168886280191
"osm_way_384959693_0_1","osm:way/384959693","road",0,1,53051.587142351025,35919.18153833586,-3.216303771546336
"osm_way_384959693_0_2","osm:way/384959693","road",0,2,52151.20456208897,26707.02291685999,-2.6889964818707313
"osm_way_384959693_0_3","osm:way/384959693","road",0,3,51447.46918149482,19193.532373937014,-2.361038003448357
"osm_way_384959694_0_0","osm:way/384959694","road",0,0,51317.46287971398,17969.24436924023,-2.314842775504644
"osm_way_384959694_0_1","osm:way/384959694","road",0,1,52512.65837325177,17854.722218984745,-2.4087504091269807
"osm_way_384959694_0_2","osm:way/384959694","road",0,2,54966.38051281146,17620.176979337335,-2.6086298618238857
"osm_way_387242322_0_0","osm:way/387242322","road",0,0,19248.558474464226,-1950.0400433288917,-0.292980754011829
"osm_way_387242322_0_1","osm:way/387242322","road",0,1,13987.225875143293,-1444.4160513444035,-0.1547671177916321
"osm_way_387242322_0_2","osm:way/387242322","road",0,2,7761.30551480711,-845.4989423196047,-0.04770937597085023
"osm_way_387242322_0_3","osm:way/387242322","road",0,3,6786.1700668080975,-759.9431549295392,-0.03649830737346704
"osm_way_387242322_0_4","osm:way/387242322","road",0,4,5348.230663765264,-613.2811515551987,-0.022683282297375484
"osm_way_387242322_0_5","osm:way/387242322","road",0,5,0,0,0
"osm_way_387242322_0_6","osm:way/387242322","road",0,6,-6715.546687127888,770.985788858784,-0.03576528726747519
"osm_way_387242322_0_7","osm:way/387242322","road",0,7,-7754.829844068135,889.8493990674319,-0.047691083063838846
"osm_way_387242322_0_8","osm:way/387242322","road",0,8,-19214.566521570297,1912.8328351522541,-0.2918444235483264
"osm_way_387242322_0_9","osm:way/387242322","road",0,9,-19691.989817916296,1996.1425308122052,-0.3066387122578007
"osm_way_387242322_0_10","osm:way/387242322","road",0,10,-20568.890063896633,2149.431540596828,-0.33477082006942993
"osm_way_387403884_0_0","osm:way/387403884","building",0,0,6780.647773583205,15384.793209796691,-0.22190560405022097
"osm_way_387403884_0_1","osm:way/387403884","building",0,1,6425.786435688509,11539.701222039734,-0.13691784394396223
"osm_way_387403884_0_2","osm:way/387403884","building",0,2,6366.51400734194,11545.256671472249,-0.13642507848601326
"osm_way_387403884_0_3","osm:way/387403884","building",0,3,5550.503064311243,11619.699373728914,-0.13016844876219125
"osm_way_387403884_0_4","osm:way/387403884","building",0,4,5070.639834095103,11664.142255836097,-0.12699207220450148
"osm_way_387403884_0_5","osm:way/387403884","building",0,5,5129.917169610381,12305.176228505687,-0.13953460562703413
"osm_way_387403884_0_6","osm:way/387403884","building",0,6,5322.366301018052,14389.369794048713,-0.18481102285221596
"osm_way_387403884_0_7","osm:way/387403884","building",0,7,5425.493552285883,15508.123966545298,-0.21195162053402328
"osm_way_387403884_0_8","osm:way/387403884","building",0,8,6780.647773583205,15384.793209796691,-0.22190560405022097
"osm_way_387403885_0_0","osm:way/387403885","building",0,0,-2337.6388763140562,20159.806891001765,-0.32351506177690226
"osm_way_387403885_0_1","osm:way/387403885","building",0,1,-2465.924512948574,18955.506219222127,-0.286995474650098
"osm_way_387403885_0_2","osm:way/387403885","building",0,2,-2646.1731787241524,17262.374936895547,-0.2395490182834692
"osm_way_387403885_0_3","osm:way/387403885","building",0,3,-2739.544883748253,16385.812838501464,-0.2167747406417675
"osm_way_387403885_0_4","osm:way/387403885","building",0,4,-4145.856325926336,16534.676773780957,-0.22820305193107515
"osm_way_387403885_0_5","osm:way/387403885","building",0,5,-3743.9580427187507,20307.560671809624,-0.33490585816196017
"osm_way_387403885_0_6","osm:way/387403885","building",0,6,-2337.6388763140562,20159.806891001765,-0.32351506177690226
"osm_way_387403886_0_0","osm:way/387403886","building",0,0,-2739.544883748253,16385.812838501464,-0.2167747406417675
"osm_way_387403886_0_1","osm:way/387403886","building",0,1,-2849.153902236518,15133.740037397465,-0.18625498386910522
"osm_way_387403886_0_2","osm:way/387403886","building",0,2,-3011.5368736216137,13275.072883195202,-0.14552385269439583
"osm_way_387403886_0_3","osm:way/387403886","building",0,3,-3092.7280435219527,12349.627694522513,-0.1272843495662812
"osm_way_387403886_0_4","osm:way/387403886","building",0,4,-3243.7513248259406,12364.069706044296,-0.12831378474800204
"osm_way_387403886_0_5","osm:way/387403886","building",0,5,-3929.851783920577,12427.391837441697,-0.13339913313714646
"osm_way_387403886_0_6","osm:way/387403886","building",0,6,-4554.24390421639,12484.047822997156,-0.13865402643986613
"osm_way_387403886_0_7","osm:way/387403886","building",0,7,-4145.856325926336,16534.676773780957,-0.22820305193107515
"osm_way_387403886_0_8","osm:way/387403886","building",0,8,-2739.544883748253,16385.812838501464,-0.2167747406417675
"osm_way_387403887_0_0","osm:way/387403887","road",0,0,-6456.649416417821,12466.256742766645,-0.15470067668275078
"osm_way_387403887_0_1","osm:way/387403887","road",0,1,-5362.9477881566745,12329.615947623714,-0.14192124840093356
"osm_way_387403888_0_0","osm:way/387403888","road",0,0,12507.400127887513,16685.66723150356,-0.3411308929841539
"osm_way_387403888_0_1","osm:way/387403888","road",0,1,11917.827068076436,11468.524411194116,-0.2144831876250919
"osm_way_387403888_0_2","osm:way/387403888","road",0,2,11733.508098114646,11125.23535652921,-0.20497860707280324
"osm_way_387403888_0_3","osm:way/387403888","road",0,3,8799.114550837992,11003.072132808624,-0.15569730115601033
"osm_way_387403888_0_4","osm:way/387403888","road",0,4,7933.575916543336,11113.069643432904,-0.14627252922423395
"osm_way_387403890_0_0","osm:way/387403890","building",0,0,-13775.660981982133,15825.745614452606,-0.3452608907338117
"osm_way_387403890_0_1","osm:way/387403890","building",0,1,-10579.794002830818,15532.504720881616,-0.27711536835113293
"osm_way_387403890_0_2","osm:way/387403890","building",0,2,-10652.045881372367,14751.485959526972,-0.2597373010729598
"osm_way_387403890_0_3","osm:way/387403890","building",0,3,-10366.23711025291,14725.93788691872,-0.25444397472824676
"osm_way_387403890_0_4","osm:way/387403890","building",0,4,-10472.585536968138,13574.962884768382,-0.23059219515175755
"osm_way_387403890_0_5","osm:way/387403890","building",0,5,-13954.251811054373,13894.861952906254,-0.30405994516087276
"osm_way_387403890_0_6","osm:way/387403890","building",0,6,-13775.660981982133,15825.745614452606,-0.3452608907338117
"osm_way_387403892_0_0","osm:way/387403892","building",0,0,-5712.853535571962,6878.0428891528345,-0.06270422968626121
"osm_way_387403892_0_1","osm:way/387403892","building",0,1,-5735.593098389488,7477.970967965437,-0.06967305259095724
"osm_way_387403892_0_2","osm:way/387403892","building",0,2,-5526.928391453259,8172.334115947695,-0.07636957782821696
"osm_way_387403892_0_3","osm:way/387403892","building",0,3,-5142.068612864012,8628.949203973249,-0.07918191696063559
"osm_way_387403892_0_4","osm:way/387403892","building",0,4,-4393.451039276752,8437.866202387051,-0.07103298480259923
"osm_way_387403892_0_5","osm:way/387403892","building",0,5,-4649.199959646436,6288.121536107545,-0.047976659776693964
"osm_way_387403892_0_6","osm:way/387403892","building",0,6,-5517.982055905736,6338.10905295483,-0.05538611449047437
"osm_way_387403892_0_7","osm:way/387403892","building",0,7,-5712.853535571962,6878.0428891528345,-0.06270422968626121
"osm_way_438495948_0_0","osm:way/438495948","road",0,0,-6126.873793213673,-1133.2256334158226,-0.030389824918319874
"osm_way_438495948_0_1","osm:way/438495948","road",0,1,-6844.555016877222,-8150.172608540735,-0.08884414084562309
"osm_way_438495949_0_0","osm:way/438495949","road",0,0,-6844.555016877222,-8150.172608540735,-0.08884414084562309
"osm_way_438495949_0_1","osm:way/438495949","road",0,1,-6933.046343465857,-9016.736779632307,-0.10148354629464507
"osm_way_438495950_0_0","osm:way/438495950","road",0,0,-6933.046343465857,-9016.736779632307,-0.10148354629464507
"osm_way_438495950_0_1","osm:way/438495950","road",0,1,-7047.516428208137,-10138.826316802615,-0.11961974021801325
"osm_way_438495950_0_2","osm:way/438495950","road",0,2,-6905.424814560269,-10589.882162482725,-0.12541215442922748
"osm_way_438495950_0_3","osm:way/438495950","road",0,3,-6764.1453368543225,-11038.71609187505,-0.13152579571524825
"osm_way_438495950_0_4","osm:way/438495950","road",0,4,-6873.50685056305,-12300.78889061562,-0.15583082091836786
"osm_way_439439335_0_0","osm:way/439439335","building",0,0,13372.331661063243,26652.23459592261,-0.6979285298740479
"osm_way_439439335_0_1","osm:way/439439335","building",0,1,14122.581528629704,26157.834218461714,-0.6935652692305894
"osm_way_439439335_0_2","osm:way/439439335","building",0,2,14431.13979436636,26625.549442223433,-0.7198532754358666
"osm_way_439439335_0_3","osm:way/439439335","building",0,3,14826.563423624633,26365.57208298678,-0.7180870303187703
"osm_way_439439335_0_4","osm:way/439439335","building",0,4,14525.312985892197,25910.077638225368,-0.6924627174811349
"osm_way_439439335_0_5","osm:way/439439335","building",0,5,15424.148075601108,25269.02353027439,-0.6877617296368044
"osm_way_439439335_0_6","osm:way/439439335","building",0,6,14732.324641593368,24046.963128876774,-0.6240929986702781
"osm_way_439439335_0_7","osm:way/439439335","building",0,7,14071.39271467313,24481.36954063325,-0.6257514546675225
"osm_way_439439335_0_8","osm:way/439439335","building",0,8,13399.084564393379,24519.1563949265,-0.612750783702154
"osm_way_439439335_0_9","osm:way/439439335","building",0,9,13367.406704128927,23953.669228435007,-0.5905560715845581
"osm_way_439439335_0_10","osm:way/439439335","building",0,10,12924.885353795828,23978.11931396771,-0.5823700774655549
"osm_way_439439335_0_11","osm:way/439439335","building",0,11,12977.68132469069,24926.89349718163,-0.6198870369146903
"osm_way_439439335_0_12","osm:way/439439335","building",0,12,13267.55352469392,24911.334202078655,-0.6252325640275558
"osm_way_439439335_0_13","osm:way/439439335","building",0,13,13329.283319279315,25942.320537389092,-0.6677004568018674
"osm_way_439439335_0_14","osm:way/439439335","building",0,14,13372.331661063243,26652.23459592261,-0.6979285298740479
"osm_way_449852768_0_0","osm:way/449852768","building",0,0,27577.799855701636,28017.197995148083,-1.2118492210504428
"osm_way_449852768_0_1","osm:way/449852768","building",0,1,27706.138688550236,29177.053699471526,-1.2695097180312587
"osm_way_449852768_0_2","osm:way/449852768","building",0,2,28352.466178830917,29107.035405059174,-1.294662892416909
"osm_way_449852768_0_3","osm:way/449852768","building",0,3,28224.93822630305,27947.179787798894,-1.2370361278414066
"osm_way_449852768_0_4","osm:way/449852768","building",0,4,27577.799855701636,28017.197995148083,-1.2118492210504428
"osm_way_453770855_0_0","osm:way/453770855","building",0,0,-33490.883680603896,1332.3478826793776,-0.8792953055753117
"osm_way_453770855_0_1","osm:way/453770855","building",0,1,-33421.08811035507,1966.719975881646,-0.8772838919373527
"osm_way_453770855_0_2","osm:way/453770855","building",0,2,-25874.071316860154,1143.8146228497537,-0.5250162216281495
"osm_way_453770855_0_3","osm:way/453770855","building",0,3,-26012.864453402904,-121.59507533499934,-0.5296368488682313
"osm_way_453770855_0_4","osm:way/453770855","building",0,4,-32491.35027425853,584.708006160429,-0.826549633638729
"osm_way_453770855_0_5","osm:way/453770855","building",0,5,-33560.67928518561,701.3087111510908,-0.8819502181677485
"osm_way_453770855_0_6","osm:way/453770855","building",0,6,-33490.883680603896,1332.3478826793776,-0.8792953055753117
"osm_way_466836094_0_0","osm:way/466836094","road",0,0,7933.575916543336,11113.069643432904,-0.14627252922423395
"osm_way_466836094_0_1","osm:way/466836094","road",0,1,6498.047188147521,11230.848593200097,-0.13212457118569887
"osm_way_466836095_0_0","osm:way/466836095","road",0,0,5314.222927169556,11346.400626760133,-0.123228889950866
"osm_way_466836095_0_1","osm:way/466836095","road",0,1,4693.0804023377,11406.398028411939,-0.11943600284070044
"osm_way_466836096_0_0","osm:way/466836096","road",0,0,-3029.3945535401213,12086.326149094271,-0.12192703744489108
"osm_way_466836096_0_1","osm:way/466836096","road",0,1,-2763.886033205587,12068.551630974931,-0.12038597331383016
"osm_way_466836096_0_2","osm:way/466836096","road",0,2,-1784.6712382570747,12000.785241878173,-0.11561855102826257
"osm_way_466836097_0_0","osm:way/466836097","road",0,0,-4300.10082589184,12197.41710793207,-0.13133587454134954
"osm_way_466836097_0_1","osm:way/466836097","road",0,1,-3029.3945535401213,12086.326149094271,-0.12192703744489108
"osm_way_532920245_0_0","osm:way/532920245","road",0,0,-19926.698571230158,3971.455192442089,-0.32317634448872923
"osm_way_532920245_0_1","osm:way/532920245","road",0,1,-20076.85684824543,2242.768454535922,-0.31943969532761685
"osm_way_532920245_0_2","osm:way/532920245","road",0,2,-23274.28981625346,2552.6293173927493,-0.4290979934756578
"osm_way_533519710_0_0","osm:way/533519710","road",0,0,-23389.52476817053,791.7246306692061,-0.4286808588369606
"osm_way_533519710_0_1","osm:way/533519710","road",0,1,-23274.28981625346,2552.6293173927493,-0.4290979934756578
"osm_way_533519710_0_2","osm:way/533519710","road",0,2,-23150.124179774964,4351.307503320668,-0.43434057466278375
"osm_way_540136822_0_0","osm:way/540136822","road",0,0,54680.552813491486,37556.63349989112,-3.4481653575909377
"osm_way_540136822_0_1","osm:way/540136822","road",0,1,54967.992572927724,37529.590628396545,-3.4712388755508528
"osm_way_552774832_0_0","osm:way/552774832","road",0,0,54487.17185735131,35949.064228596675,-3.3388238106795143
"osm_way_552774832_0_1","osm:way/552774832","road",0,1,54967.86089756251,35903.33627640097,-3.377423605982699
"osm_way_555639696_0_0","osm:way/555639696","building",0,0,86.8819856625656,36110.12076037167,-1.0242411058101197
"osm_way_555639696_0_1","osm:way/555639696","building",0,1,-82.00985164141414,34064.81065496633,-0.9114990792994604
"osm_way_555639696_0_2","osm:way/555639696","building",0,2,-6930.244172062757,34625.81907349377,-0.9793551503406661
"osm_way_555639696_0_3","osm:way/555639696","building",0,3,-6761.37281639024,36670.01988670096,-1.0920255022028869
"osm_way_555639696_0_4","osm:way/555639696","building",0,4,86.8819856625656,36110.12076037167,-1.0242411058101197
"osm_way_555639697_0_0","osm:way/555639697","building",0,0,-9729.928169411414,33162.62694468506,-0.9379516159469858
"osm_way_555639697_0_1","osm:way/555639697","building",0,1,-9611.399959011136,34612.454673252054,-1.0133414435301802
"osm_way_555639697_0_2","osm:way/555639697","building",0,2,-7724.35812823185,34459.16383232046,-0.979420051490365
"osm_way_555639697_0_3","osm:way/555639697","building",0,3,-7842.89034187384,33009.336429795134,-0.9040292160591434
"osm_way_555639697_0_4","osm:way/555639697","building",0,4,-9729.928169411414,33162.62694468506,-0.9379516159469858
"osm_way_555639698_0_0","osm:way/555639698","building",0,0,-13076.920176034548,34208.0008413152,-1.0530182257809884
"osm_way_555639698_0_1","osm:way/555639698","building",0,1,-12998.98773048905,35123.448041004835,-1.1012823732471588
"osm_way_555639698_0_2","osm:way/555639698","building",0,2,-10006.837717898941,34870.19580724338,-1.033480336309367
"osm_way_555639698_0_3","osm:way/555639698","building",0,3,-10141.602679608057,33285.93945726351,-0.9507906706005542
"osm_way_555639698_0_4","osm:way/555639698","building",0,4,-12864.168588923767,33515.86573142342,-1.0118793809283488
"osm_way_555639698_0_5","osm:way/555639698","building",0,5,-12807.342762407705,34185.78642484915,-1.0463632907487863
"osm_way_555639698_0_6","osm:way/555639698","building",0,6,-13076.920176034548,34208.0008413152,-1.0530182257809884
"osm_way_568973395_0_0","osm:way/568973395","green",0,0,54492.52023415262,21654.111140432524,-2.6924783082009185
"osm_way_568973395_0_1","osm:way/568973395","green",0,1,54966.752466568076,22213.85580328577,-2.7523949923988766
"osm_way_568973395_0_2","osm:way/568973395","green",0,2,54966.68666384762,21401.180801214636,-2.724547604708505
"osm_way_568973395_0_3","osm:way/568973395","green",0,3,54429.94539022262,20985.30738470484,-2.6647435349772763
"osm_way_568973395_0_4","osm:way/568973395","green",0,4,54492.52023415262,21654.111140432524,-2.6924783082009185
"osm_way_568973399_0_0","osm:way/568973399","green",0,0,54966.82889491326,23157.760421099803,-2.7860413775613324
"osm_way_568973399_0_1","osm:way/568973399","green",0,1,53956.643675900865,21900.791067849135,-2.6554312323426643
"osm_way_568973399_0_2","osm:way/568973399","green",0,2,53807.15139064218,20754.273603762074,-2.604407791895369
"osm_way_568973399_0_3","osm:way/568973399","green",0,3,52633.81388492896,20093.333655660863,-2.485449512853677
"osm_way_568973399_0_4","osm:way/568973399","green",0,4,54106.31142806433,35430.268068269594,-3.277364582245923
"osm_way_568973399_0_5","osm:way/568973399","green",0,5,54967.81804706752,35374.11329264022,-3.347789838562676
"osm_way_568973399_0_6","osm:way/568973399","green",0,6,54966.82889491326,23157.760421099803,-2.7860413775613324
"osm_way_568973400_0_0","osm:way/568973400","road",0,0,54966.79050459395,22683.632499674673,-2.7689655972096716
"osm_way_568973400_0_1","osm:way/568973400","road",0,1,54230.26548563172,21774.11776909525,-2.67425508702388
"osm_way_568973400_0_2","osm:way/568973400","road",0,2,54028.78372445721,20333.19532004988,-2.6095242191189527
"osm_way_663317530_0_0","osm:way/663317530","road",0,0,-32258.44651316787,37339.20668366579,-1.9096237807190164
"osm_way_663317530_0_1","osm:way/663317530","road",0,1,-33642.883141647384,37464.679968843135,-1.9884064344068975
"osm_way_663317530_0_2","osm:way/663317530","road",0,2,-33849.93969569112,37483.55629747021,-2.000455711092286
"osm_way_663317530_0_3","osm:way/663317530","road",0,3,-36288.10372694757,37692.29415729881,-2.1466288343759743
"osm_way_663317531_0_0","osm:way/663317531","road",0,0,-40345.73077042252,37692.06512566184,-2.3899953957879916
"osm_way_663317531_0_1","osm:way/663317531","road",0,1,-40780.795899389756,33669.18859227947,-2.192123808680435
"osm_way_663317531_0_2","osm:way/663317531","road",0,2,-40660.59836447456,33255.912054235305,-2.162736224602213
"osm_way_663317531_0_3","osm:way/663317531","road",0,3,-40214.00289726246,33125.954252132244,-2.1276904403521257
"osm_way_663317531_0_4","osm:way/663317531","road",0,4,-34041.326700518664,32678.5677912653,-1.7458142264530352
"osm_way_663317531_0_5","osm:way/663317531","road",0,5,-32705.616393444427,32511.986783817458,-1.6675033307762988
"osm_way_683739396_0_0","osm:way/683739396","building",0,0,-40201.467089148995,-308.931468117527,-1.2650329029690432
"osm_way_683739396_0_1","osm:way/683739396","building",0,1,-39284.785152902004,-384.424329421522,-1.2080441448716117
"osm_way_683739396_0_2","osm:way/683739396","building",0,2,-39312.37153311397,-721.05238658849,-1.2100335197898993
"osm_way_683739396_0_3","osm:way/683739396","building",0,3,-39800.34808679868,-681.0855997800275,-1.2402056294813946
"osm_way_683739396_0_4","osm:way/683739396","building",0,4,-39878.23785913942,-1637.6425966536892,-1.2468053611057073
"osm_way_683739396_0_5","osm:way/683739396","building",0,5,-40307.75406026635,-1603.2276343970054,-1.2736746007493416
"osm_way_683739396_0_6","osm:way/683739396","building",0,6,-40201.467089148995,-308.931468117527,-1.2650329029690432
"osm_way_683739397_0_0","osm:way/683739397","green",0,0,-6303.136511560187,6671.395703609673,-0.06605643344101964
"osm_way_683739397_0_1","osm:way/683739397","green",0,1,-6448.477202960926,6920.253474306986,-0.07016376318702555
"osm_way_683739397_0_2","osm:way/683739397","green",0,2,-6396.518274483091,7517.960279419934,-0.07642004269428071
"osm_way_683739397_0_3","osm:way/683739397","green",0,3,-6527.247858828589,8154.549582025647,-0.08557923334819861
"osm_way_683739397_0_4","osm:way/683739397","green",0,4,-6130.210903335258,8762.258389859098,-0.08972107707023724
"osm_way_683739397_0_5","osm:way/683739397","green",0,5,-6151.319247841486,8506.733200651573,-0.08645791646628709
"osm_way_683739397_0_6","osm:way/683739397","green",0,6,-6303.136511560187,6671.395703609673,-0.06605643344101964
"osm_way_683739398_0_0","osm:way/683739398","green",0,0,-6434.655886918353,4997.150168320395,-0.05202216308468621
"osm_way_683739398_0_1","osm:way/683739398","green",0,1,-6611.659854251899,5016.0350986176045,-0.05397810648162249
"osm_way_683739398_0_2","osm:way/683739398","green",0,2,-6778.113850968593,5564.85674299807,-0.06028393625108208
"osm_way_683739398_0_3","osm:way/683739398","green",0,3,-6344.5397019605025,6023.694973024908,-0.06000736879059332
"osm_way_683739398_0_4","osm:way/683739398","green",0,4,-6434.655886918353,4997.150168320395,-0.05202216308468621
"osm_way_683739399_0_0","osm:way/683739399","green",0,0,-6627.875324926387,2618.543687991441,-0.03976868655648502
"osm_way_683739399_0_1","osm:way/683739399","green",0,1,-6943.724975905826,3064.0428507362467,-0.04511234654724916
"osm_way_683739399_0_2","osm:way/683739399","green",0,2,-6639.2581260864135,4216.130436389672,-0.04846364982071805
"osm_way_683739399_0_3","osm:way/683739399","green",0,3,-6486.615098490501,4452.770296129138,-0.04850682037940146
"osm_way_683739399_0_4","osm:way/683739399","green",0,4,-6627.875324926387,2618.543687991441,-0.03976868655648502
"osm_way_683739400_0_0","osm:way/683739400","green",0,0,-6320.14931120531,2582.9953153445545,-0.036504757514421726
"osm_way_683739400_0_1","osm:way/683739400","green",0,1,-6195.123485970393,4018.380491830584,-0.04272310360136089
"osm_way_683739400_0_2","osm:way/683739400","green",0,2,-5966.154310780805,3869.511446009521,-0.03962135501822672
"osm_way_683739400_0_3","osm:way/683739400","green",0,3,-5261.381286629597,2987.4004690586953,-0.02867678452425082
"osm_way_683739400_0_4","osm:way/683739400","green",0,4,-5288.983516878383,2501.9027127308545,-0.026811380076274816
"osm_way_683739400_0_5","osm:way/683739400","green",0,5,-6320.14931120531,2582.9953153445545,-0.036504757514421726
"osm_way_683739401_0_0","osm:way/683739401","green",0,0,8935.361842555025,-1189.916692610376,-0.06360306195949406
"osm_way_683739401_0_1","osm:way/683739401","green",0,1,9748.920137497453,-1338.798998623617,-0.07579628056468835
"osm_way_683739401_0_2","osm:way/683739401","green",0,2,10889.690932057563,-1327.7065566662498,-0.09420081230890887
"osm_way_683739401_0_3","osm:way/683739401","green",0,3,11616.374690015185,-1287.7233801067318,-0.10691943408183135
"osm_way_683739401_0_4","osm:way/683739401","green",0,4,13565.826495791833,-1667.7141636170866,-0.14622520823461826
"osm_way_683739401_0_5","osm:way/683739401","green",0,5,13530.093805240771,-2044.335140902263,-0.1465655195612925
"osm_way_683739401_0_6","osm:way/683739401","green",0,6,8893.945828866723,-1743.1834069957724,-0.06429983459774746
"osm_way_683739401_0_7","osm:way/683739401","green",0,7,8935.361842555025,-1189.916692610376,-0.06360306195949406
"osm_way_683739402_0_0","osm:way/683739402","green",0,0,19420.670364834892,-2595.5234221387127,-0.30049466028092553
"osm_way_683739402_0_1","osm:way/683739402","green",0,1,15628.941542669558,-2288.795478055681,-0.19529869045129544
"osm_way_683739402_0_2","osm:way/683739402","green",0,2,14327.413354305958,-2098.7894452304367,-0.1641274704406115
"osm_way_683739402_0_3","osm:way/683739402","green",0,3,14363.143287175175,-1873.2615769846134,-0.1642261985782767
"osm_way_683739402_0_4","osm:way/683739402","green",0,4,14850.306458350215,-1794.3925910535831,-0.17513800426645076
"osm_way_683739402_0_5","osm:way/683739402","green",0,5,16399.470533003732,-2187.714617902896,-0.2142593641496049
"osm_way_683739402_0_6","osm:way/683739402","green",0,6,16780.27829912156,-1779.9948375185813,-0.22287805506362446
"osm_way_683739402_0_7","osm:way/683739402","green",0,7,19480.770603785073,-2001.151676043292,-0.30017849124419627
"osm_way_683739402_0_8","osm:way/683739402","green",0,8,19420.670364834892,-2595.5234221387127,-0.30049466028092553
"osm_way_683739403_0_0","osm:way/683739403","green",0,0,-17946.291586254138,996.3103876060112,-0.25286161456872236
"osm_way_683739403_0_1","osm:way/683739403","green",0,1,-17906.518377574597,1444.035726667857,-0.25260380931033666
"osm_way_683739403_0_2","osm:way/683739403","green",0,2,-15600.604927714807,1240.7835951817237,-0.19170051418253564
"osm_way_683739403_0_3","osm:way/683739403","green",0,3,-15641.191328544639,781.9485873854665,-0.19196395759393248
"osm_way_683739403_0_4","osm:way/683739403","green",0,4,-17946.291586254138,996.3103876060112,-0.25286161456872236
"osm_way_683739404_0_0","osm:way/683739404","green",0,0,-14584.857626181974,727.5341645470517,-0.16690909308345603
"osm_way_683739404_0_1","osm:way/683739404","green",0,1,-14558.07086350746,1064.161191385804,-0.16677186672389155
"osm_way_683739404_0_2","osm:way/683739404","green",0,2,-8418.990721335194,465.4477406624633,-0.05564699821039021
"osm_way_683739404_0_3","osm:way/683739404","green",0,3,-8468.514842000965,134.37556157170306,-0.056145649796335295
"osm_way_683739404_0_4","osm:way/683739404","green",0,4,-14584.857626181974,727.5341645470517,-0.16690909308345603
"osm_way_683739405_0_0","osm:way/683739405","green",0,0,-7734.521569945042,29.952351807959477,-0.046823678268428925
"osm_way_683739405_0_1","osm:way/683739405","green",0,1,-7704.483961308602,391.02067377649297,-0.046580228491643894
"osm_way_683739405_0_2","osm:way/683739405","green",0,2,-7530.728972714855,376.57990446930813,-0.04449949027149902
"osm_way_683739405_0_3","osm:way/683739405","green",0,3,-7559.954735017396,15.511599205770077,-0.04473334309194055
"osm_way_683739405_0_4","osm:way/683739405","green",0,4,-7734.521569945042,29.952351807959477,-0.046823678268428925
"osm_way_683739406_0_0","osm:way/683739406","green",0,0,-2389.531615315977,-531.0518855068497,-0.004690677380470021
"osm_way_683739406_0_1","osm:way/683739406","green",0,1,-3031.7738789096265,-571.0496731254938,-0.00745045540946343
"osm_way_683739406_0_2","osm:way/683739406","green",0,2,-6605.925009689511,-248.89130668052877,-0.03420406311065438
"osm_way_683739406_0_3","osm:way/683739406","green",0,3,-6549.09450593799,283.267899682001,-0.03363325260259398
"osm_way_683739406_0_4","osm:way/683739406","green",0,4,-3302.151188672975,-121.10467821398103,-0.00854612689101808
"osm_way_683739406_0_5","osm:way/683739406","green",0,5,-2441.4979751768947,127.75812566173839,-0.004678303645944126
"osm_way_683739406_0_6","osm:way/683739406","green",0,6,-930.4805952450753,-243.3049087868076,-0.0007241465358909238
"osm_way_683739406_0_7","osm:way/683739406","green",0,7,-971.076817155997,-706.5829638670573,-0.0011301327436097353
"osm_way_683739406_0_8","osm:way/683739406","green",0,8,-2389.531615315977,-531.0518855068497,-0.004690677380470021
"osm_way_683739407_0_0","osm:way/683739407","green",0,0,-622.755762533231,-731.0240801597986,-0.0007231717927602688
"osm_way_683739407_0_1","osm:way/683739407","green",0,1,-578.9115006144651,-329.9608339249824,-0.0003477654316963452
"osm_way_683739407_0_2","osm:way/683739407","green",0,2,-323.15113866089644,-375.5107787622901,-0.00019240676616405494
"osm_way_683739407_0_3","osm:way/683739407","green",0,3,1009.2385828182227,-222.1964315547566,-0.0008359249581424422
"osm_way_683739407_0_4","osm:way/683739407","green",0,4,1600.3286544416003,-471.05673183359613,-0.0021788026408398053
"osm_way_683739407_0_5","osm:way/683739407","green",0,5,5077.854046990276,-815.4771470506226,-0.020703768209706652
"osm_way_683739407_0_6","osm:way/683739407","green",0,6,5042.1253362203015,-1284.3097751113398,-0.021193992496115754
"osm_way_683739407_0_7","osm:way/683739407","green",0,7,3961.438366086462,-1208.7560751075,-0.013430339739173291
"osm_way_683739407_0_8","osm:way/683739407","green",0,8,3830.716922151338,-1148.762489744362,-0.012522015955163113
"osm_way_683739407_0_9","osm:way/683739407","green",0,9,-622.755762533231,-731.0240801597986,-0.0007231717927602688
"osm_way_683739408_0_0","osm:way/683739408","green",0,0,6903.085774283634,-1077.6841623190353,-0.03820969837962096
"osm_way_683739408_0_1","osm:way/683739408","green",0,1,7641.947515490342,-1135.462956149455,-0.046721572181596116
"osm_way_683739408_0_2","osm:way/683739408","green",0,2,7641.943625669217,-1480.977247136774,-0.047431610456794004
"osm_way_683739408_0_3","osm:way/683739408","green",0,3,6859.234917157339,-1698.7206594840252,-0.03909170551334995
"osm_way_683739408_0_4","osm:way/683739408","green",0,4,6903.085774283634,-1077.6841623190353,-0.03820969837962096
"osm_way_683739409_0_0","osm:way/683739409","green",0,0,5553.646561233209,-1129.8877662882232,-0.0251434448269805
"osm_way_683739409_0_1","osm:way/683739409","green",0,1,5570.699318434249,-875.4738472957109,-0.02489108439318599
"osm_way_683739409_0_2","osm:way/683739409","green",0,2,6501.178217214922,-962.1384381357532,-0.03380799020709091
"osm_way_683739409_0_3","osm:way/683739409","green",0,3,6458.139656516101,-1583.1749678513586,-0.03461301695244501
"osm_way_683739409_0_4","osm:way/683739409","green",0,4,5553.646561233209,-1129.8877662882232,-0.0251434448269805
"osm_way_689080237_0_0","osm:way/689080237","road",0,0,6996.515302056466,4433.878600452464,-0.0537560038370799
"osm_way_689080237_0_1","osm:way/689080237","road",0,1,7128.050814426513,4500.535931516133,-0.05567789850466909
"osm_way_689080237_0_2","osm:way/689080237","road",0,2,7274.2008465403005,4521.642969301196,-0.05747508736959617
"osm_way_689080237_0_3","osm:way/689080237","road",0,3,7548.6366381908365,4424.984858616562,-0.05997965724553467
"osm_way_689080237_0_4","osm:way/689080237","road",0,4,7647.692478765883,4314.9968953562375,-0.06040277217351786
"osm_way_689080237_0_5","osm:way/689080237","road",0,5,7706.962801923964,4180.567847036392,-0.060218045845772394
"osm_way_689080237_0_6","osm:way/689080237","road",0,6,7719.140291734516,4035.029547044086,-0.05942592560508331
"osm_way_689080237_0_7","osm:way/689080237","road",0,7,7682.601193039849,3887.2698429706174,-0.0580659191520283
"osm_way_689080237_0_8","osm:way/689080237","road",0,8,7598.9696841077,3760.6192539752897,-0.05630476116564864
"osm_way_689080237_0_9","osm:way/689080237","road",0,9,7478.80118081105,3668.4093864293422,-0.05434851954504438
"osm_way_689080237_0_10","osm:way/689080237","road",0,10,7334.274922604219,3620.6388946521483,-0.052399349188192446
"osm_way_689080237_0_11","osm:way/689080237","road",0,11,7181.629802803471,3623.973461852698,-0.05068403286365708
"osm_way_689080237_0_12","osm:way/689080237","road",0,12,7039.540438753087,3676.190932302994,-0.049401848998087416
"osm_way_689080237_0_13","osm:way/689080237","road",0,13,6922.621721699152,3772.8472501799743,-0.048689777733557094
"osm_way_689080237_0_14","osm:way/689080237","road",0,14,6843.864598846433,3901.7215359393904,-0.04861810976990455
"osm_way_689080237_0_15","osm:way/689080237","road",0,15,6812.200318397463,4049.4819729166124,-0.04920246609785295
"osm_way_689080237_0_16","osm:way/689080237","road",0,16,6830.064536056727,4196.130933329652,-0.05034300233681677
"osm_way_689080237_0_17","osm:way/689080237","road",0,17,6893.397432894588,4328.336714317624,-0.05190859313088936
"osm_way_689080237_0_18","osm:way/689080237","road",0,18,6996.515302056466,4433.878600452464,-0.0537560038370799
"osm_way_689080238_0_0","osm:way/689080238","road",0,0,7274.2008465403005,4521.642969301196,-0.05747508736959617
"osm_way_689080238_0_1","osm:way/689080238","road",0,1,7347.283688330359,5254.887872590699,-0.06394223541406063
"osm_way_689080238_0_2","osm:way/689080238","road",0,2,7477.209015808097,6548.065196292376,-0.07743901096759487
"osm_way_689080238_0_3","osm:way/689080238","road",0,3,7497.509894448313,6750.263020711193,-0.07978912020689677
"osm_way_689080238_0_4","osm:way/689080238","road",0,4,7810.957160872803,9886.55111022583,-0.12453002029175764
"osm_way_689080238_0_5","osm:way/689080238","road",0,5,7933.575916543336,11113.069643432904,-0.14627252922423395
"osm_way_689080238_0_6","osm:way/689080238","road",0,6,8018.845433509099,12351.809332848126,-0.17016900439230653
"osm_way_689080238_0_7","osm:way/689080238","road",0,7,8035.087315923545,12590.669450675234,-0.1750527967864457
"osm_way_689080238_0_8","osm:way/689080238","road",0,8,8272.219749201333,16049.141592834923,-0.25588248660426416
"osm_way_689080238_0_9","osm:way/689080238","road",0,9,8316.88534308603,16697.952267446668,-0.27315151830862305
"osm_way_689080238_0_10","osm:way/689080238","road",0,10,8331.503217899814,16912.37086326478,-0.2790028301376424
"osm_way_689080238_0_11","osm:way/689080238","road",0,11,8590.565548050043,20678.583306215944,-0.3936405929891862
"osm_way_689080238_0_12","osm:way/689080238","road",0,12,8636.04392610678,21344.058572272283,-0.41622005750951985
"osm_way_691143808_0_0","osm:way/691143808","road",0,0,36673.84996922637,19381.135609539953,-1.3477548641134263
"osm_way_691143808_0_1","osm:way/691143808","road",0,1,36851.75341615605,20927.60742325078,-1.406957695432709
"osm_way_691143808_0_2","osm:way/691143808","road",0,2,36875.31621543446,21219.793367009243,-1.4179906107315787
"osm_way_691143808_0_3","osm:way/691143808","road",0,3,37290.502409601555,26188.064255135636,-1.6271028215982142
"osm_way_691143808_0_4","osm:way/691143808","road",0,4,38224.90535900011,37523.31924332319,-2.2496017679657143
"osm_way_691143808_0_5","osm:way/691143808","road",0,5,38238.97553600417,37692.18706808341,-2.2604206862865794
"osm_way_691143809_0_0","osm:way/691143809","road",0,0,39495.39120374558,37692.11513159276,-2.336859629841115
"osm_way_691143809_0_1","osm:way/691143809","road",0,1,39472.9189502108,37453.25622344474,-2.3213717046019156
"osm_way_691143809_0_2","osm:way/691143809","road",0,2,39277.922112082095,35362.40737900075,-2.1897640721903144
"osm_way_691143809_0_3","osm:way/691143809","road",0,3,39148.7363955339,33960.36086225009,-2.1054893066889235
"osm_way_691143809_0_4","osm:way/691143809","road",0,4,38616.56260937094,28197.74918661361,-1.7917396975917654
"osm_way_691143809_0_5","osm:way/691143809","road",0,5,38445.94410629363,26353.535512804603,-1.7024248176198853
"osm_way_691143809_0_6","osm:way/691143809","road",0,6,37961.71710680646,21110.85763434531,-1.4780038503403148
"osm_way_691143809_0_7","osm:way/691143809","road",0,7,37934.9060543388,20819.782887264857,-1.4668244069696357
"osm_way_691143809_0_8","osm:way/691143809","road",0,8,37689.60684706179,19263.31629742943,-1.4032994438224478
"osm_way_755385456_0_0","osm:way/755385456","building",0,0,22622.02299306357,-5794.129603359256,-0.42691904626863675
"osm_way_755385456_0_1","osm:way/755385456","building",0,1,23946.27854140198,-5907.494835902612,-0.4762284888606416
"osm_way_755385456_0_2","osm:way/755385456","building",0,2,23857.74199089841,-6934.035868888512,-0.4832704646396735
"osm_way_755385456_0_3","osm:way/755385456","building",0,3,23713.159900717692,-8611.6084002545,-0.4983719248656371
"osm_way_755385456_0_4","osm:way/755385456","building",0,4,23556.394820021236,-10428.052907488745,-0.5197378357237881
"osm_way_755385456_0_5","osm:way/755385456","building",0,5,23398.818348094104,-12253.385303666686,-0.546466856341965
"osm_way_755385456_0_6","osm:way/755385456","building",0,6,23394.72136985596,-12301.157243235844,-0.5472383651060397
"osm_way_755385456_0_7","osm:way/755385456","building",0,7,22058.711501289137,-12301.112511924113,-0.49970735294166957
"osm_way_755385456_0_8","osm:way/755385456","building",0,8,22622.02299306357,-5794.129603359256,-0.42691904626863675
"osm_way_755385457_0_0","osm:way/755385457","building",0,0,22799.90660842783,-3688.831319476306,-0.41756115381375025
"osm_way_755385457_0_1","osm:way/755385457","building",0,1,25042.46106346074,-3853.335161960018,-0.5025103644282325
"osm_way_755385457_0_2","osm:way/755385457","building",0,2,24857.262303888383,-5981.963144713589,-0.511721895256656
"osm_way_755385457_0_3","osm:way/755385457","building",0,3,23946.27854140198,-5907.494835902612,-0.4762284888606416
"osm_way_755385457_0_4","osm:way/755385457","building",0,4,22622.02299306357,-5794.129603359256,-0.42691904626863675
"osm_way_755385457_0_5","osm:way/755385457","building",0,5,22799.90660842783,-3688.831319476306,-0.41756115381375025
"osm_way_755385458_0_0","osm:way/755385458","building",0,0,26192.125038263337,37361.68740490163,-1.633415109466796
"osm_way_755385458_0_1","osm:way/755385458","building",0,1,26622.308396072185,37692.742038547694,-1.6707150222060818
"osm_way_755385458_0_2","osm:way/755385458","building",0,2,27924.396706533447,37692.68972532366,-1.7263024930798565
"osm_way_755385458_0_3","osm:way/755385458","building",0,3,27816.048136546884,36330.635447054585,-1.6423792717972674
"osm_way_755385458_0_4","osm:way/755385458","building",0,4,27668.191989774074,34477.530548310824,-1.5328899204888558
"osm_way_755385458_0_5","osm:way/755385458","building",0,5,25971.972539677394,34612.0258776369,-1.4689750659641732
"osm_way_755385458_0_6","osm:way/755385458","building",0,6,26192.125038263337,37361.68740490163,-1.633415109466796
"osm_way_755385459_0_0","osm:way/755385459","building",0,0,27816.048136546884,36330.635447054585,-1.6423792717972674
"osm_way_755385459_0_1","osm:way/755385459","building",0,1,27924.396706533447,37692.68972532366,-1.7263024930798565
"osm_way_755385459_0_2","osm:way/755385459","building",0,2,28132.386023079125,37692.68113769097,-1.7354276194964768
"osm_way_755385459_0_3","osm:way/755385459","building",0,3,31356.33810672499,37432.57108311438,-1.8701905895255777
"osm_way_755385459_0_4","osm:way/755385459","building",0,4,31243.407978336894,36030.52235787736,-1.783752514180037
"osm_way_755385459_0_5","osm:way/755385459","building",0,5,30158.605452710715,36125.00452951715,-1.7369730522375448
"osm_way_755385459_0_6","osm:way/755385459","building",0,6,27816.048136546884,36330.635447054585,-1.6423792717972674
"osm_way_912324511_0_0","osm:way/912324511","road",0,0,-22454.665819198643,-8798.210000074614,-0.4554477852138916
"osm_way_912324511_0_1","osm:way/912324511","road",0,1,-23934.815061010704,-8642.723579486883,-0.5070599929076991
"osm_way_912324511_0_2","osm:way/912324511","road",0,2,-25930.539747477444,-8471.706186632611,-0.5826527884188692
"osm_way_912324511_0_3","osm:way/912324511","road",0,3,-34702.646507463345,-7723.298429190345,-0.9894325278338556
"osm_way_912324511_0_4","osm:way/912324511","road",0,4,-35087.502454901885,-7689.988857441486,-1.0100516438278362
"osm_way_912324511_0_5","osm:way/912324511","road",0,5,-36322.45178253821,-7584.5108552650145,-1.0778101967652276
"osm_way_912324512_0_0","osm:way/912324512","road",0,0,-22454.665819198643,-8798.210000074614,-0.4554477852138916
"osm_way_912324512_0_1","osm:way/912324512","road",0,1,-22601.56435436603,-10610.220931831589,-0.48825263350593673
"osm_way_912324841_0_0","osm:way/912324841","road",0,0,-21418.18331842115,2258.2811541129927,-0.36305815295811783
"osm_way_912324841_0_1","osm:way/912324841","road",0,1,-22268.79238274199,-7031.747991852134,-0.42697655631513953
"osm_way_912324841_0_2","osm:way/912324841","road",0,2,-22454.665819198643,-8798.210000074614,-0.4554477852138916
"osm_way_912325187_0_0","osm:way/912325187","road",0,0,-19260.692244823134,25071.171438407335,-0.7840912624061502
"osm_way_912325187_0_1","osm:way/912325187","road",0,1,-17360.681908597813,24864.580787789426,-0.7215273323950555
"osm_way_912325187_0_2","osm:way/912325187","road",0,2,-12242.027320011874,24306.981454218338,-0.5813919804495526
"osm_way_912325187_0_3","osm:way/912325187","road",0,3,-9303.514216633479,23991.51034124753,-0.5198697603390201
"osm_way_912325187_0_4","osm:way/912325187","road",0,4,-5207.138942902202,23551.606840825058,-0.45691748677967325
"osm_way_912325187_0_5","osm:way/912325187","road",0,5,-2785.854810745669,23292.763223485286,-0.4322453531528936
"osm_way_912325187_0_6","osm:way/912325187","road",0,6,2113.545462762036,22769.495011756215,-0.4107346141822177
"osm_way_912325187_0_7","osm:way/912325187","road",0,7,4439.01222007008,22520.624714770416,-0.41380757755575814
"osm_way_912325187_0_8","osm:way/912325187","road",0,8,7636.526102227514,22167.30526687624,-0.4316265474997749
"osm_way_912325187_0_9","osm:way/912325187","road",0,9,8691.26656242162,22056.194780448932,-0.44124602246142786
"osm_way_912325187_0_10","osm:way/912325187","road",0,10,9775.237357730688,21942.860278513537,-0.4529965211489184
"osm_way_912325187_0_11","osm:way/912325187","road",0,11,15817.861715678913,21366.148774183584,-0.5544206268567109
"osm_way_912325187_0_12","osm:way/912325187","road",0,12,21358.68423330799,20836.06052700216,-0.6980747802955989
"osm_way_912325187_0_13","osm:way/912325187","road",0,13,22298.122358505057,20746.041096897672,-0.7272349918409304
"osm_way_912325187_0_14","osm:way/912325187","road",0,14,22968.801448826598,20681.582008564732,-0.7488997252707463
"osm_way_912325188_0_0","osm:way/912325188","road",0,0,-19323.1885115066,24183.498262707697,-0.7516353445481627
"osm_way_912325188_0_1","osm:way/912325188","road",0,1,-20117.850563570795,15627.833174073698,-0.5086185121726317
"osm_way_912325188_0_2","osm:way/912325188","road",0,2,-20470.12531942691,11832.721234728775,-0.4379487333373788
"osm_way_912325188_0_3","osm:way/912325188","road",0,3,-21418.18331842115,2258.2811541129927,-0.36305815295811783
"osm_way_912351995_0_0","osm:way/912351995","road",0,0,-18673.010083731915,31711.502800662533,-1.0628171160021793
"osm_way_912351995_0_1","osm:way/912351995","road",0,1,-18839.41612449654,29945.043401239724,-0.9821521053595461
"osm_way_912351995_0_2","osm:way/912351995","road",0,2,-19143.003662223477,26729.86484627713,-0.8480448143444619
"osm_way_912354954_0_0","osm:way/912354954","road",0,0,-18115.988326614297,37693.02233911755,-1.372870642509838
"osm_way_912354954_0_1","osm:way/912354954","road",0,1,-18354.80792140083,35128.87924394414,-1.2330163030156882
"osm_way_912354954_0_2","osm:way/912354954","road",0,2,-18673.010083731915,31711.502800662533,-1.0628171160021793
"osm_way_920719062_0_0","osm:way/920719062","road",0,0,51317.46287971398,17969.24436924023,-2.314842775504644
"osm_way_920719062_0_1","osm:way/920719062","road",0,1,51276.02097404726,17545.964846428044,-2.2997067823638417
"osm_way_920719062_0_2","osm:way/920719062","road",0,2,50520.34350938629,10080.248239000592,-2.0774903341376216
"osm_way_920719062_0_3","osm:way/920719062","road",0,3,50239.98402181912,6881.762640168341,-2.012764828374003
"osm_way_920719062_0_4","osm:way/920719062","road",0,4,49984.02103026156,4166.550545205513,-1.9691222539851339
"osm_way_920719062_0_5","osm:way/920719062","road",0,5,49304.72542159507,-2872.5588923093783,-1.9091775577440018
"osm_way_920719062_0_6","osm:way/920719062","road",0,6,49121.903312131886,-4763.4310009940355,-1.9064346685922828
"osm_way_1046755375_0_0","osm:way/1046755375","road",0,0,36552.6443814992,15232.749914042708,-1.2280180605543478
"osm_way_1046755375_0_1","osm:way/1046755375","road",0,1,36497.481653653726,16168.196467819185,-1.2479369556089637
"osm_way_1046755375_0_2","osm:way/1046755375","road",0,2,36692.49439040333,18813.424807978536,-1.3317934167574208
"osm_way_1046755375_0_3","osm:way/1046755375","road",0,3,36673.84996922637,19381.135609539953,-1.3477548641134263
"osm_way_1054974917_0_0","osm:way/1054974917","road",0,0,-34080.48305865985,3946.450617050262,-0.9213172316083984
"osm_way_1054974917_0_1","osm:way/1054974917","road",0,1,-33805.23304387259,3917.578943963278,-0.9065137565087866
"osm_way_1054974917_0_2","osm:way/1054974917","road",0,2,-27651.49308516951,3267.935182774133,-0.6068406926925007
"osm_way_1054974917_0_3","osm:way/1054974917","road",0,3,-26819.24988119493,3197.9769384636866,-0.5710036978667787
"osm_way_1054974917_0_4","osm:way/1054974917","road",0,4,-24140.6476143504,3022.542904310807,-0.46330758674155703
"osm_way_1054974917_0_5","osm:way/1054974917","road",0,5,-24013.977768525107,2825.9042285674655,-0.4576300507578068
"osm_way_1054974917_0_6","osm:way/1054974917","road",0,6,-24032.64620521029,2650.368987500264,-0.45757710550162756
"osm_way_1054974917_0_7","osm:way/1054974917","road",0,7,-24039.950685391403,2565.9343735262205,-0.4575058673204069
"osm_way_1054974917_0_8","osm:way/1054974917","road",0,8,-24268.914129677905,2455.939368383103,-0.46572932970807557
"osm_way_1054974917_0_9","osm:way/1054974917","road",0,9,-26879.314922085916,2726.9197407254105,-0.5713358540750946
"osm_way_1058006781_0_0","osm:way/1058006781","road",0,0,38486.190305869466,20139.833291529372,-1.4779226669148215
"osm_way_1058006781_0_1","osm:way/1058006781","road",0,1,44571.00029187782,19625.078197709638,-1.8574083499274252
"osm_way_1058006781_0_2","osm:way/1058006781","road",0,2,45069.57567825835,20092.767040990613,-1.906979863419167
"osm_way_1058006781_0_3","osm:way/1058006781","road",0,3,45679.356011167685,20046.065203211565,-1.948819366587884
"osm_way_1058006781_0_4","osm:way/1058006781","road",0,4,46315.11896532532,19998.25006726499,-1.9930925035552605
"osm_way_1058006781_0_5","osm:way/1058006781","road",0,5,46607.387798098316,19452.73983548951,-1.997444657850167
"osm_way_1058006781_0_6","osm:way/1058006781","road",0,6,50107.73191108022,19170.302050380804,-2.2538465178655542
"osm_way_1059941092_0_0","osm:way/1059941092","road",0,0,-41270.9864985275,2940.61611972798,-1.3399515798457884
"osm_way_1059941092_0_1","osm:way/1059941092","road",0,1,-45497.1679119905,3326.9664805911198,-1.6288661243120117
"osm_way_1059941092_0_2","osm:way/1059941092","road",0,2,-46527.52870917805,3420.9869885453395,-1.7035784818748567
"osm_way_1059941093_0_0","osm:way/1059941093","road",0,0,-23060.746493153456,2469.3132284769326,-0.4210249505970154
"osm_way_1059941093_0_1","osm:way/1059941093","road",0,1,-21418.18331842115,2258.2811541129927,-0.36305815295811783
"osm_way_1059941094_0_0","osm:way/1059941094","road",0,0,-23389.52476817053,791.7246306692061,-0.4286808588369606
"osm_way_1059941094_0_1","osm:way/1059941094","road",0,1,-23432.51822124247,-347.0297134785012,-0.4298588482547938
"osm_way_1059941095_0_0","osm:way/1059941095","road",0,0,-23018.63647507927,5740.0348706194,-0.44059704660135424
"osm_way_1059941095_0_1","osm:way/1059941095","road",0,1,-23150.124179774964,4351.307503320668,-0.43434057466278375
"osm_way_1059941096_0_0","osm:way/1059941096","road",0,0,-19926.698571230158,3971.455192442089,-0.32317634448872923
"osm_way_1059941096_0_1","osm:way/1059941096","road",0,1,-19828.49026912096,5230.1965096042795,-0.32921832953931585
"osm_way_1060125868_0_0","osm:way/1060125868","road",0,0,6498.047188147521,11230.848593200097,-0.13212457118569887
"osm_way_1060125868_0_1","osm:way/1060125868","road",0,1,6382.750191460635,11241.959469176601,-0.13115833332477678
"osm_way_1060125868_0_2","osm:way/1060125868","road",0,2,5314.222927169556,11346.400626760133,-0.123228889950866
"osm_way_1066913494_0_0","osm:way/1066913494","building",0,0,31296.560591516918,8914.879604996924,-0.8290565806426287
"osm_way_1066913494_0_1","osm:way/1066913494","building",0,1,31489.92347120799,11482.34134421089,-0.8796943628404108
"osm_way_1066913494_0_2","osm:way/1066913494","building",0,2,31624.790992608116,13275.45387030101,-0.9212276746978887
"osm_way_1066913494_0_3","osm:way/1066913494","building",0,3,34559.99305798301,13056.448078179967,-1.0687485414720754
"osm_way_1066913494_0_4","osm:way/1066913494","building",0,4,34129.37015381696,7338.264931911182,-0.9539922835536174
"osm_way_1066913494_0_5","osm:way/1066913494","building",0,5,31194.19267482685,7557.268881835916,-0.8064838753462311
"osm_way_1066913494_0_6","osm:way/1066913494","building",0,6,31296.560591516918,8914.879604996924,-0.8290565806426287
"osm_way_1066913495_0_0","osm:way/1066913495","road",0,0,22163.036636553494,11560.478413754128,-0.4894365411402646
"osm_way_1066913495_0_1","osm:way/1066913495","road",0,1,23504.376757496004,11437.114713750549,-0.5351524633951499
"osm_way_1066913495_0_2","osm:way/1066913495","road",0,2,23982.614599132976,11389.325923176011,-0.5520706680968601
"osm_way_1066913495_0_3","osm:way/1066913495","road",0,3,24503.885725264696,11339.313287153453,-0.5709599841836166
"osm_way_1066913495_0_4","osm:way/1066913495","road",0,4,26703.45717467063,11204.801959986924,-0.6567362313788294
"osm_way_1066913495_0_5","osm:way/1066913495","road",0,5,27152.46469076578,11164.788932738888,-0.6749601373343239
"osm_way_1066913495_0_6","osm:way/1066913495","road",0,6,28327.3556327795,11101.415162419173,-0.7248698245369667
"osm_way_1066913495_0_7","osm:way/1066913495","road",0,7,28316.775889457615,10517.041062400545,-0.7144775203457243
"osm_way_1066913495_0_8","osm:way/1066913495","road",0,8,28192.435839289134,7829.589864652879,-0.6702487668128754
"osm_way_1066913496_0_0","osm:way/1066913496","road",0,0,23982.614599132976,11389.325923176011,-0.5520706680968601
"osm_way_1066913496_0_1","osm:way/1066913496","road",0,1,23880.275281018352,10439.443158505455,-0.5319496791180711
"osm_way_1066913496_0_2","osm:way/1066913496","road",0,2,23329.535827233052,3542.5091322530316,-0.43585249162916284
"osm_way_1066913499_0_0","osm:way/1066913499","road",0,0,23982.614599132976,11389.325923176011,-0.5520706680968601
"osm_way_1066913499_0_1","osm:way/1066913499","road",0,1,24322.02561595547,11814.818498016186,-0.5726584378749067
"osm_way_1066913499_0_2","osm:way/1066913499","road",0,2,26036.89025679113,12382.464744592593,-0.6510399250210241
"osm_way_1066913499_0_3","osm:way/1066913499","road",0,3,26734.37052621454,12707.954241539208,-0.6862633535249074
"osm_way_1066913499_0_4","osm:way/1066913499","road",0,4,28562.88862628328,12696.769982754095,-0.7651801007497738
"osm_way_1066913499_0_5","osm:way/1066913499","road",0,5,29100.400100228326,12661.195850969689,-0.7887308005344096
"osm_way_1066913499_0_6","osm:way/1066913499","road",0,6,31259.377938670645,12541.114219583125,-0.8883509998952377
"osm_way_1066913499_0_7","osm:way/1066913499","road",0,7,31327.64069448574,13813.18108217539,-0.9180280332472535
"osm_way_1066913499_0_8","osm:way/1066913499","road",0,8,33423.289690949474,13699.761359519644,-1.021784766753342
"osm_way_1066913499_0_9","osm:way/1066913499","road",0,9,35010.65526724542,13598.582332189411,-1.1046391248868304
"osm_way_1066913499_0_10","osm:way/1066913499","road",0,10,36079.99629513204,13547.421341808666,-1.1630487916193033
"osm_way_1066913501_0_0","osm:way/1066913501","road",0,0,31061.908703936388,8942.664839265239,-0.8179934926609178
"osm_way_1066913501_0_1","osm:way/1066913501","road",0,1,31296.560591516918,8914.879604996924,-0.8290565806426287
"osm_way_1066913502_0_0","osm:way/1066913502","road",0,0,31206.552883917084,11494.575190815389,-0.8660097078603712
"osm_way_1066913502_0_1","osm:way/1066913502","road",0,1,31489.92347120799,11482.34134421089,-0.8796943628404108
"osm_way_1066913503_0_0","osm:way/1066913503","green",0,0,29377.113127690835,8894.967778715245,-0.7376254435044416
"osm_way_1066913503_0_1","osm:way/1066913503","green",0,1,29431.56609255578,10103.709743795458,-0.7581703742303603
"osm_way_1066913503_0_2","osm:way/1066913503","green",0,2,29450.260657414645,10558.09902674825,-0.7664064480884747
"osm_way_1066913503_0_3","osm:way/1066913503","green",0,3,29499.845021799876,11832.388879363527,-0.7911059804065701
"osm_way_1066913503_0_4","osm:way/1066913503","green",0,4,29551.823307216357,12139.016600413288,-0.7992819913802407
"osm_way_1066913503_0_5","osm:way/1066913503","green",0,5,29687.426128589224,12293.436651967364,-0.8085329729667023
"osm_way_1066913503_0_6","osm:way/1066913503","green",0,6,29805.973269604943,12340.092540989843,-0.8149557996944168
"osm_way_1066913503_0_7","osm:way/1066913503","green",0,7,30486.388221077796,12307.843956316588,-0.8464406544810288
"osm_way_1066913503_0_8","osm:way/1066913503","green",0,8,30626.852028916823,12218.959378105228,-0.8514470172301003
"osm_way_1066913503_0_9","osm:way/1066913503","green",0,9,30655.26083731009,12007.872239155635,-0.8487926035030569
"osm_way_1066913503_0_10","osm:way/1066913503","green",0,10,30607.310515715777,11006.88304134305,-0.8283978076107701
"osm_way_1066913503_0_11","osm:way/1066913503","green",0,11,30592.68132568096,10694.698822378476,-0.8223753665120626
"osm_way_1066913503_0_12","osm:way/1066913503","green",0,12,30582.11570524429,10466.948763434842,-0.8180836362591037
"osm_way_1066913503_0_13","osm:way/1066913503","green",0,13,30555.295584768948,9894.796184393823,-0.8076493672731999
"osm_way_1066913503_0_14","osm:way/1066913503","green",0,14,30541.479241805417,9601.498552242554,-0.802496975428113
"osm_way_1066913503_0_15","osm:way/1066913503","green",0,15,30522.76943595597,8823.814623008311,-0.7903472608838058
"osm_way_1066913503_0_16","osm:way/1066913503","green",0,16,30392.851800656797,8692.725018790214,-0.7823494268862419
"osm_way_1066913503_0_17","osm:way/1066913503","green",0,17,30214.220585621388,8634.96212401702,-0.7730895346391264
"osm_way_1066913503_0_18","osm:way/1066913503","green",0,18,29533.80930288506,8667.210437896858,-0.7417086944165874
"osm_way_1066913503_0_19","osm:way/1066913503","green",0,19,29418.515525987812,8733.874139474901,-0.7373000121006612
"osm_way_1066913503_0_20","osm:way/1066913503","green",0,20,29377.113127690835,8894.967778715245,-0.7376254435044416
"osm_way_1066913505_0_0","osm:way/1066913505","road",0,0,34581.60446341189,6944.95573239592,-0.973900826976859
"osm_way_1066913505_0_1","osm:way/1066913505","road",0,1,35010.65526724542,13598.582332189411,-1.1046391248868304
"osm_way_1066913506_0_0","osm:way/1066913506","road",0,0,21018.34887107062,16866.546492568978,-0.5692288530894984
"osm_way_1066913506_0_1","osm:way/1066913506","road",0,1,20803.91524234196,14364.630347749597,-0.5008329940650924
"osm_way_1066913506_0_2","osm:way/1066913506","road",0,2,20474.145205037694,10510.65704502551,-0.41487465053791084
"osm_way_1066913506_0_3","osm:way/1066913506","road",0,3,20425.41102284121,9940.726683463381,-0.404158908316532
"osm_way_1066913506_0_4","osm:way/1066913506","road",0,4,19674.885583762654,150.80792731676468,-0.3029998163027847
"osm_way_1066913507_0_0","osm:way/1066913507","road",0,0,23504.376757496004,11437.114713750549,-0.5351524633951499
"osm_way_1066913507_0_1","osm:way/1066913507","road",0,1,23031.795596851334,10691.664533158073,-0.5049819659177501
"osm_way_1066913507_0_2","osm:way/1066913507","road",0,2,22415.28881422744,3540.3179812481653,-0.4031063478471708
"osm_way_1066913507_0_3","osm:way/1066913507","road",0,3,23037.210009052644,2758.168401126968,-0.4213618150911813
"osm_way_1066913507_0_4","osm:way/1066913507","road",0,4,22725.306019847856,-782.5092072384776,-0.4046953952387522
"osm_way_1066913507_0_5","osm:way/1066913507","road",0,5,23768.62108352165,-1469.1296044254539,-0.4438766964919516
"osm_way_1066913507_0_6","osm:way/1066913507","road",0,6,23668.728096528346,-2181.2632922438675,-0.44220962854897294
"osm_way_1066913507_0_7","osm:way/1066913507","road",0,7,22710.644021142656,-2191.2293673886593,-0.4074644769408664
"osm_way_1066929106_0_0","osm:way/1066929106","green",0,0,28592.144115568994,13294.475010590451,-0.7786914539536838
"osm_way_1066929106_0_1","osm:way/1066929106","green",0,1,28634.401849075835,14151.037394185612,-0.7990502675212952
"osm_way_1066929106_0_2","osm:way/1066929106","green",0,2,30210.40276702863,14070.978657151976,-0.8698621354653824
"osm_way_1066929106_0_3","osm:way/1066929106","green",0,3,30195.77478087923,13783.235964241678,-0.8628749429078653
"osm_way_1066929106_0_4","osm:way/1066929106","green",0,4,30302.14056839765,13777.676333639916,-0.8677912771332785
"osm_way_1066929106_0_5","osm:way/1066929106","green",0,5,30297.263139310555,13649.914062299848,-0.8648073291254832
"osm_way_1066929106_0_6","osm:way/1066929106","green",0,6,30199.016667934666,13649.918440162508,-0.8601554592061689
"osm_way_1066929106_0_7","osm:way/1066929106","green",0,7,30173.022426599302,13386.617770247063,-0.853335406991107
"osm_way_1066929106_0_8","osm:way/1066929106","green",0,8,30101.56658329467,13298.853667275034,-0.84812476385423
"osm_way_1066929106_0_9","osm:way/1066929106","green",0,9,29961.90781735895,13237.75604641399,-0.8402856240422807
"osm_way_1066929106_0_10","osm:way/1066929106","green",0,10,29020.04224516782,13257.794572635401,-0.7972214340668415
"osm_way_1066929106_0_11","osm:way/1066929106","green",0,11,29013.542578346085,13163.361705695394,-0.7949665411828732
"osm_way_1066929106_0_12","osm:way/1066929106","green",0,12,28804.058705318606,13167.8145397659,-0.7855788049994317
"osm_way_1066929106_0_13","osm:way/1066929106","green",0,13,28807.311187738094,13277.801240861856,-0.788010023255481
"osm_way_1066929106_0_14","osm:way/1066929106","green",0,14,28592.144115568994,13294.475010590451,-0.7786914539536838
"osm_way_1066929107_0_0","osm:way/1066929107","building",0,0,29699.41225512929,7878.408647700968,-0.7391346869923154
"osm_way_1066929107_0_1","osm:way/1066929107","building",0,1,29675.84450731657,7391.801195421507,-0.732202726418052
"osm_way_1066929107_0_2","osm:way/1066929107","building",0,2,28556.98407399131,7446.287122651681,-0.6818417478392291
"osm_way_1066929107_0_3","osm:way/1066929107","building",0,3,28581.362969077683,7932.894579007024,-0.6888104171750342
"osm_way_1066929107_0_4","osm:way/1066929107","building",0,4,29699.41225512929,7878.408647700968,-0.7391346869923154
"osm_way_1066929109_0_0","osm:way/1066929109","road",0,0,31098.475456378357,9577.031741817857,-0.8290008152314954
"osm_way_1066929109_0_1","osm:way/1066929109","road",0,1,29966.620931904843,9644.852324422522,-0.7759274538251759
"osm_way_1066929109_0_2","osm:way/1066929109","road",0,2,29681.627088137175,9654.863649987627,-0.7627738575649801
"osm_way_1066929109_0_3","osm:way/1066929109","road",0,3,29593.14546376851,10133.699130966519,-0.7661118145698254
"osm_way_1066929109_0_4","osm:way/1066929109","road",0,4,29265.930146808965,10147.045056084973,-0.7512499716739285
"osm_way_1066929109_0_5","osm:way/1066929109","road",0,5,28969.569206558175,10167.055376598042,-0.7380609243121228
"osm_way_1066929110_0_0","osm:way/1066929110","road",0,0,31013.978606361452,8392.732795233871,-0.808176463407051
"osm_way_1066929110_0_1","osm:way/1066929110","road",0,1,28926.46663510878,8542.807025996863,-0.712237155262585
"osm_way_1066929110_0_2","osm:way/1066929110","road",0,2,28969.569206558175,10167.055376598042,-0.7380609243121228
"osm_way_1066929110_0_3","osm:way/1066929110","road",0,3,28992.32340720955,10625.888411234075,-0.7465872879379276
"osm_way_1066929110_0_4","osm:way/1066929110","road",0,4,29100.400100228326,12661.195850969689,-0.7887308005344096
"osm_way_1066929111_0_0","osm:way/1066929111","building",0,0,29230.157555074806,9060.509881588783,-0.733219213039149
"osm_way_1066929111_0_1","osm:way/1066929111","building",0,1,29477.801366252515,9047.16743376529,-0.7444086778697567
"osm_way_1066929111_0_2","osm:way/1066929111","building",0,2,29458.298974192912,8687.211327616013,-0.7384947756314375
"osm_way_1066929111_0_3","osm:way/1066929111","building",0,3,29211.467242403647,8700.553733411292,-0.7273423595115958
"osm_way_1066929111_0_4","osm:way/1066929111","building",0,4,29230.157555074806,9060.509881588783,-0.733219213039149
"osm_way_1068943540_0_0","osm:way/1068943540","road",0,0,26734.37052621454,12707.954241539208,-0.6862633535249074
"osm_way_1068943540_0_1","osm:way/1068943540","road",0,1,26631.27548490321,13294.554771575145,-0.6939382869475708
"osm_way_1068946498_0_0","osm:way/1068946498","road",0,0,44092.2469131527,36805.27187352279,-2.585707001193782
"osm_way_1068946498_0_1","osm:way/1068946498","road",0,1,44016.68317227642,36043.146029972566,-2.536885630922825
"osm_way_1069029332_0_0","osm:way/1069029332","road",0,0,-12271.2493579799,23821.48354865036,-0.5635986626586487
"osm_way_1069029332_0_1","osm:way/1069029332","road",0,1,-12292.354330485885,23481.52390224305,-0.551372925626481
"osm_way_1069029332_0_2","osm:way/1069029332","road",0,2,-12643.066957974186,20436.326711349357,-0.45316717991141786
"osm_way_1069029332_0_3","osm:way/1069029332","road",0,3,-12018.66643518716,20356.34763432229,-0.43855179317375814
"osm_way_1069029332_0_4","osm:way/1069029332","road",0,4,-9279.100714293458,20004.210568875344,-0.38172042617929947
"osm_way_1069029332_0_5","osm:way/1069029332","road",0,5,-9626.582537549622,17333.414433996466,-0.3085321160128274
"osm_way_1069029332_0_6","osm:way/1069029332","road",0,6,-9667.176043511181,17022.33998839083,-0.30075041433121896
"osm_way_1069029332_0_7","osm:way/1069029332","road",0,7,-5990.625221012788,16632.42907422654,-0.2453857206774046
"osm_way_1069029334_0_0","osm:way/1069029334","green",0,0,-11740.967900789366,19927.51496664408,-0.41981816790155335
"osm_way_1069029334_0_1","osm:way/1069029334","green",0,1,-9663.966120738005,19685.35449686924,-0.37748605690239856
"osm_way_1069029334_0_2","osm:way/1069029334","green",0,2,-9890.475303550902,17757.80427310374,-0.3242611085312319
"osm_way_1069029334_0_3","osm:way/1069029334","green",0,3,-11967.471267067116,17999.964057335852,-0.36659613604825836
"osm_way_1069029334_0_4","osm:way/1069029334","green",0,4,-11740.967900789366,19927.51496664408,-0.41981816790155335
"osm_way_1069029335_0_0","osm:way/1069029335","road",0,0,-9667.176043511181,17022.33998839083,-0.30075041433121896
"osm_way_1069029335_0_1","osm:way/1069029335","road",0,1,-10009.007721535052,16833.46875589509,-0.30099204032865146
"osm_way_1069029335_0_2","osm:way/1069029335","road",0,2,-10193.293537499076,14923.694615564042,-0.2562666135730751
"osm_way_1069029336_0_0","osm:way/1069029336","road",0,0,-20470.12531942691,11832.721234728775,-0.4379487333373788
"osm_way_1069029336_0_1","osm:way/1069029336","road",0,1,-18794.25211144334,11688.342537391167,-0.38377831275440144
"osm_way_1069029336_0_2","osm:way/1069029336","road",0,2,-15891.517963356622,11437.335625305783,-0.3004142137655208
"osm_way_1069029336_0_3","osm:way/1069029336","road",0,3,-15144.728004483073,20651.805248817516,-0.51453113875084
"osm_way_1069029336_0_4","osm:way/1069029336","road",0,4,-12643.066957974186,20436.326711349357,-0.45316717991141786
"osm_way_1069029337_0_0","osm:way/1069029337","building",0,0,-23371.45696802809,18416.283997215272,-0.693934439631505
"osm_way_1069029337_0_1","osm:way/1069029337","building",0,1,-23148.979432602362,18401.84890554395,-0.6854164241346439
"osm_way_1069029337_0_2","osm:way/1069029337","building",0,2,-22026.846287540786,18265.23594052444,-0.6418043238554105
"osm_way_1069029337_0_3","osm:way/1069029337","building",0,3,-22125.873412563775,17284.239064086756,-0.6178332396075348
"osm_way_1069029337_0_4","osm:way/1069029337","building",0,4,-23471.293554718883,17418.622227436343,-0.6695125478387354
"osm_way_1069029337_0_5","osm:way/1069029337","building",0,5,-23371.45696802809,18416.283997215272,-0.693934439631505
"osm_way_1069029338_0_0","osm:way/1069029338","road",0,0,-33785.75846110374,20473.376925932494,-1.2226745600514732
"osm_way_1069029338_0_1","osm:way/1069029338","road",0,1,-32545.074745857226,20367.89462790013,-1.1548781704789235
"osm_way_1069029338_0_2","osm:way/1069029338","road",0,2,-30198.494673991838,20168.027026186326,-1.0332759058400143
"osm_way_1069029338_0_3","osm:way/1069029338","road",0,3,-25144.016162389387,19779.390746203706,-0.8021399319162015
"osm_way_1069029338_0_4","osm:way/1069029338","road",0,4,-24943.545444001727,22060.236053267847,-0.869240146639072
"osm_way_1069029338_0_5","osm:way/1069029338","road",0,5,-30007.785678017182,22477.75880954844,-1.10166043721307
"osm_way_1069029338_0_6","osm:way/1069029338","road",0,6,-30198.494673991838,20168.027026186326,-1.0332759058400143
"osm_way_1069029339_0_0","osm:way/1069029339","green",0,0,-27096.05203331156,21785.741975168457,-0.9474604425946609
"osm_way_1069029339_0_1","osm:way/1069029339","green",0,1,-25642.630860867594,21639.149335081875,-0.8824654100124008
"osm_way_1069029339_0_2","osm:way/1069029339","green",0,2,-25774.931659585996,20340.411000091735,-0.8449644478901064
"osm_way_1069029339_0_3","osm:way/1069029339","green",0,3,-27228.35012469392,20488.114337941246,-0.9099968383210921
"osm_way_1069029339_0_4","osm:way/1069029339","green",0,4,-27096.05203331156,21785.741975168457,-0.9474604425946609
"osm_way_1069029341_0_0","osm:way/1069029341","road",0,0,-29929.897102486142,23839.82127427777,-1.147561233757699
"osm_way_1069029341_0_1","osm:way/1069029341","road",0,1,-29925.05223902191,24450.859377494,-1.1705121071784674
"osm_way_1069029342_0_0","osm:way/1069029342","road",0,0,-29929.897102486142,23839.82127427777,-1.147561233757699
"osm_way_1069029342_0_1","osm:way/1069029342","road",0,1,-30007.785678017182,22477.75880954844,-1.10166043721307
"osm_way_1069029343_0_0","osm:way/1069029343","road",0,0,-29925.05223902191,24450.859377494,-1.1705121071784674
"osm_way_1069029343_0_1","osm:way/1069029343","road",0,1,-29906.409442097676,25187.438592735565,-1.1983585632762583
"osm_way_1069656296_0_0","osm:way/1069656296","road",0,0,-35679.77992668617,-434.2192956119741,-0.9965548005308911
"osm_way_1069656296_0_1","osm:way/1069656296","road",0,1,-36328.5224185185,-350.9303244573663,-1.0330668691651779
"osm_way_1069656296_0_2","osm:way/1069656296","road",0,2,-37198.113635820795,-239.87957971713146,-1.0830593906301589
"osm_way_1069656296_0_3","osm:way/1069656296","road",0,3,-40505.97312878974,184.32484240341847,-1.284220289138649
"osm_way_1069656297_0_0","osm:way/1069656297","road",0,0,-40505.97312878974,184.32484240341847,-1.284220289138649
"osm_way_1069656297_0_1","osm:way/1069656297","road",0,1,-41464.087488246165,630.8803096288137,-1.345976359510015
"osm_way_1069656297_0_2","osm:way/1069656297","road",0,2,-41562.26908497146,-397.8916975697541,-1.3521682933934631
"osm_way_1069656298_0_0","osm:way/1069656298","road",0,0,-45631.850350179084,1840.4683920743544,-1.632438949491899
"osm_way_1069656298_0_1","osm:way/1069656298","road",0,1,-45588.03758911148,2317.0810570471713,-1.630867131676439
"osm_way_1069656299_0_0","osm:way/1069656299","road",0,0,-45771.38038061665,6.233674753075894,-1.6397601463680542
"osm_way_1069656299_0_1","osm:way/1069656299","road",0,1,-45718.67093215152,993.8970229294388,-1.6367617401128243
"osm_way_1069656299_0_2","osm:way/1069656299","road",0,2,-45631.850350179084,1840.4683920743544,-1.632438949491899
"osm_way_1069656300_0_0","osm:way/1069656300","road",0,0,-45588.03758911148,2317.0810570471713,-1.630867131676439
"osm_way_1069656300_0_1","osm:way/1069656300","road",0,1,-45497.1679119905,3326.9664805911198,-1.6288661243120117
"osm_way_1069656300_0_2","osm:way/1069656300","road",0,2,-45441.17076482139,3728.033414207865,-1.6271030128706343
"osm_way_1069656300_0_3","osm:way/1069656300","road",0,3,-45339.7264901122,4454.620028769439,-1.6245649977097543
"osm_way_1069656300_0_4","osm:way/1069656300","road",0,4,-45258.57089903887,5035.667107872776,-1.6231416443680757
"osm_way_1069656300_0_5","osm:way/1069656300","road",0,5,-45225.29725671961,5276.751620241422,-1.6227380520884793
"osm_way_1069656301_0_0","osm:way/1069656301","road",0,0,-46527.36675900008,1058.233628237846,-1.6952536260687268
"osm_way_1069656301_0_1","osm:way/1069656301","road",0,1,-45718.67093215152,993.8970229294388,-1.6367617401128243
"osm_way_1069656301_0_2","osm:way/1069656301","road",0,2,-41464.087488246165,630.8803096288137,-1.345976359510015
"osm_way_1069656301_0_3","osm:way/1069656301","road",0,3,-41286.40210250756,2755.081796762767,-1.340117662223328
"osm_way_1069656301_0_4","osm:way/1069656301","road",0,4,-41270.9864985275,2940.61611972798,-1.3399515798457884
"osm_way_1085398893_0_0","osm:way/1085398893","road",0,0,23668.728096528346,-2181.2632922438675,-0.44220962854897294
"osm_way_1085398893_0_1","osm:way/1085398893","road",0,1,24883.37860970439,-2312.402188528223,-0.4888309817038916
"osm_way_1085398893_0_2","osm:way/1085398893","road",0,2,25358.31397816284,-3563.381507249101,-0.5132811232165579
"osm_way_1085398893_0_3","osm:way/1085398893","road",0,3,34861.132430113284,-4611.4557318625175,-0.9679113254271954
"osm_way_1085398893_0_4","osm:way/1085398893","road",0,4,36011.63601922225,-4700.394072507858,-1.0323824371639034
"osm_way_1085398893_0_5","osm:way/1085398893","road",0,5,39173.286457439965,-4946.09541439808,-1.2202971530935969
"osm_way_1085398893_0_6","osm:way/1085398893","road",0,6,48156.453482471734,-5642.145814258312,-1.840108354696568
"osm_way_1085398894_0_0","osm:way/1085398894","road",0,0,34861.132430113284,-4611.4557318625175,-0.9679113254271954
"osm_way_1085398894_0_1","osm:way/1085398894","road",0,1,34828.62554633082,-5188.0519004777125,-0.9705766534175098
"osm_way_1085398894_0_2","osm:way/1085398894","road",0,2,34801.00801847428,-5419.134011807356,-0.9709968096718313
"osm_way_1085398895_0_0","osm:way/1085398895","road",0,0,34860.33778548411,-4274.82921047562,-0.9655183095897968
"osm_way_1085398895_0_1","osm:way/1085398895","road",0,1,34885.57096782849,-3043.866361771792,-0.9598192965267316
"osm_way_1085398895_0_2","osm:way/1085398895","road",0,2,34912.431827142995,-1740.6900232989806,-0.956389094860377
"osm_way_1085398896_0_0","osm:way/1085398896","road",0,0,25860.950980812806,-2250.223935245731,-0.5274346754928771
"osm_way_1085398896_0_1","osm:way/1085398896","road",0,1,26299.394531484508,-2289.1250262068907,-0.5454730219888404
"osm_way_1085398896_0_2","osm:way/1085398896","road",0,2,34885.57096782849,-3043.866361771792,-0.9598192965267316
"osm_way_1085398896_0_3","osm:way/1085398896","road",0,3,46684.52951218813,-4081.118204258943,-1.7189226695887072
"osm_way_1085398897_0_0","osm:way/1085398897","road",0,0,49316.96938572117,9197.109033811028,-1.9700833884186864
"osm_way_1085398897_0_1","osm:way/1085398897","road",0,1,48419.72231485819,-2794.7266948882566,-1.8411386351012027
"osm_way_1085398897_0_2","osm:way/1085398897","road",0,2,48289.7126347679,-4202.327153442604,-1.839033943218027
"osm_way_1085398897_0_3","osm:way/1085398897","road",0,3,48156.453482471734,-5642.145814258312,-1.840108354696568
"osm_way_1085398897_0_4","osm:way/1085398897","road",0,4,47352.7730817743,-12302.405768423618,-1.8739078409652166
"osm_way_1085398898_0_0","osm:way/1085398898","road",0,0,24883.37860970439,-2312.402188528223,-0.4888309817038916
"osm_way_1085398898_0_1","osm:way/1085398898","road",0,1,25860.950980812806,-2250.223935245731,-0.5274346754928771
"osm_way_1086163838_0_0","osm:way/1086163838","road",0,0,47466.41696962073,-4140.054288588799,-1.7769217554331362
"osm_way_1086163838_0_1","osm:way/1086163838","road",0,1,48289.7126347679,-4202.327153442604,-1.839033943218027
"osm_way_1086163839_0_0","osm:way/1086163839","road",0,0,46684.52951218813,-4081.118204258943,-1.7189226695887072
"osm_way_1086163839_0_1","osm:way/1086163839","road",0,1,47466.41696962073,-4140.054288588799,-1.7769217554331362
"osm_way_1086163840_0_0","osm:way/1086163840","road",0,0,38836.326196307724,-5093.836191792733,-1.2008883119005276
"osm_way_1086163840_0_1","osm:way/1086163840","road",0,1,39156.22563017378,-5123.850989182388,-1.2206572675726335
"osm_way_1086163841_0_0","osm:way/1086163841","road",0,0,38798.13860010636,-5562.666934979138,-1.2024922637742463
"osm_way_1086163841_0_1","osm:way/1086163841","road",0,1,38836.326196307724,-5093.836191792733,-1.2008883119005276
"osm_way_1086163842_0_0","osm:way/1086163842","road",0,0,39156.22563017378,-5123.850989182388,-1.2206572675726335
"osm_way_1086163842_0_1","osm:way/1086163842","road",0,1,39173.286457439965,-4946.09541439808,-1.2202971530935969
"osm_way_1101538899_0_0","osm:way/1101538899","road",0,0,21424.491096088128,22035.914723929618,-0.74068416388684
"osm_way_1101538899_0_1","osm:way/1101538899","road",0,1,21358.68423330799,20836.06052700216,-0.6980747802955989
"osm_way_1101538899_0_2","osm:way/1101538899","road",0,2,21344.059120315895,20524.98713531019,-0.6874795642076492
"osm_way_1101538900_0_0","osm:way/1101538900","road",0,0,22710.644021142656,-2191.2293673886593,-0.4074644769408664
"osm_way_1101538900_0_1","osm:way/1101538900","road",0,1,22630.223566816756,-3356.643079681007,-0.40968913730985435
"osm_way_1101538900_0_2","osm:way/1101538900","road",0,2,21868.631258824702,-3302.180171596528,-0.38287879464995456
"osm_way_1101538900_0_3","osm:way/1101538900","road",0,3,21075.019871479784,-12301.081257565362,-0.4664968064908237
"osm_way_1103596084_0_0","osm:way/1103596084","road",0,0,7303.30345828087,-7314.721527026975,-0.08377540406101502
"osm_way_1103596084_0_1","osm:way/1103596084","road",0,1,7115.72263736048,-9715.544189838818,-0.1137745514121491
"osm_way_1103596084_0_2","osm:way/1103596084","road",0,2,7090.549612556906,-10032.172821088867,-0.11840604043769076
"osm_way_1103596084_0_3","osm:way/1103596084","road",0,3,6938.699692899044,-11965.274011521718,-0.15014044537196014
"osm_way_1103596085_0_0","osm:way/1103596085","road",0,0,6938.699692899044,-11965.274011521718,-0.15014044537196014
"osm_way_1103596085_0_1","osm:way/1103596085","road",0,1,6911.458111613299,-12300.789275951187,-0.15624027435805488
"osm_way_1103811713_0_0","osm:way/1103811713","building",0,0,29128.40914021585,3122.335249166512,-0.6717460770410355
"osm_way_1103811713_0_1","osm:way/1103811713","building",0,1,29196.673122318178,4537.718719561492,-0.6833786505119122
"osm_way_1103811713_0_2","osm:way/1103811713","building",0,2,29264.125347928733,5950.880229770879,-0.6981076091538085
"osm_way_1103811713_0_3","osm:way/1103811713","building",0,3,30107.734533247152,5910.848117874891,-0.7369372087431714
"osm_way_1103811713_0_4","osm:way/1103811713","building",0,4,29972.82676001515,3082.303268287211,-0.7106123055136138
"osm_way_1103811713_0_5","osm:way/1103811713","building",0,5,29128.40914021585,3122.335249166512,-0.6717460770410355
"osm_way_1111982462_0_0","osm:way/1111982462","building",0,0,25894.510418704645,4830.040018484862,-0.5431417480988188
"osm_way_1111982462_0_1","osm:way/1111982462","building",0,1,26086.21508877678,7066.43199834722,-0.5718394060906462
"osm_way_1111982462_0_2","osm:way/1111982462","building",0,2,26799.10103209868,6989.746726618941,-0.6005013668776371
"osm_way_1111982462_0_3","osm:way/1111982462","building",0,3,26686.18650719538,5616.5820027792115,-0.5821770313914953
"osm_way_1111982462_0_4","osm:way/1111982462","building",0,4,28943.38415350292,5414.291459817297,-0.6787048278706465
"osm_way_1111982462_0_5","osm:way/1111982462","building",0,5,28910.869799083808,4555.506605460707,-0.6705070667038626
"osm_way_1111982462_0_6","osm:way/1111982462","building",0,6,25894.510418704645,4830.040018484862,-0.5431417480988188
"osm_way_1111982463_0_0","osm:way/1111982463","road",0,0,24148.56020108098,20032.729885159715,-0.7716567336075286
"osm_way_1111982463_0_1","osm:way/1111982463","road",0,1,24206.984498982492,18996.185272121493,-0.7420905965716429
"osm_way_1111982463_0_2","osm:way/1111982463","road",0,2,23504.376757496004,11437.114713750549,-0.5351524633951499
"osm_way_1111982464_0_0","osm:way/1111982464","road",0,0,28992.32340720955,10625.888411234075,-0.7465872879379276
"osm_way_1111982464_0_1","osm:way/1111982464","road",0,1,29284.62460194894,10601.43434310122,-0.7595121678271255
"osm_way_1111982464_0_2","osm:way/1111982464","road",0,2,29612.65208828823,10588.088373810811,-0.7744117066309286
"osm_way_1111982464_0_3","osm:way/1111982464","road",0,3,29767.75541592607,11061.358309650459,-0.7896685098828016
"osm_way_1111982464_0_4","osm:way/1111982464","road",0,4,30032.451019859418,11050.236868316906,-0.8018646442813804
"osm_way_1111982464_0_5","osm:way/1111982464","road",0,5,31182.984645013486,11023.521513667754,-0.856527039408661
"osm_way_1111982465_0_0","osm:way/1111982465","building",0,0,29917.95253342904,10746.94487204442,-0.79129909158695
"osm_way_1111982465_0_1","osm:way/1111982465","building",0,1,29810.77516932342,10750.282521822779,-0.786345088197038
"osm_way_1111982465_0_2","osm:way/1111982465","building",0,2,29738.515438120347,10839.163948592713,-0.7844843888605624
"osm_way_1111982465_0_3","osm:way/1111982465","building",0,3,29747.451182767247,10936.929640051783,-0.7865726782256388
"osm_way_1111982465_0_4","osm:way/1111982465","building",0,4,29827.02551131614,11008.028753761582,-0.7915086361172996
"osm_way_1111982465_0_5","osm:way/1111982465","building",0,5,29930.14316027469,11004.691280314368,-0.7962740488842712
"osm_way_1111982465_0_6","osm:way/1111982465","building",0,6,30001.59112946102,10920.253782046313,-0.7981713800830903
"osm_way_1111982465_0_7","osm:way/1111982465","building",0,7,29994.27920110248,10821.37704405231,-0.7961393839096331
"osm_way_1111982465_0_8","osm:way/1111982465","building",0,8,29917.95253342904,10746.94487204442,-0.79129909158695
"osm_way_1111982466_0_0","osm:way/1111982466","building",0,0,29874.872543134898,9688.184519648203,-0.7722882262250153
"osm_way_1111982466_0_1","osm:way/1111982466","building",0,1,29768.50729558734,9691.522127361164,-0.7673736212389315
"osm_way_1111982466_0_2","osm:way/1111982466","building",0,2,29696.247671552304,9780.40355106797,-0.7653699556612992
"osm_way_1111982466_0_3","osm:way/1111982466","building",0,3,29704.371446512596,9878.169280120072,-0.7672572656233001
"osm_way_1111982466_0_4","osm:way/1111982466","building",0,4,29784.757596293133,9949.268364645433,-0.7721075023169988
"osm_way_1111982466_0_5","osm:way/1111982466","building",0,5,29887.06313477187,9945.930933147025,-0.7768335046762331
"osm_way_1111982466_0_6","osm:way/1111982466","building",0,6,29958.510997803063,9861.493438117805,-0.7788664130771394
"osm_way_1111982466_0_7","osm:way/1111982466","building",0,7,29951.199038052237,9761.505719778994,-0.7769824977657436
"osm_way_1111982466_0_8","osm:way/1111982466","building",0,8,29874.872543134898,9688.184519648203,-0.7722882262250153
"osm_way_1111982468_0_0","osm:way/1111982468","green",0,0,30007.256665009965,10510.302569535763,-0.7915365046933687
"osm_way_1111982468_0_1","osm:way/1111982468","green",0,1,29980.437027340293,9938.149968007165,-0.7810872653131185
"osm_way_1111982468_0_2","osm:way/1111982468","green",0,2,29945.523477037546,9944.817378444332,-0.7795538628826648
"osm_way_1111982468_0_3","osm:way/1111982468","green",0,3,29916.295582649876,9997.03464418865,-0.7790024660373263
"osm_way_1111982468_0_4","osm:way/1111982468","green",0,4,29768.52122945411,10009.261901216254,-0.7722911513347697
"osm_way_1111982468_0_5","osm:way/1111982468","green",0,5,29787.218211099036,10513.64519528875,-0.7812937250953667
"osm_way_1111982468_0_6","osm:way/1111982468","green",0,6,30007.256665009965,10510.302569535763,-0.7915365046933687
"osm_way_1112034089_0_0","osm:way/1112034089","building",0,0,29974.022812298135,11781.263109819429,-0.812230605600206
"osm_way_1112034089_0_1","osm:way/1112034089","building",0,1,29866.845285174993,11784.600768629538,-0.8072724408968668
"osm_way_1112034089_0_2","osm:way/1112034089","building",0,2,29794.585451222218,11873.48219993284,-0.8055498841102349
"osm_way_1112034089_0_3","osm:way/1112034089","building",0,3,29803.52121752035,11971.247888773736,-0.8077979121736689
"osm_way_1112034089_0_4","osm:way/1112034089","building",0,4,29883.095673154436,12042.346994970041,-0.8128564117939163
"osm_way_1112034089_0_5","osm:way/1112034089","building",0,5,29986.213478972735,12039.009512943312,-0.8176253694408331
"osm_way_1112034089_0_6","osm:way/1112034089","building",0,6,30057.661549979995,11954.572010282716,-0.8193917466890355
"osm_way_1112034089_0_7","osm:way/1112034089","building",0,7,30050.34960241786,11855.69527448335,-0.8171984234600416
"osm_way_1112034089_0_8","osm:way/1112034089","building",0,8,29974.022812298135,11781.263109819429,-0.812230605600206
"osm_way_1112034091_0_0","osm:way/1112034091","green",0,0,30297.263139310555,13649.914062299848,-0.8648073291254832
"osm_way_1112034091_0_1","osm:way/1112034091","green",0,1,30278.57535578578,13362.17155053354,-0.8578160028903881
"osm_way_1112034091_0_2","osm:way/1112034091","green",0,2,30192.503046972375,13245.522676208453,-0.8513041285141298
"osm_way_1112034091_0_3","osm:way/1112034091","green",0,3,30075.57825058304,13167.759394685188,-0.8441753764088844
"osm_way_1112034091_0_4","osm:way/1112034091","green",0,4,29939.981144153528,13148.87875988759,-0.8374155014621465
"osm_way_1112034091_0_5","osm:way/1112034091","green",0,5,29013.542578346085,13163.361705695394,-0.7949665411828732
"osm_way_1112034091_0_6","osm:way/1112034091","green",0,6,29020.04224516782,13257.794572635401,-0.7972214340668415
"osm_way_1112034091_0_7","osm:way/1112034091","green",0,7,29961.90781735895,13237.75604641399,-0.8402856240422807
"osm_way_1112034091_0_8","osm:way/1112034091","green",0,8,30101.56658329467,13298.853667275034,-0.84812476385423
"osm_way_1112034091_0_9","osm:way/1112034091","green",0,9,30173.022426599302,13386.617770247063,-0.853335406991107
"osm_way_1112034091_0_10","osm:way/1112034091","green",0,10,30199.016667934666,13649.918440162508,-0.8601554592061689
"osm_way_1112034091_0_11","osm:way/1112034091","green",0,11,30297.263139310555,13649.914062299848,-0.8648073291254832
"osm_way_1112034092_0_0","osm:way/1112034092","green",0,0,30210.40276702863,14070.978657151976,-0.8698621354653824
"osm_way_1112034092_0_1","osm:way/1112034092","green",0,1,30316.768648910933,14066.530002278858,-0.8748028502381544
"osm_way_1112034092_0_2","osm:way/1112034092","green",0,2,30302.14056839765,13777.676333639916,-0.8677912771332785
"osm_way_1112034092_0_3","osm:way/1112034092","green",0,3,30195.77478087923,13783.235964241678,-0.8628749429078653
"osm_way_1112034092_0_4","osm:way/1112034092","green",0,4,30210.40276702863,14070.978657151976,-0.8698621354653824
"osm_way_1112034095_0_0","osm:way/1112034095","road",0,0,26703.45717467063,11204.801959986924,-0.6567362313788294
"osm_way_1112034095_0_1","osm:way/1112034095","road",0,1,26734.37052621454,12707.954241539208,-0.6862633535249074
"osm_way_1123262737_0_0","osm:way/1123262737","road",0,0,-46527.60905760134,4593.224507471293,-1.7109637672174216
"osm_way_1123262737_0_1","osm:way/1123262737","road",0,1,-45339.7264901122,4454.620028769439,-1.6245649977097543
"osm_way_1123262737_0_2","osm:way/1123262737","road",0,2,-37245.41803461119,3624.100619981424,-1.0960872249867748
"osm_way_1123262737_0_3","osm:way/1123262737","road",0,3,-36845.940183487706,3583.016222715932,-1.0726885081925985
"osm_way_1124218067_0_0","osm:way/1124218067","road",0,0,12437.70596633422,24011.457754457275,-0.5739557126787531
"osm_way_1124218067_0_1","osm:way/1124218067","road",0,1,12388.976386987173,23377.09021428016,-0.5493954581709204
"osm_way_1135921826_0_0","osm:way/1135921826","road",0,0,6786.1700668080975,-759.9431549295392,-0.03649830737346704
"osm_way_1135921826_0_1","osm:way/1135921826","road",0,1,6158.484145834192,-7214.722107171136,-0.07057182619902846
"osm_way_1163825734_0_0","osm:way/1163825734","road",0,0,30708.960093991125,32397.64932746465,-1.562571156259196
"osm_way_1163825734_0_1","osm:way/1163825734","road",0,1,30821.893458474064,33908.57404763501,-1.646703589574372
"osm_way_1163825734_0_2","osm:way/1163825734","road",0,2,25521.31675731249,34419.84381081461,-1.4403910457275515
"osm_way_1163825734_0_3","osm:way/1163825734","road",0,3,24290.359781023453,34515.43306418592,-1.3975752798273788
"osm_way_1163825735_0_0","osm:way/1163825735","road",0,0,35746.49246787113,32942.89286434208,-1.8525793813040536
"osm_way_1163825735_0_1","osm:way/1163825735","road",0,1,35978.85448210881,35518.12713812121,-2.004108619934186
"osm_way_1163825735_0_2","osm:way/1163825735","road",0,2,36151.908671500016,37440.10947598341,-2.124023917406248
"osm_way_1163825735_0_3","osm:way/1163825735","road",0,3,36174.70534243451,37692.3002096509,-2.140197669950794
"osm_way_1163825736_0_0","osm:way/1163825736","road",0,0,37290.502409601555,26188.064255135636,-1.6271028215982142
"osm_way_1163825736_0_1","osm:way/1163825736","road",0,1,36617.384888997825,26281.423045580552,-1.592012432502088
"osm_way_1163825736_0_2","osm:way/1163825736","road",0,2,34164.43864159157,26547.074658644637,-1.4671415767281815
"osm_way_1163825736_0_3","osm:way/1163825736","road",0,3,33952.42958234073,24848.400003859213,-1.3872615816694633
"osm_way_1163825736_0_4","osm:way/1163825736","road",0,4,33881.7601130192,24281.804768013648,-1.3616436905749651
"osm_way_1163825736_0_5","osm:way/1163825736","road",0,5,33621.1200732284,24309.5921766305,-1.3489335937961755
"osm_way_1163825736_0_6","osm:way/1163825736","road",0,6,32075.142666518535,24476.313682304473,-1.2758281625181667
"osm_way_1163825736_0_7","osm:way/1163825736","road",0,7,30313.99421545355,24667.482825042203,-1.197207895398833
"osm_way_1163825736_0_8","osm:way/1163825736","road",0,8,28703.058048328046,24840.865415581804,-1.1295376000262536
"osm_way_1163825736_0_9","osm:way/1163825736","road",0,9,27003.61695451009,25024.24651093846,-1.0626225453108873
"osm_way_1163825736_0_10","osm:way/1163825736","road",0,10,26807.933520931612,25045.362848312045,-1.0552113060853685
"osm_way_1163825736_0_11","osm:way/1163825736","road",0,11,26828.24123699819,25260.891770921284,-1.0645804370497558
"osm_way_1163825736_0_12","osm:way/1163825736","road",0,12,27012.636662406374,27237.314220494904,-1.1538526054067688
"osm_way_1163825736_0_13","osm:way/1163825736","road",0,13,27103.61608799384,28207.19431626219,-1.199945721177187
"osm_way_1163825736_0_14","osm:way/1163825736","road",0,14,27223.839539069217,29494.812889235334,-1.2634184379578528
"osm_way_1163825736_0_15","osm:way/1163825736","road",0,15,27421.23448408162,31610.106805037056,-1.3733898178372783
"osm_way_1163825736_0_16","osm:way/1163825736","road",0,16,27448.041408988127,31900.07093965175,-1.389006328014375
"osm_way_1163825736_0_17","osm:way/1163825736","road",0,17,27716.804512868795,31875.61850674083,-1.3993858893911693
"osm_way_1163825736_0_18","osm:way/1163825736","road",0,18,29132.88545939257,31750.01871444572,-1.4561186136347715
"osm_way_1163825736_0_19","osm:way/1163825736","road",0,19,29853.105301050287,31685.55070825044,-1.486157413941669
"osm_way_1163825737_0_0","osm:way/1163825737","road",0,0,41411.243584361284,26137.831372940793,-1.8788735661019018
"osm_way_1163825737_0_1","osm:way/1163825737","road",0,1,41252.80257489106,24376.940949525193,-1.7987519352530512
"osm_way_1163825737_0_2","osm:way/1163825737","road",0,2,41198.36564900728,23798.12472633572,-1.7733357323749033
"osm_way_1163825737_0_3","osm:way/1163825737","road",0,3,42897.80180368801,23645.815474580606,-1.8795193157671974
"osm_way_1163825737_0_4","osm:way/1163825737","road",0,4,44637.02338771653,23491.277396947597,-1.9929569211896592
"osm_way_1163825737_0_5","osm:way/1163825737","road",0,5,46308.85138954557,23342.294353734156,-2.106481632313262
"osm_way_1163825737_0_6","osm:way/1163825737","road",0,6,47880.80750049005,23202.202068526763,-2.217247212639961
"osm_way_1163825737_0_7","osm:way/1163825737","road",0,7,47944.179117797576,23744.35485693008,-2.2419925254567374
"osm_way_1163825737_0_8","osm:way/1163825737","road",0,8,48155.41788920845,25541.902266627552,-2.327471563715733
"osm_way_1163825737_0_9","osm:way/1163825737","road",0,9,48339.03400419246,27103.92420621003,-2.405933411858996
"osm_way_1163825737_0_10","osm:way/1163825737","road",0,10,50739.2004042304,26861.55585910991,-2.581787552867354
"osm_way_1163825737_0_11","osm:way/1163825737","road",0,11,52151.20456208897,26707.02291685999,-2.6889964818707313
"osm_way_1163825738_0_0","osm:way/1163825738","road",0,0,48837.10249993536,31700.004088356367,-2.656109326414935
"osm_way_1163825738_0_1","osm:way/1163825738","road",0,1,46575.762735426084,31891.251198375652,-2.496787072172424
"osm_way_1163825738_0_2","osm:way/1163825738","road",0,2,46211.73009062147,27963.969269354682,-2.2857051445498655
"osm_way_1163825738_0_3","osm:way/1163825738","road",0,3,46119.098778257474,26984.093040065574,-2.2367182556820353
"osm_way_1163825738_0_4","osm:way/1163825738","road",0,4,46054.095182481666,26306.40091065843,-2.2036610773085386
"osm_way_1163825738_0_5","osm:way/1163825738","road",0,5,45977.75741354602,26119.761790539604,-2.190476396822305
"osm_way_1163825738_0_6","osm:way/1163825738","road",0,6,45831.59275258866,25968.678673502516,-2.1737916109543676
"osm_way_1163825738_0_7","osm:way/1163825738","road",0,7,45603.42295861551,25872.03895848854,-2.1535272464006994
"osm_way_1163825738_0_8","osm:way/1163825738","road",0,8,45341.15514020073,25844.28207817103,-2.1337310325378667
"osm_way_1163825738_0_9","osm:way/1163825738","road",0,9,41411.243584361284,26137.831372940793,-1.8788735661019018
"osm_way_1163825738_0_10","osm:way/1163825738","road",0,10,39034.61931304112,26306.840843833026,-1.7361928036478957
"osm_way_1163825738_0_11","osm:way/1163825738","road",0,11,38445.94410629363,26353.535512804603,-1.7024248176198853
"osm_way_1163825739_0_0","osm:way/1163825739","road",0,0,39148.7363955339,33960.36086225009,-2.1054893066889235
"osm_way_1163825739_0_1","osm:way/1163825739","road",0,1,39645.63544355672,33414.84191755396,-2.1072635545664298
"osm_way_1163825739_0_2","osm:way/1163825739","road",0,2,39876.21851747519,33097.08875489573,-2.1050145622524497
"osm_way_1163825739_0_3","osm:way/1163825739","road",0,3,40421.831061028046,32486.018678930344,-2.1078262421610816
"osm_way_1163825739_0_4","osm:way/1163825739","road",0,4,40479.47518961274,32381.58332749313,-2.1061552409207707
"osm_way_1163825739_0_5","osm:way/1163825739","road",0,5,40507.075569901994,32267.150963723263,-2.1020936359633424
"osm_way_1163825739_0_6","osm:way/1163825739","road",0,6,40306.34677755961,29394.174155079996,-1.950245873769063
"osm_way_1163825739_0_7","osm:way/1163825739","road",0,7,40234.877140798366,29124.210767217948,-1.9333315250975147
"osm_way_1163825739_0_8","osm:way/1163825739","road",0,8,40111.44545661616,28924.242050626788,-1.9164514474567795
"osm_way_1163825739_0_9","osm:way/1163825739","road",0,9,39911.68831498548,28722.055847043663,-1.8947846950510439
"osm_way_1163825739_0_10","osm:way/1163825739","road",0,10,39564.15146438903,28504.324522333252,-1.8633788456554612
"osm_way_1163825739_0_11","osm:way/1163825739","road",0,11,39207.68507168243,28319.922872028463,-1.8331704408240057
"osm_way_1163825739_0_12","osm:way/1163825739","road",0,12,38616.56260937094,28197.74918661361,-1.7917396975917654
"osm_way_1163825740_0_0","osm:way/1163825740","road",0,0,49607.17769906354,36107.19722627357,-2.9501810435590414
"osm_way_1163825740_0_1","osm:way/1163825740","road",0,1,45044.683374988774,36527.46490173684,-2.636153293988741
"osm_way_1163825740_0_2","osm:way/1163825740","road",0,2,43199.05978059546,36696.45348008911,-2.5183996894469374
"osm_way_1163825740_0_3","osm:way/1163825740","road",0,3,41083.04678227558,36891.005945995006,-2.390057878349694
"osm_way_1163825740_0_4","osm:way/1163825740","road",0,4,40809.406474824704,36852.13822993582,-2.370267054732267
"osm_way_1163825740_0_5","osm:way/1163825740","road",0,5,40553.6235647195,36708.83742759926,-2.34569790172543
"osm_way_1163825740_0_6","osm:way/1163825740","road",0,6,40352.23832077217,36477.76605384519,-2.3196616499376432
"osm_way_1163825740_0_7","osm:way/1163825740","road",0,7,40211.74977417437,36212.250704199825,-2.295642598537029
"osm_way_1163825740_0_8","osm:way/1163825740","road",0,8,40016.01834104329,35466.796182731516,-2.241380218762856
"osm_way_1163825740_0_9","osm:way/1163825740","road",0,9,39899.04275554253,34609.12821431886,-2.186853974188807
"osm_way_1163825740_0_10","osm:way/1163825740","road",0,10,39876.21851747519,33097.08875489573,-2.1050145622524497
"osm_way_1177470990_0_0","osm:way/1177470990","road",0,0,2374.0638894397835,-12229.655609647727,-0.12189317870507921
"osm_way_1177470990_0_1","osm:way/1177470990","road",0,1,1744.8234179719982,-12179.659662753227,-0.11890598247461526
"osm_way_1177470991_0_0","osm:way/1177470991","road",0,0,3277.644025935878,-12300.762002954329,-0.12726028036169623
"osm_way_1177470991_0_1","osm:way/1177470991","road",0,1,2374.0638894397835,-12229.655609647727,-0.12189317870507921
"osm_way_1177470992_0_0","osm:way/1177470992","road",0,0,1881.319666466349,21418.54642737661,-0.36311784541140923
"osm_way_1177470992_0_1","osm:way/1177470992","road",0,1,1743.2846472450738,20948.603088326738,-0.34708705873356394
"osm_way_1177470992_0_2","osm:way/1177470992","road",0,2,1636.1046422660322,20581.980602106978,-0.3348436770338026
"osm_way_1177470992_0_3","osm:way/1177470992","road",0,3,1447.7279516859414,19940.946695917384,-0.31398463875405014
"osm_way_1177470993_0_0","osm:way/1177470993","road",0,0,2057.517583037792,22017.3630704875,-0.38409185708587756
"osm_way_1177470993_0_1","osm:way/1177470993","road",0,1,1881.319666466349,21418.54642737661,-0.36311784541140923
"osm_way_1177470998_0_0","osm:way/1177470998","road",0,0,9983.409602739624,-12227.502917041737,-0.19545017565150147
"osm_way_1177470998_0_1","osm:way/1177470998","road",0,1,9977.386139250426,-12300.827417365123,-0.1967689317957877
"osm_way_1177471002_0_0","osm:way/1177471002","road",0,0,24140.91614933968,-12256.744226338953,-0.5741443870192597
"osm_way_1177471002_0_1","osm:way/1177471002","road",0,1,24629.701448126325,-12301.20093066715,-0.5936601611267633
"osm_way_1177471003_0_0","osm:way/1177471003","road",0,0,34505.21318497362,-10371.861262436036,-1.0163833894495156
"osm_way_1177471003_0_1","osm:way/1177471003","road",0,1,33269.46850274578,-10248.480947231044,-0.9488325290760713
"osm_way_1177471003_0_2","osm:way/1177471003","road",0,2,32930.08516719027,-10215.135040405496,-0.9307117888482708
"osm_way_1177471003_0_3","osm:way/1177471003","road",0,3,24438.994288397767,-9415.982624748303,-0.5371178092872242
"osm_way_1177471003_0_4","osm:way/1177471003","road",0,4,24322.848997497014,-10525.84605454699,-0.5500701962368737
"osm_way_1177471003_0_5","osm:way/1177471003","road",0,5,24140.91614933968,-12256.744226338953,-0.5741443870192597
"osm_way_1177471003_0_6","osm:way/1177471003","road",0,6,24135.090646745146,-12301.183164011967,-0.5747815038525061
"osm_way_1177471004_0_0","osm:way/1177471004","road",0,0,25971.484910960942,643.870627279873,-0.5282672607572092
"osm_way_1177471004_0_1","osm:way/1177471004","road",0,1,26084.418168369455,2563.636932918138,-0.5377053134413501
"osm_way_1177471004_0_2","osm:way/1177471004","road",0,2,26179.464587808416,3842.3693537165946,-0.5480277927070176
"osm_way_1177471004_0_3","osm:way/1177471004","road",0,3,28769.551524838404,3608.9590690837313,-0.6580568668578479
"osm_way_1177471005_0_0","osm:way/1177471005","road",0,0,16905.491119455066,5234.719512674549,-0.2452148658125708
"osm_way_1177471005_0_1","osm:way/1177471005","road",0,1,18075.79357615974,16155.605231934083,-0.4607493621563208
"osm_way_1177471005_0_2","osm:way/1177471005","road",0,2,18005.17203145703,16862.18918977366,-0.47708039688103554
"osm_way_1177471005_0_3","osm:way/1177471005","road",0,3,17543.98620389179,17109.949383588053,-0.47085984876531484
"osm_way_1177471005_0_4","osm:way/1177471005","road",0,4,13536.16705532151,17498.883468991444,-0.383937651960764
"osm_way_1177471005_0_5","osm:way/1177471005","road",0,5,12897.151358682191,17286.699093795512,-0.3649191827150844
"osm_way_1177471005_0_6","osm:way/1177471005","road",0,6,12507.400127887513,16685.66723150356,-0.3411308929841539
"osm_way_1177471006_0_0","osm:way/1177471006","road",0,0,1447.7279516859414,19940.946695917384,-0.31398463875405014
"osm_way_1177471006_0_1","osm:way/1177471006","road",0,1,1286.146540298251,19409.899509264265,-0.2972242023034255
"osm_way_1177471006_0_2","osm:way/1177471006","road",0,2,958.1126116493841,18273.369482449176,-0.26300681347350974
"osm_way_1177471006_0_3","osm:way/1177471006","road",0,3,203.80114815737295,15702.566790561275,-0.19371176922362565
"osm_way_1177471006_0_4","osm:way/1177471006","road",0,4,-115.29720590148536,11847.472587203307,-0.11026410255396968
"osm_way_1177471007_0_0","osm:way/1177471007","road",0,0,-2763.886033205587,12068.551630974931,-0.12038597331383016
"osm_way_1177471007_0_1","osm:way/1177471007","road",0,1,-2833.7087238631307,10818.70086402797,-0.09822231232732292
"osm_way_1177471007_0_2","osm:way/1177471007","road",0,2,-2780.1174332142673,10200.99719541508,-0.08778801318243268
"osm_way_1177471007_0_3","osm:way/1177471007","road",0,3,-2212.5612556673923,9281.10930521096,-0.0714931032788968
"osm_way_1177471007_0_4","osm:way/1177471007","road",0,4,-918.3132198606058,8397.884581700839,-0.05605638396772861
"osm_way_1177471007_0_5","osm:way/1177471007","road",0,5,1937.3072881769183,8150.134286534328,-0.0551135306089634
"osm_way_1177471007_0_6","osm:way/1177471007","road",0,6,2664.812735073037,8221.234429207416,-0.0586484609172544
"osm_way_1177471007_0_7","osm:way/1177471007","road",0,7,4402.388628468594,9387.752546554133,-0.08439476189678885
"osm_way_1177471007_0_8","osm:way/1177471007","road",0,8,4650.848596388807,9899.911856114728,-0.09391462171279841
"osm_way_1177471007_0_9","osm:way/1177471007","road",0,9,4693.0804023377,11406.398028411939,-0.11943600284070044
"osm_way_1177471008_0_0","osm:way/1177471008","road",0,0,-10565.922332879498,11137.475294707723,-0.18481404442525218
"osm_way_1177471008_0_1","osm:way/1177471008","road",0,1,-6645.817930115405,10779.79000876189,-0.1258464290934569
"osm_way_1177471009_0_0","osm:way/1177471009","road",0,0,-15891.517963356622,11437.335625305783,-0.3004142137655208
"osm_way_1177471009_0_1","osm:way/1177471009","road",0,1,-16311.995116666913,6701.225390158127,-0.24353382470607698
"osm_way_1177471009_0_2","osm:way/1177471009","road",0,2,-16099.253540008533,6206.84512942108,-0.23312445406524773
"osm_way_1177471009_0_3","osm:way/1177471009","road",0,3,-15815.065218903808,5888.001038317641,-0.22299663692848526
"osm_way_1177471009_0_4","osm:way/1177471009","road",0,4,-11842.211423401604,5499.239566377985,-0.13351805628580848
"osm_way_1177471009_0_5","osm:way/1177471009","road",0,5,-11363.978755312464,5659.228617103402,-0.126234021538707
"osm_way_1177471009_0_6","osm:way/1177471009","road",0,6,-11044.895385922058,6330.264776844341,-0.126957055316268
"osm_way_1177471009_0_7","osm:way/1177471009","road",0,7,-10565.922332879498,11137.475294707723,-0.18481404442525218
"osm_way_1177471009_0_8","osm:way/1177471009","road",0,8,-13544.978719753028,11490.713457416166,-0.24731176038415015
"osm_way_1177471009_0_9","osm:way/1177471009","road",0,9,-13722.799719148046,11667.355419862804,-0.2543201857413635
"osm_way_1177471009_0_10","osm:way/1177471009","road",0,10,-13598.60292025627,13257.16770321997,-0.2827895175272488
"osm_way_1177471011_0_0","osm:way/1177471011","road",0,0,1744.8234179719982,-12179.659662753227,-0.11890598247461526
"osm_way_1177471011_0_1","osm:way/1177471011","road",0,1,1730.8554084290179,-12300.756296396006,-0.1211965526842107
"osm_way_1177471012_0_0","osm:way/1177471012","road",0,0,1891.785376956289,-10808.712456402114,-0.09456877430622512
"osm_way_1177471012_0_1","osm:way/1177471012","road",0,1,1808.9669517237724,-11585.286272665368,-0.10798907456148754
"osm_way_1177471012_0_2","osm:way/1177471012","road",0,2,1744.8234179719982,-12179.659662753227,-0.11890598247461526
"osm_way_1177471014_0_0","osm:way/1177471014","road",0,0,-4786.301705643423,-10311.008286593016,-0.10144146100401485
"osm_way_1177471014_0_1","osm:way/1177471014","road",0,1,-4638.540059282483,-9020.050157744094,-0.08074920054070844
"osm_way_1177471014_0_2","osm:way/1177471014","road",0,2,-4323.529843214249,-6267.043259484385,-0.04548159163206833
"osm_way_1177471014_0_3","osm:way/1177471014","road",0,3,-4057.230575243132,-3936.2087350527945,-0.025054245480760073
"osm_way_1177471014_0_4","osm:way/1177471014","road",0,4,-3897.2820483051187,-3530.7006562720717,-0.021680026007686592
"osm_way_1177471014_0_5","osm:way/1177471014","road",0,5,-3560.3305575424392,-3336.277573873718,-0.018664502840692876
"osm_way_1177471014_0_6","osm:way/1177471014","road",0,6,2597.3742534063663,-4012.8590938086704,-0.01792915384974947
"osm_way_1177471014_0_7","osm:way/1177471014","road",0,7,2307.504242214611,-6914.733889736052,-0.04172470580670051
"osm_way_1177471014_0_8","osm:way/1177471014","road",0,8,2041.1837998046447,-9407.768897544398,-0.0727818479482778
"osm_way_1177471014_0_9","osm:way/1177471014","road",0,9,1891.785376956289,-10808.712456402114,-0.09456877430622512
"osm_way_1178014098_0_0","osm:way/1178014098","road",0,0,36641.54125433968,-12301.743057593825,-1.1697184198652621
"osm_way_1178014098_0_1","osm:way/1178014098","road",0,1,36802.906905580276,-11398.526174376062,-1.1621798405599293
"osm_way_1178014098_0_2","osm:way/1178014098","road",0,2,40038.411340464554,-11637.56971006417,-1.3610991181430165
"osm_way_1180743606_0_0","osm:way/1180743606","green",0,0,9292.15775399221,24800.302462988097,-0.5507019679015457
"osm_way_1180743606_0_1","osm:way/1180743606","green",0,1,9535.779212569903,27018.922048933444,-0.6445979217602371
"osm_way_1180743606_0_2","osm:way/1180743606","green",0,2,10342.064384075884,26931.142987364223,-0.6534224250458465
"osm_way_1180743606_0_3","osm:way/1180743606","green",0,3,10098.44032171844,24712.52368790255,-0.559524962670821
"osm_way_1180743606_0_4","osm:way/1180743606","green",0,4,9292.15775399221,24800.302462988097,-0.5507019679015457
"osm_way_1180743610_0_0","osm:way/1180743610","road",0,0,9920.43200943387,37693.19157939527,-1.1930377382640245
"osm_way_1180743610_0_1","osm:way/1180743610","road",0,1,9556.98173173171,33503.69959173645,-0.953201383899227
"osm_way_1180743610_0_2","osm:way/1180743610","road",0,2,9472.522372044958,32526.040290600064,-0.901236331097266
"osm_way_1180743610_0_3","osm:way/1180743610","road",0,3,9419.725576265802,31207.310324366837,-0.8344372769442998
"osm_way_1180743610_0_4","osm:way/1180743610","road",0,4,9387.24284603698,30938.45413277752,-0.820834930550518
"osm_way_1180743610_0_5","osm:way/1180743610","road",0,5,9202.09148054276,29384.19862193117,-0.7444957640416305
"osm_way_1180743610_0_6","osm:way/1180743610","road",0,6,8951.992446744574,28526.527030914523,-0.7019278790892258
"osm_way_1180743610_0_7","osm:way/1180743610","road",0,7,8701.076790680525,27256.68253750988,-0.6428198371111193
"osm_way_1180743610_0_8","osm:way/1180743610","road",0,8,8385.17621060272,23692.669228150546,-0.4959623360292653
"osm_way_1180743610_0_9","osm:way/1180743610","road",0,9,8359.189635710478,23396.03842507663,-0.48464998946542437
"osm_way_1180743610_0_10","osm:way/1180743610","road",0,10,8407.087276187112,22721.674188009474,-0.460849609302727
"osm_way_1180743610_0_11","osm:way/1180743610","road",0,11,8691.26656242162,22056.194780448932,-0.44124602246142786
"osm_way_1182633626_0_0","osm:way/1182633626","road",0,0,4524.97423810287,-12300.769171888147,-0.13487791256139303
"osm_way_1182633626_0_1","osm:way/1182633626","road",0,1,4550.021287891193,-11810.827769781246,-0.12577663422774776
"osm_way_1182633626_0_2","osm:way/1182633626","road",0,2,4668.57801871059,-9506.658976062874,-0.08804939896123187
"osm_way_1182633626_0_3","osm:way/1182633626","road",0,3,4792.819820610222,-7094.725409471334,-0.0575171867481572
"osm_way_1182633632_0_0","osm:way/1182633632","building",0,0,-20376.73785053889,-12301.05993653123,-0.4438413042606726
"osm_way_1182633632_0_1","osm:way/1182633632","building",0,1,-20861.514660699857,-12301.074662272988,-0.4594887195388253
"osm_way_1182633632_0_2","osm:way/1182633632","building",0,2,-20605.867366976512,-10103.551179795706,-0.4125179546718982
"osm_way_1182633632_0_3","osm:way/1182633632","building",0,3,-18122.992781056644,-10297.901600921423,-0.34036930971126367
"osm_way_1182633632_0_4","osm:way/1182633632","building",0,4,-18135.97082776613,-10775.62274116275,-0.3486453851223814
"osm_way_1182633632_0_5","osm:way/1182633632","building",0,5,-18174.11720747133,-11302.227617205885,-0.358861834946822
"osm_way_1182633632_0_6","osm:way/1182633632","building",0,6,-20259.145265217318,-11100.088539120936,-0.41802576876506237
"osm_way_1182633632_0_7","osm:way/1182633632","building",0,7,-20376.73785053889,-12301.05993653123,-0.4438413042606726
"osm_way_1186233000_0_0","osm:way/1186233000","road",0,0,36216.81712852245,21279.82163262335,-1.382322548836612
"osm_way_1186233000_0_1","osm:way/1186233000","road",0,1,36617.384888997825,26281.423045580552,-1.592012432502088
"osm_way_1186233000_0_2","osm:way/1186233000","road",0,2,37551.7560791947,37243.39042151493,-2.1932374108786235
"osm_way_1186233000_0_3","osm:way/1186233000","road",0,3,37590.030764472926,37692.223312917624,-2.221907314125815
"osm_way_1186233001_0_0","osm:way/1186233001","road",0,0,40026.69632840926,37692.08401197525,-2.3699270016862783
"osm_way_1186233001_0_1","osm:way/1186233001","road",0,1,39863.39401154304,35943.41462923595,-2.2585726016416174
"osm_way_1186233001_0_2","osm:way/1186233001","road",0,2,39645.63544355672,33414.84191755396,-2.1072635545664298
"osm_way_1186233001_0_3","osm:way/1186233001","road",0,3,39207.68507168243,28319.922872028463,-1.8331704408240057
"osm_way_1186233001_0_4","osm:way/1186233001","road",0,4,39034.61931304112,26306.840843833026,-1.7361928036478957
"osm_way_1186233001_0_5","osm:way/1186233001","road",0,5,38646.24942074376,21941.830573132094,-1.5471504173362405
"osm_way_1186233001_0_6","osm:way/1186233001","road",0,6,38561.75093064912,20987.505251593582,-1.5098635647461833
"osm_way_1186233001_0_7","osm:way/1186233001","road",0,7,38486.190305869466,20139.833291529372,-1.4779226669148215
"osm_way_1192223973_0_0","osm:way/1192223973","road",0,0,-9211.085283128321,37693.20157507845,-1.1824164325048514
"osm_way_1192223973_0_1","osm:way/1192223973","road",0,1,-9331.283350273565,35796.76090051932,-1.0746874074953894
"osm_way_1192714961_0_0","osm:way/1192714961","green",0,0,54966.546320682144,19667.922009614012,-2.6686216179854227
"osm_way_1192714961_0_1","osm:way/1192714961","green",0,1,53917.49979862157,19765.4943817331,-2.5822410148265362
"osm_way_1192714961_0_2","osm:way/1192714961","green",0,2,54966.6165423336,20535.169085994137,-2.6960145969951554
"osm_way_1192714961_0_3","osm:way/1192714961","green",0,3,54966.546320682144,19667.922009614012,-2.6686216179854227
"osm_way_1196720077_0_0","osm:way/1196720077","road",0,0,1984.3525482351404,37693.261166741024,-1.119094970889023
"osm_way_1196720077_0_1","osm:way/1196720077","road",0,1,1710.0277920057038,34299.22482243784,-0.9263706025251395
"osm_way_1201226002_0_0","osm:way/1201226002","road",0,0,54965.4774064247,6466.83817985647,-2.3975291563914425
"osm_way_1201226002_0_1","osm:way/1201226002","road",0,1,51379.13749400781,6788.355197227513,-2.1023663708739093
"osm_way_1201226002_0_2","osm:way/1201226002","road",0,2,50239.98402181912,6881.762640168341,-2.012764828374003
"osm_way_1201226003_0_0","osm:way/1201226003","road",0,0,31350.591049952407,901.3904926959412,-0.7699170537338595
"osm_way_1201226003_0_1","osm:way/1201226003","road",0,1,31889.716133096084,849.1493946995721,-0.7965307897276119
"osm_way_1201226003_0_2","osm:way/1201226003","road",0,2,33042.664047908154,736.88543324869,-0.8549862306940437
"osm_way_1201226003_0_3","osm:way/1201226003","road",0,3,34069.76169191858,636.846603848335,-0.9088302910125634
"osm_way_1201226003_0_4","osm:way/1201226003","road",0,4,34910.11423497666,557.9244394878057,-0.9541268927624635
"osm_way_1201226003_0_5","osm:way/1201226003","road",0,5,34988.06000168839,551.2545558534272,-0.9583854516702406
"osm_way_1201226003_0_6","osm:way/1201226003","road",0,6,35048.14317440151,545.6965643162748,-0.9616742837128989
"osm_way_1201226003_0_7","osm:way/1201226003","road",0,7,36456.85002274566,421.1927873306978,-1.0404202619124892
"osm_way_1201226003_0_8","osm:way/1201226003","road",0,8,38295.88154160634,258.88867975265777,-1.1479325858393175
"osm_way_1201226003_0_9","osm:way/1201226003","road",0,9,40059.40239696383,104.36089844891731,-1.2560420834415886
"osm_way_1201226003_0_10","osm:way/1201226003","road",0,10,41961.76300983928,-63.511774006584375,-1.3781635624806887
"osm_way_1201226003_0_11","osm:way/1201226003","road",0,11,43331.49452605445,-184.6944757327161,-1.4696284594005737
"osm_way_1201226003_0_12","osm:way/1201226003","road",0,12,43494.69401588915,-184.70491326945893,-1.4807192740146524
"osm_way_1201226003_0_13","osm:way/1201226003","road",0,13,43978.60892112662,-184.7360929147594,-1.5138504307525613
"osm_way_1201226003_0_14","osm:way/1201226003","road",0,14,44542.10196458948,-59.23227453118321,-1.552867852156159
"osm_way_1201226003_0_15","osm:way/1201226003","road",0,15,44805.17872058084,75.17879887406755,-1.5712669139431978
"osm_way_1201226003_0_16","osm:way/1201226003","road",0,16,45066.63163068971,208.4788995518056,-1.5896877354515393
"osm_way_1201226003_0_17","osm:way/1201226003","road",0,17,45557.87998462216,591.7336552436492,-1.6247735519426154
"osm_way_1201226003_0_18","osm:way/1201226003","road",0,18,45662.629043575,725.0440242750894,-1.6323902788733413
"osm_way_1201226003_0_19","osm:way/1201226003","road",0,19,45862.3831142904,978.3336310615823,-1.647038807145762
"osm_way_1201226003_0_20","osm:way/1201226003","road",0,20,45998.000215251224,1321.616776229523,-1.6574097216693673
"osm_way_1201226003_0_21","osm:way/1201226003","road",0,21,46080.84361756806,1698.2328284305322,-1.6642736111526446
"osm_way_1201226003_0_22","osm:way/1201226003","road",0,22,46110.092852971255,1983.752284514913,-1.6672098080654507
"osm_way_1201226003_0_23","osm:way/1201226003","road",0,23,46288.025063418885,3703.5346715062487,-1.6877606125586198
"osm_way_1201226003_0_24","osm:way/1201226003","road",0,24,46466.77095546499,5435.537670906232,-1.7131708987523808
"osm_way_1201226003_0_25","osm:way/1201226003","road",0,25,46512.27006772173,5876.592943039087,-1.7204011863960034
"osm_way_1201226003_0_26","osm:way/1201226003","road",0,26,46647.15379070332,7344.1860099267005,-1.7454768021522682
"osm_way_1201226003_0_27","osm:way/1201226003","road",0,27,46806.41432405264,9069.52428956593,-1.7793705862587217
"osm_way_1201226003_0_28","osm:way/1201226003","road",0,28,46890.92077554099,9992.74137447631,-1.79939163271996
"osm_way_1201226003_0_29","osm:way/1201226003","road",0,29,46751.28749954862,10313.823713828378,-1.7942788059833958
"osm_way_1201226003_0_30","osm:way/1201226003","road",0,30,49401.48120804479,10146.989281708025,-1.9910465617698492
"osm_way_1201226003_0_31","osm:way/1201226003","road",0,31,50520.34350938629,10080.248239000592,-2.0774903341376216
"osm_way_1201226005_0_0","osm:way/1201226005","road",0,0,53850.92761634436,-595.3985318074148,-2.270031954251328
"osm_way_1201226005_0_1","osm:way/1201226005","road",0,1,54964.897915471054,-689.7494921714413,-2.365003514453079
"osm_way_1201226005_1_0","osm:way/1201226005","road",1,0,54965.249507559,3652.3264771853596,-2.375138346295813
"osm_way_1201226005_1_1","osm:way/1201226005","road",1,1,51041.16082905586,4034.2654573954756,-2.0518601280191007
"osm_way_1201226005_1_2","osm:way/1201226005","road",1,2,49984.02103026156,4166.550545205513,-1.9691222539851339
"osm_way_1207096393_0_0","osm:way/1207096393","road",0,0,9472.522372044958,32526.040290600064,-0.901236331097266
"osm_way_1207096393_0_1","osm:way/1207096393","road",0,1,8265.925582889015,32597.158636409655,-0.8881220712396498
"osm_way_1207096393_0_2","osm:way/1207096393","road",0,2,-5106.533377375592,33952.58269444411,-0.9259080074627946
"osm_way_1207624853_0_0","osm:way/1207624853","road",0,0,-46526.873407220715,-6139.4071012211325,-1.7239450133633483
"osm_way_1207624853_0_1","osm:way/1207624853","road",0,1,-46516.31813315414,-6141.971767954658,-1.7232009341388022
"osm_way_1207624853_0_2","osm:way/1207624853","road",0,2,-42378.69998885953,-6456.107757289995,-1.4384239047608105
"osm_way_1207624853_0_3","osm:way/1207624853","road",0,3,-42272.33850870963,-6433.8815549505425,-1.431151792056795
"osm_way_1207624853_0_4","osm:way/1207624853","road",0,4,-42171.66384682735,-6358.328753541655,-1.423738659566709
"osm_way_1207624853_0_5","osm:way/1207624853","road",0,5,-42062.87254277189,-6239.4473019020415,-1.4153896728576143
"osm_way_1207624853_0_6","osm:way/1207624853","road",0,6,-41986.55980144677,-6098.348305983776,-1.4090019657331254
"osm_way_1207624853_0_7","osm:way/1207624853","road",0,7,-41954.09871057834,-5837.266348657022,-1.404421598011396
"osm_way_1207624853_0_8","osm:way/1207624853","road",0,8,-41943.56234884886,-5533.968565335873,-1.4010206380991264
"osm_way_1207624853_0_9","osm:way/1207624853","road",0,9,-41943.58081546564,-5235.115349662381,-1.3984938936904001
"osm_way_1207624853_0_10","osm:way/1207624853","road",0,10,-41986.619243937035,-5137.351902727808,-1.400524510313872
"osm_way_1207624853_0_11","osm:way/1207624853","road",0,11,-42123.03372016913,-4977.379450826488,-1.4082339980248548
"osm_way_1207624853_0_12","osm:way/1207624853","road",0,12,-42212.34838504001,-4942.944665835506,-1.4138612490999236
"osm_way_1207624853_0_13","osm:way/1207624853","road",0,13,-46526.97800086148,-4613.469899843401,-1.7110640642655994
"osm_way_1217130933_0_0","osm:way/1217130933","road",0,0,52371.48201490099,19210.126385829073,-2.436622407601874
"osm_way_1217130933_0_1","osm:way/1217130933","road",0,1,54028.78372445721,20333.19532004988,-2.6095242191189527
"osm_way_1217130933_0_2","osm:way/1217130933","road",0,2,54966.65383242075,20995.7073312077,-2.7110416778484137
"osm_way_1221801478_0_0","osm:way/1221801478","road",0,0,24158.770233915653,33141.15820894856,-1.319551361837057
"osm_way_1221801478_0_1","osm:way/1221801478","road",0,1,23518.12154454673,33188.952752597106,-1.2981348213742194
"osm_way_1221801478_0_2","osm:way/1221801478","road",0,2,22836.873990101845,33240.08099236419,-1.276085659529258
"osm_way_1221801478_0_3","osm:way/1221801478","road",0,3,21886.050347341,33311.2148938346,-1.246521211152185
"osm_way_1221801478_0_4","osm:way/1221801478","road",0,4,19961.667145501706,33455.70132574749,-1.1910675891357414
"osm_way_1221801478_0_5","osm:way/1221801478","road",0,5,19536.189970504547,33431.27219196562,-1.1766306322869013
"osm_way_1221801478_0_6","osm:way/1221801478","road",0,6,19048.189090816082,33355.73956906875,-1.1579305576049137
"osm_way_1221801478_0_7","osm:way/1221801478","road",0,7,18448.133724249812,33219.105869706254,-1.1331748594756164
"osm_way_1221801478_0_8","osm:way/1221801478","road",0,8,17947.143150220454,33206.898543802476,-1.1182666022733656
"osm_way_1221801478_0_9","osm:way/1221801478","road",0,9,17046.660492623225,33231.363265657536,-1.094879492913492
"osm_way_1221801478_0_10","osm:way/1221801478","road",0,10,15998.401247633203,33401.368386104376,-1.0766652154558187
"osm_way_1221801478_0_11","osm:way/1221801478","road",0,11,15749.939247386374,33541.35740093808,-1.0778522192850915
"osm_way_1221801478_0_12","osm:way/1221801478","road",0,12,15716.652209014881,33716.89266705647,-1.0863059626757376
"osm_way_1221801478_0_13","osm:way/1221801478","road",0,13,15688.236433934248,33866.8753286287,-1.0935694802469698
"osm_way_1221801478_0_14","osm:way/1221801478","road",0,14,15942.474354369026,37641.971887317,-1.3119096870411795
"osm_way_1221801478_0_15","osm:way/1221801478","road",0,15,15944.987102097986,37693.076804412725,-1.3149964039200768
"osm_way_1221801479_0_0","osm:way/1221801479","road",0,0,15716.652209014881,33716.89266705647,-1.0863059626757376
"osm_way_1221801479_0_1","osm:way/1221801479","road",0,1,11840.273212285341,34030.267088762484,-1.019373851141836
"osm_way_1221801479_0_2","osm:way/1221801479","road",0,2,10768.462720256079,34116.94120599075,-1.005046947901178
"osm_way_1221801480_0_0","osm:way/1221801480","building",0,0,16744.56890672729,31777.100800931104,-1.0126298829703728
"osm_way_1221801480_0_1","osm:way/1221801480","building",0,1,16780.311558066616,32412.57924299579,-1.0456089655775713
"osm_way_1221801480_0_2","osm:way/1221801480","building",0,2,17557.37218888385,32369.23145436248,-1.0642872875052944
"osm_way_1221801480_0_3","osm:way/1221801480","building",0,3,17521.628812432285,31733.753052790165,-1.0313079844962658
"osm_way_1221801480_0_4","osm:way/1221801480","building",0,4,16744.56890672729,31777.100800931104,-1.0126298829703728
"osm_way_1227571421_0_0","osm:way/1227571421","road",0,0,-31988.3419516825,26169.448190145056,-1.3388319110475777
"osm_way_1227571421_0_1","osm:way/1227571421","road",0,1,-32055.71174243216,25668.393956658634,-1.321806925193414
"osm_way_1227571421_0_2","osm:way/1227571421","road",0,2,-32101.167646860427,25365.094826354856,-1.3119313166725988
"osm_way_1227571422_0_0","osm:way/1227571422","road",0,0,-3065.990698829571,24991.44734763523,-0.4979543001041975
"osm_way_1227571422_0_1","osm:way/1227571422","road",0,1,-2798.8531394440097,24960.341118594966,-0.49550752257516706
"osm_way_1227571422_0_2","osm:way/1227571422","road",0,2,-2720.092232411202,24953.675571058655,-0.4949058288076458
"osm_way_1227571422_0_3","osm:way/1227571422","road",0,3,-2642.955262584647,24947.01000783179,-0.4943209435523954
"osm_way_1227571422_0_4","osm:way/1227571422","road",0,4,-2175.2616081140077,24888.129835431755,-0.4902521719259312
"osm_way_1227571422_0_5","osm:way/1227571422","road",0,5,4475.561115433429,24109.323007155308,-0.47225259644108064
"osm_way_1227571422_0_6","osm:way/1227571422","road",0,6,7774.57828697932,23758.224197088235,-0.49068274378072374
"osm_way_1227571422_0_7","osm:way/1227571422","road",0,7,8174.877200682966,23714.891352948303,-0.4940640532666407
"osm_way_1232988833_0_0","osm:way/1232988833","road",0,0,35991.77820546219,18921.227195562402,-1.2951251599417901
"osm_way_1232988833_0_1","osm:way/1232988833","road",0,1,36040.522915509464,19431.163543051072,-1.3132354376892863
"osm_way_1232988833_0_2","osm:way/1232988833","road",0,2,36137.20017867256,20443.259412032392,-1.3503969230214352
"osm_way_1232988834_0_0","osm:way/1232988834","road",0,0,36531.02958025881,20956.51018782732,-1.389487406970602
"osm_way_1232988834_0_1","osm:way/1232988834","road",0,1,36851.75341615605,20927.60742325078,-1.406957695432709
"osm_way_1232988834_0_2","osm:way/1232988834","road",0,2,37464.78205796166,20865.359096392585,-1.4405722809698318
"osm_way_1232988837_0_0","osm:way/1232988837","road",0,0,-31780.565763868337,28048.121627245302,-1.4084694039667056
"osm_way_1232988837_0_1","osm:way/1232988837","road",0,1,-20758.8295792755,26916.461649566132,-0.9063717014754502
"osm_way_1232988837_0_2","osm:way/1232988837","road",0,2,-20641.90496151253,26886.46881095218,-0.9013152542507896
"osm_way_1232988837_0_3","osm:way/1232988837","road",0,3,-20551.776712960556,26900.914258616955,-0.8990194885342362
"osm_way_1232988838_0_0","osm:way/1232988838","road",0,0,-15017.374392835573,26281.133564979933,-0.7190523569732932
"osm_way_1232988838_0_1","osm:way/1232988838","road",0,1,-14176.984258694018,26195.606334631186,-0.6963236931170513
"osm_way_1232988839_0_0","osm:way/1232988839","road",0,0,-17174.783488801793,26532.163424070528,-0.7838255263692417
"osm_way_1232988839_0_1","osm:way/1232988839","road",0,1,-17360.681908597813,24864.580787789426,-0.7215273323950555
"osm_way_1232988839_0_2","osm:way/1232988839","road",0,2,-17418.319045774424,24374.638025517812,-0.7041467659050227
"osm_way_1232988841_0_0","osm:way/1232988841","road",0,0,-17418.319045774424,24374.638025517812,-0.7041467659050227
"osm_way_1232988841_0_1","osm:way/1232988841","road",0,1,-17462.967550125428,23998.01534324906,-0.6910553616350512
"osm_way_1232988842_0_0","osm:way/1232988842","road",0,0,-17462.967550125428,23998.01534324906,-0.6910553616350512
"osm_way_1232988842_0_1","osm:way/1232988842","road",0,1,-17264.83518974574,23506.9681410461,-0.6673466906292447
"osm_way_1232988842_0_2","osm:way/1232988842","road",0,2,-17445.04861076746,21831.608699912493,-0.6125778923589564
"osm_way_1232988842_0_3","osm:way/1232988842","road",0,3,-17855.08288175721,21542.74375246452,-0.614065128230834
"osm_way_1232988842_0_4","osm:way/1232988842","road",0,4,-18794.25211144334,11688.342537391167,-0.38377831275440144
"osm_way_1232988842_0_5","osm:way/1232988842","road",0,5,-19357.57331881386,5605.720770885053,-0.31797130807511564
"osm_way_1232988842_0_6","osm:way/1232988842","road",0,6,-19691.989817916296,1996.1425308122052,-0.3066387122578007
"osm_way_1232988842_0_7","osm:way/1232988842","road",0,7,-20546.685456321182,-7173.89893209266,-0.3708523719723189
"osm_way_1232988842_0_8","osm:way/1232988842","road",0,8,-20604.313794910468,-7788.271809429807,-0.37992914986304527
"osm_way_1232988844_0_0","osm:way/1232988844","road",0,0,-20813.736578239652,-9575.842697475127,-0.41109941228327784
"osm_way_1232988844_0_1","osm:way/1232988844","road",0,1,-21158.310687051933,-12301.083848711482,-0.46925013057119713
"osm_way_1232988845_0_0","osm:way/1232988845","road",0,0,-20604.313794910468,-7788.271809429807,-0.37992914986304527
"osm_way_1232988845_0_1","osm:way/1232988845","road",0,1,-20676.557070142717,-8391.535357179338,-0.3899301917854814
"osm_way_1232988846_0_0","osm:way/1232988846","road",0,0,-20604.313794910468,-7788.271809429807,-0.37992914986304527
"osm_way_1232988846_0_1","osm:way/1232988846","road",0,1,-13512.103440647541,-8463.568537824536,-0.1991683296857616
"osm_way_1232988847_0_0","osm:way/1232988847","road",0,0,-13512.103440647541,-8463.568537824536,-0.1991683296857616
"osm_way_1232988847_0_1","osm:way/1232988847","road",0,1,-13498.304643849455,-8263.592124061313,-0.1962491107811104
"osm_way_1232988848_0_0","osm:way/1232988848","road",0,0,-19828.49026912096,5230.1965096042795,-0.32921832953931585
"osm_way_1232988848_0_1","osm:way/1232988848","road",0,1,-19357.57331881386,5605.720770885053,-0.31797130807511564
"osm_way_1232988850_0_0","osm:way/1232988850","road",0,0,-22931.70230453923,4080.2362043511484,-0.4246672152255826
"osm_way_1232988850_0_1","osm:way/1232988850","road",0,1,-23060.746493153456,2469.3132284769326,-0.4210249505970154
"osm_way_1232988851_0_0","osm:way/1232988851","road",0,0,-22931.70230453923,4080.2362043511484,-0.4246672152255826
"osm_way_1232988851_0_1","osm:way/1232988851","road",0,1,-20925.134807691084,22093.701157310927,-0.7261351102442859
"osm_way_1232988851_0_2","osm:way/1232988851","road",0,2,-20678.365208103325,24312.331779659908,-0.7989721133938588
"osm_way_1232988852_0_0","osm:way/1232988852","road",0,0,-21100.53621353299,22643.62984373365,-0.7512296802190122
"osm_way_1232988852_0_1","osm:way/1232988852","road",0,1,-20925.134807691084,22093.701157310927,-0.7261351102442859
"osm_way_1232988854_0_0","osm:way/1232988854","road",0,0,-17462.967550125428,23998.01534324906,-0.6910553616350512
"osm_way_1232988854_0_1","osm:way/1232988854","road",0,1,-19323.1885115066,24183.498262707697,-0.7516353445481627
"osm_way_1232988854_0_2","osm:way/1232988854","road",0,2,-20678.365208103325,24312.331779659908,-0.7989721133938588
"osm_way_1233256934_0_0","osm:way/1233256934","road",0,0,-34021.11947889878,2115.5612696346293,-0.9094348041477573
"osm_way_1233256934_0_1","osm:way/1233256934","road",0,1,-34441.50866702622,-1747.3318364612082,-0.9308441882813767
"osm_way_1233256934_0_2","osm:way/1233256934","road",0,2,-34699.58285810701,-4122.616922098527,-0.9557622902224949
"osm_way_1233256934_0_3","osm:way/1233256934","road",0,3,-34956.032239518805,-6481.237433409811,-0.9893890867211041
"osm_way_1233256934_0_4","osm:way/1233256934","road",0,4,-35087.502454901885,-7689.988857441486,-1.0100516438278362
"osm_way_1233256934_0_5","osm:way/1233256934","road",0,5,-35177.583483137816,-8521.005473932306,-1.0255875971814987
"osm_way_1233256934_0_6","osm:way/1233256934","road",0,6,-35588.828297342276,-12301.687047744645,-1.1102029547515713
"osm_way_1233256936_0_0","osm:way/1233256936","road",0,0,-38134.01587274313,-12301.825263197812,-1.2570692131234296
"osm_way_1233256936_0_1","osm:way/1233256936","road",0,1,-37984.31421427416,-10373.158011201818,-1.2137988550449563
"osm_way_1233256936_0_2","osm:way/1233256936","road",0,2,-37851.25388812009,-8661.132597045316,-1.1803038826244006
"osm_way_1233256936_0_3","osm:way/1233256936","road",0,3,-37198.113635820795,-239.87957971713146,-1.0830593906301589
"osm_way_1233256937_0_0","osm:way/1233256937","road",0,0,-37198.113635820795,-239.87957971713146,-1.0830593906301589
"osm_way_1233256937_0_1","osm:way/1233256937","road",0,1,-37129.13241500611,372.27329803464534,-1.079109987881366
"osm_way_1233256940_0_0","osm:way/1233256940","road",0,0,-34021.11947889878,2115.5612696346293,-0.9094348041477573
"osm_way_1233256940_0_1","osm:way/1233256940","road",0,1,-34193.27929670864,2679.929628264414,-0.9207525370854341
"osm_way_1233256940_0_2","osm:way/1233256940","road",0,2,-34168.12153450549,2926.5680901428473,-0.9204926135122804
"osm_way_1233256941_0_0","osm:way/1233256941","road",0,0,-34080.48305865985,3946.450617050262,-0.9213172316083984
"osm_way_1233256941_0_1","osm:way/1233256941","road",0,1,-34052.8854780241,4115.320709043312,-0.9209148816992752
"osm_way_1233256943_0_0","osm:way/1233256943","road",0,0,-34052.8854780241,4115.320709043312,-0.9209148816992752
"osm_way_1233256943_0_1","osm:way/1233256943","road",0,1,-34005.030379099866,5104.093817409504,-0.9255260966117618
"osm_way_1233256943_0_2","osm:way/1233256943","road",0,2,-32545.074745857226,20367.89462790013,-1.1548781704789235
"osm_way_1233256943_0_3","osm:way/1233256943","road",0,3,-32101.167646860427,25365.094826354856,-1.3119313166725988
"osm_way_1233256944_0_0","osm:way/1233256944","road",0,0,-34735.20408023143,25583.827812246556,-1.4584778857738456
"osm_way_1233256944_0_1","osm:way/1233256944","road",0,1,-36720.18516875535,5358.366404686412,-1.0779165402709623
"osm_way_1233256945_0_0","osm:way/1233256945","road",0,0,-36720.18516875535,5358.366404686412,-1.0779165402709623
"osm_way_1233256945_0_1","osm:way/1233256945","road",0,1,-36782.65847229895,4501.798737881603,-1.0748763623613655
"osm_way_1233256945_0_2","osm:way/1233256945","road",0,2,-36845.940183487706,3583.016222715932,-1.0726885081925985
"osm_way_1233256946_0_0","osm:way/1233256946","road",0,0,-23171.12453522541,1123.9146591729186,-0.42122176181020876
"osm_way_1233256946_0_1","osm:way/1233256946","road",0,1,-27048.148942838005,1478.1733480543444,-0.5743374578893956
"osm_way_1233256946_0_2","osm:way/1233256946","road",0,2,-34021.11947889878,2115.5612696346293,-0.9094348041477573
"osm_way_1233256947_0_0","osm:way/1233256947","road",0,0,-34021.11947889878,2115.5612696346293,-0.9094348041477573
"osm_way_1233256947_0_1","osm:way/1233256947","road",0,1,-35425.78694394324,2314.354543190048,-0.9864782804498873
"osm_way_1233256947_0_2","osm:way/1233256947","road",0,2,-36025.814755054605,2382.09264370273,-1.0202846985102099
"osm_way_1233256948_0_0","osm:way/1233256948","road",0,0,-20758.8295792755,26916.461649566132,-0.9063717014754502
"osm_way_1233256948_0_1","osm:way/1233256948","road",0,1,-20661.43085944855,28155.205002729348,-0.9567999757251755
"osm_way_1233256948_0_2","osm:way/1233256948","road",0,2,-20603.78973964872,28447.393944337957,-0.9679293644552445
"osm_way_1233256948_0_3","osm:way/1233256948","road",0,3,-20063.158682372672,33262.388193462546,-1.1841161607833328
"osm_way_1233256948_0_4","osm:way/1233256948","road",0,4,-19819.62859976462,35428.80205861483,-1.2934059854927682
"osm_way_1233256948_0_5","osm:way/1233256948","road",0,5,-19565.184778438477,37692.98211793716,-1.4156092374747686
"osm_way_1233256948_1_0","osm:way/1233256948","road",1,0,-31045.294662115877,37692.554171652366,-1.8703403705757182
"osm_way_1233256948_1_1","osm:way/1233256948","road",1,1,-31780.565763868337,28048.121627245302,-1.4084694039667056
"osm_way_1233256952_0_0","osm:way/1233256952","road",0,0,8282.973791812692,32326.079837270925,-0.8745188224764888
"osm_way_1233256952_0_1","osm:way/1233256952","road",0,1,8504.629471039192,31212.877295082057,-0.8218721224352521
"osm_way_1233256952_0_2","osm:way/1233256952","road",0,2,7774.57828697932,23758.224197088235,-0.49068274378072374
"osm_way_1233256963_0_0","osm:way/1233256963","road",0,0,-5770.524240821816,9527.725552819436,-0.09736788447938238
"osm_way_1233256963_0_1","osm:way/1233256963","road",0,1,-6007.597088942462,7677.94470400533,-0.07455382012437894
"osm_way_1233256963_0_2","osm:way/1233256963","road",0,2,-6550.739032029444,2423.0122452851233,-0.03819874358441666
"osm_way_1233256963_0_3","osm:way/1233256963","road",0,3,-6715.546687127888,770.985788858784,-0.03576528726747519
"osm_way_1233256964_0_0","osm:way/1233256964","building",0,0,-8601.7053305856,2709.6217710710334,-0.06367810615799385
"osm_way_1233256964_0_1","osm:way/1233256964","building",0,1,-7825.4887645996705,2644.0834401001493,-0.05342236043155424
"osm_way_1233256964_0_2","osm:way/1233256964","building",0,2,-7862.021200826719,2219.6892838118524,-0.05224947619133502
"osm_way_1233256964_0_3","osm:way/1233256964","building",0,3,-8638.237299188862,2286.3385515785985,-0.06250995596808195
"osm_way_1233256964_0_4","osm:way/1233256964","building",0,4,-8601.7053305856,2709.6217710710334,-0.06367810615799385
"osm_way_1233256965_0_0","osm:way/1233256965","road",0,0,-7754.829844068135,889.8493990674319,-0.047691083063838846
"osm_way_1233256965_0_1","osm:way/1233256965","road",0,1,-8591.005239012042,-8735.67816270146,-0.11770953291119213
"osm_way_1233256965_0_2","osm:way/1233256965","road",0,2,-8600.746905416447,-8851.220056106245,-0.11943672785221793
"osm_way_1233256965_0_3","osm:way/1233256965","road",0,3,-13512.103440647541,-8463.568537824536,-0.1991683296857616
"osm_way_1233256966_0_0","osm:way/1233256966","road",0,0,-8600.746905416447,-8851.220056106245,-0.11943672785221793
"osm_way_1233256966_0_1","osm:way/1233256966","road",0,1,-8148.502812346297,-8895.653618951997,-0.11412737973159892
"osm_way_1233256967_0_0","osm:way/1233256967","road",0,0,-8148.502812346297,-8895.653618951997,-0.11412737973159892
"osm_way_1233256967_0_1","osm:way/1233256967","road",0,1,-7908.171969426813,-8925.647197671951,-0.11152708104660292
"osm_way_1233256967_0_2","osm:way/1233256967","road",0,2,-7765.271212928603,-9061.184932520055,-0.11168897126339061
"osm_way_1233256967_0_3","osm:way/1233256967","road",0,3,-7712.494080271591,-9225.609158386405,-0.11341134711813083
"osm_way_1233256967_0_4","osm:way/1233256967","road",0,4,-7727.103301682452,-9705.552067073842,-0.12072477708500173
"osm_way_1233256968_0_0","osm:way/1233256968","road",0,0,-7727.103301682452,-9705.552067073842,-0.12072477708500173
"osm_way_1233256968_0_1","osm:way/1233256968","road",0,1,-7765.259456543549,-10088.840112038135,-0.12714695515256835
"osm_way_1233256973_0_0","osm:way/1233256973","road",0,0,33816.22942158322,-12301.596425148178,-1.0139083555479544
"osm_way_1233256973_0_1","osm:way/1233256973","road",0,1,32720.516955763334,-12110.454400389077,-0.9531806733839687
"osm_way_1233256974_0_0","osm:way/1233256974","road",0,0,32720.516955763334,-12110.454400389077,-0.9531806733839687
"osm_way_1233256974_0_1","osm:way/1233256974","road",0,1,32699.888162799685,-12301.541728768876,-0.9557885694427171
"osm_way_1233256977_0_0","osm:way/1233256977","road",0,0,48156.453482471734,-5642.145814258312,-1.840108354696568
"osm_way_1233256977_0_1","osm:way/1233256977","road",0,1,49044.700230014,-5725.532799203852,-1.9084295910108295
"osm_way_1233256977_0_2","osm:way/1233256977","road",0,2,49547.282194858424,-5772.230395377997,-1.947634346911542
"osm_way_1233256977_0_3","osm:way/1233256977","road",0,3,49764.0663261547,-5792.2438668352215,-1.9646668844835347
"osm_way_1233256978_0_0","osm:way/1233256978","road",0,0,49764.0663261547,-5792.2438668352215,-1.9646668844835347
"osm_way_1233256978_0_1","osm:way/1233256978","road",0,1,50282.904012482606,-5606.748691523144,-2.0036342552096187
"osm_way_1233256978_0_2","osm:way/1233256978","road",0,2,53380.399718711866,-5888.062773334559,-2.2574948819478635
"osm_way_1233256978_0_3","osm:way/1233256978","road",0,3,54964.46532981711,-6032.032893041789,-2.39317303097053
"osm_way_1233256980_0_0","osm:way/1233256980","road",0,0,48419.72231485819,-2794.7266948882566,-1.8411386351012027
"osm_way_1233256980_0_1","osm:way/1233256980","road",0,1,49304.72542159507,-2872.5588923093783,-1.9091775577440018
"osm_way_1233256980_0_2","osm:way/1233256980","road",0,2,49989.99375915021,-2932.6018495857725,-1.9627085728794569
"osm_way_1233256981_0_0","osm:way/1233256981","road",0,0,49989.99375915021,-2932.6018495857725,-1.9627085728794569
"osm_way_1233256981_0_1","osm:way/1233256981","road",0,1,51041.16082905586,4034.2654573954756,-2.0518601280191007
"osm_way_1233256981_0_2","osm:way/1233256981","road",0,2,51379.13749400781,6788.355197227513,-2.1023663708739093
"osm_way_1233256981_0_3","osm:way/1233256981","road",0,3,51735.83694954749,10135.705599704019,-2.175653520508547
"osm_way_1233256981_0_4","osm:way/1233256981","road",0,4,51942.220532481915,12073.23584177129,-2.226201256892324
"osm_way_1233256981_0_5","osm:way/1233256981","road",0,5,52330.61487438774,15719.436344392881,-2.3374995897839312
"osm_way_1233256981_0_6","osm:way/1233256981","road",0,6,52442.746102975274,16770.41299454677,-2.3735164636704553
"osm_way_1233256981_0_7","osm:way/1233256981","road",0,7,52516.6878301966,17462.546638744912,-2.3982021326233394
"osm_way_1233264308_0_0","osm:way/1233264308","road",0,0,8293.395757943734,21379.61414196857,-0.4128729365291406
"osm_way_1233264308_0_1","osm:way/1233264308","road",0,1,7573.996865710385,21452.947099772166,-0.40640579214823447
"osm_way_1233264308_0_2","osm:way/1233264308","road",0,2,2057.517583037792,22017.3630704875,-0.38409185708587756
"osm_way_1233264308_0_3","osm:way/1233264308","road",0,3,-2822.389998782469,22505.07966904351,-0.40406976096960534
"osm_way_1233264308_0_4","osm:way/1233264308","road",0,4,-4994.397705004089,22721.70787496976,-0.42505420654919135
"osm_way_1233264311_0_0","osm:way/1233264311","road",0,0,51664.83808527039,37422.4414097071,-3.189245955351794
"osm_way_1233264311_0_1","osm:way/1233264311","road",0,1,51502.30061597843,35564.898936725855,-3.0696266567844077
"osm_way_1233264311_0_2","osm:way/1233264311","road",0,2,50739.2004042304,26861.55585910991,-2.581787552867354
"osm_way_1233264311_0_3","osm:way/1233264311","road",0,3,50269.44845268103,21011.18073013378,-2.3246539988249992
"osm_way_1233264311_0_4","osm:way/1233264311","road",0,4,50196.30482040033,20105.73903515433,-2.289659329029803
"osm_way_1233264311_0_5","osm:way/1233264311","road",0,5,50107.73191108022,19170.302050380804,-2.2538465178655542
"osm_way_1233264321_0_0","osm:way/1233264321","road",0,0,-23171.12453522541,1123.9146591729186,-0.42122176181020876
"osm_way_1233264321_0_1","osm:way/1233264321","road",0,1,-23432.51822124247,-347.0297134785012,-0.4298588482547938
"osm_way_1233264321_0_2","osm:way/1233264321","road",0,2,-23843.128388221252,-6901.816978073438,-0.482374638184524
"osm_way_1233264321_0_3","osm:way/1233264321","road",0,3,-23875.587406339462,-7418.423135908628,-0.48939801041356645
"osm_way_1233264321_0_4","osm:way/1233264321","road",0,4,-23915.343280320132,-8231.660828463275,-0.5008822902219379
"osm_way_1233264325_0_0","osm:way/1233264325","road",0,0,-33280.19150867709,26300.48148253148,-1.4102269032349568
"osm_way_1233264325_0_1","osm:way/1233264325","road",0,1,-33333.74046865652,25465.023436218813,-1.3790480060080768
"osm_way_1233264325_0_2","osm:way/1233264325","road",0,2,-33674.58055487894,21702.12415721581,-1.2575107879300162
"osm_way_1233264325_0_3","osm:way/1233264325","road",0,3,-33785.75846110374,20473.376925932494,-1.2226745600514732
"osm_way_1233264325_0_4","osm:way/1233264325","road",0,4,-35168.551551321085,5206.244538368544,-0.9893484035536915
"osm_way_1233264325_0_5","osm:way/1233264325","road",0,5,-35263.50354514049,4330.788694246556,-0.9880247162396216
"osm_way_1233264325_0_6","osm:way/1233264325","road",0,6,-35356.007084321405,3217.5835859452905,-0.9865372147167761
"osm_way_1233264325_0_7","osm:way/1233264325","road",0,7,-35425.78694394324,2314.354543190048,-0.9864782804498873
"osm_way_1233264325_0_8","osm:way/1233264325","road",0,8,-35679.77992668617,-434.2192956119741,-0.9965548005308911
"osm_way_1233264325_0_9","osm:way/1233264325","road",0,9,-35785.27035784959,-1599.6412154195295,-1.0043173801632221
"osm_way_1233264325_0_10","osm:way/1233264325","road",0,10,-35999.495980077176,-3966.0366518884657,-1.0266991251786095
"osm_way_1233264325_0_11","osm:way/1233264325","road",0,11,-36322.45178253821,-7584.5108552650145,-1.0778101967652276
"osm_way_1233264325_0_12","osm:way/1233264325","road",0,12,-36424.69318114969,-8733.268153812869,-1.0983558226975276
"osm_way_1233264325_0_13","osm:way/1233264325","road",0,13,-36743.33968017268,-12301.748560411499,-1.1755656549155447
"osm_way_1233264336_0_0","osm:way/1233264336","road",0,0,11093.18392829851,37693.173428040594,-1.2123251730997708
"osm_way_1233264336_0_1","osm:way/1233264336","road",0,1,10768.462720256079,34116.94120599075,-1.005046947901178
"osm_way_1233264336_0_2","osm:way/1233264336","road",0,2,10532.94870818153,31528.3665635202,-0.8676433710633091
"osm_way_1233264336_0_3","osm:way/1233264336","road",0,3,10503.712632663886,31208.405395007798,-0.8513945756760677
"osm_way_1234909730_0_0","osm:way/1234909730","road",0,0,-17825.90186852239,23434.740069722822,-0.6800931947950062
"osm_way_1234909730_0_1","osm:way/1234909730","road",0,1,-17744.725275829653,24200.20602917333,-0.7064745931245398
"osm_way_1234909730_0_2","osm:way/1234909730","road",0,2,-17722.80759259331,24407.959483502505,-0.713798348553496
"osm_way_1234909731_0_0","osm:way/1234909731","road",0,0,-19260.692244823134,25071.171438407335,-0.7840912624061502
"osm_way_1234909731_0_1","osm:way/1234909731","road",0,1,-19323.1885115066,24183.498262707697,-0.7516353445481627
"osm_way_1234909732_0_0","osm:way/1234909732","road",0,0,-19143.003662223477,26729.86484627713,-0.8480448143444619
"osm_way_1234909732_0_1","osm:way/1234909732","road",0,1,-19260.692244823134,25071.171438407335,-0.7840912624061502
"osm_way_1234909733_0_0","osm:way/1234909733","road",0,0,-29906.409442097676,25187.438592735565,-1.1983585632762583
"osm_way_1234909733_0_1","osm:way/1234909733","road",0,1,-29848.79331441597,25951.793962266536,-1.2263676679594937
"osm_way_1234909734_0_0","osm:way/1234909734","road",0,0,-12242.027320011874,24306.981454218338,-0.5813919804495526
"osm_way_1234909734_0_1","osm:way/1234909734","road",0,1,-12271.2493579799,23821.48354865036,-0.5635986626586487
"osm_way_1234909735_0_0","osm:way/1234909735","road",0,0,-5207.138942902202,23551.606840825058,-0.45691748677967325
"osm_way_1234909735_0_1","osm:way/1234909735","road",0,1,-5264.784688401014,23054.999232372553,-0.43920971640289963
"osm_way_1234909737_0_0","osm:way/1234909737","road",0,0,8636.04392610678,21344.058572272283,-0.41622005750951985
"osm_way_1234909737_0_1","osm:way/1234909737","road",0,1,8691.26656242162,22056.194780448932,-0.44124602246142786
"osm_way_1234909738_0_0","osm:way/1234909738","road",0,0,8765.007452832862,10604.231394918037,-0.14845906704010758
"osm_way_1234909738_0_1","osm:way/1234909738","road",0,1,8411.757699487634,6471.39675670688,-0.08827728463813855
"osm_way_1234909738_0_2","osm:way/1234909738","road",0,2,8285.076159254271,4996.019127023826,-0.0733321496976913
"osm_way_1234909738_0_3","osm:way/1234909738","road",0,3,8265.586676915535,4763.824895966354,-0.07129955031679458
"osm_way_1234909738_0_4","osm:way/1234909738","road",0,4,8025.212350727528,1465.333059275173,-0.052095335611568316
"osm_way_1234909738_0_5","osm:way/1234909738","road",0,5,7761.30551480711,-845.4989423196047,-0.04770937597085023
"osm_way_1234909739_0_0","osm:way/1234909739","road",0,0,2057.517583037792,22017.3630704875,-0.38409185708587756
"osm_way_1234909739_0_1","osm:way/1234909739","road",0,1,2113.545462762036,22769.495011756215,-0.4107346141822177
"osm_way_1234909740_0_0","osm:way/1234909740","road",0,0,21344.059120315895,20524.98713531019,-0.6874795642076492
"osm_way_1234909740_0_1","osm:way/1234909740","road",0,1,21324.562980570998,20237.244434093594,-0.6776153696833376
"osm_way_1234909742_0_0","osm:way/1234909742","road",0,0,53807.76504976434,37691.131549153724,-3.3820037820163407
"osm_way_1234909742_0_1","osm:way/1234909742","road",0,1,52314.74808718505,20551.081276940993,-2.473854552415844
"osm_way_1234909745_0_0","osm:way/1234909745","road",0,0,52371.48201490099,19210.126385829073,-2.436622407601874
"osm_way_1234909745_0_1","osm:way/1234909745","road",0,1,52512.65837325177,17854.722218984745,-2.4087504091269807
"osm_way_1234909745_0_2","osm:way/1234909745","road",0,2,52516.6878301966,17462.546638744912,-2.3982021326233394
"osm_way_1234909746_0_0","osm:way/1234909746","road",0,0,50107.73191108022,19170.302050380804,-2.2538465178655542
"osm_way_1234909746_0_1","osm:way/1234909746","road",0,1,49957.440326629585,18099.330258510698,-2.2107228352695074
"osm_way_1234909746_0_2","osm:way/1234909746","road",0,2,49937.10717420982,17634.94291140812,-2.1960982434109155
"osm_way_1234909747_0_0","osm:way/1234909747","road",0,0,50107.73191108022,19170.302050380804,-2.2538465178655542
"osm_way_1234909747_0_1","osm:way/1234909747","road",0,1,51447.46918149482,19193.532373937014,-2.361038003448357
"osm_way_1234909747_0_2","osm:way/1234909747","road",0,2,52371.48201490099,19210.126385829073,-2.436622407601874
"osm_way_1234909748_0_0","osm:way/1234909748","road",0,0,51447.46918149482,19193.532373937014,-2.361038003448357
"osm_way_1234909748_0_1","osm:way/1234909748","road",0,1,51317.46287971398,17969.24436924023,-2.314842775504644
"osm_way_1234909767_0_0","osm:way/1234909767","road",0,0,-31988.3419516825,26169.448190145056,-1.3388319110475777
"osm_way_1234909767_0_1","osm:way/1234909767","road",0,1,-31780.565763868337,28048.121627245302,-1.4084694039667056
"osm_way_1234909768_0_0","osm:way/1234909768","road",0,0,-20758.8295792755,26916.461649566132,-0.9063717014754502
"osm_way_1234909768_0_1","osm:way/1234909768","road",0,1,-20967.45334567059,25214.437023360475,-0.8434898664461343
"osm_way_1234909768_0_2","osm:way/1234909768","road",0,2,-21064.86266770679,24348.982169416657,-0.8130008915941289
"osm_way_1234909769_0_0","osm:way/1234909769","road",0,0,52314.74808718505,20551.081276940993,-2.473854552415844
"osm_way_1234909769_0_1","osm:way/1234909769","road",0,1,52371.48201490099,19210.126385829073,-2.436622407601874
"osm_way_1237164613_0_0","osm:way/1237164613","building",0,0,12924.885353795828,23978.11931396771,-0.5823700774655549
"osm_way_1237164613_0_1","osm:way/1237164613","building",0,1,12437.70596633422,24011.457754457275,-0.5739557126787531
"osm_way_1237164613_0_2","osm:way/1237164613","building",0,2,11192.962273842537,24088.13690076583,-0.5538303556477331
"osm_way_1237164613_0_3","osm:way/1237164613","building",0,3,11278.23545426047,25091.348598352324,-0.5940843632131987
"osm_way_1237164613_0_4","osm:way/1237164613","building",0,4,12440.176089709405,25879.011670282125,-0.647190628811245
"osm_way_1237164613_0_5","osm:way/1237164613","building",0,5,13329.283319279315,25942.320537389092,-0.6677004568018674
"osm_way_1237164613_0_6","osm:way/1237164613","building",0,6,13267.55352469392,24911.334202078655,-0.6252325640275558
"osm_way_1237164613_0_7","osm:way/1237164613","building",0,7,12977.68132469069,24926.89349718163,-0.6198870369146903
"osm_way_1237164613_0_8","osm:way/1237164613","building",0,8,12924.885353795828,23978.11931396771,-0.5823700774655549
"osm_way_1238485618_0_0","osm:way/1238485618","road",0,0,-20678.365208103325,24312.331779659908,-0.7989721133938588
"osm_way_1238485618_0_1","osm:way/1238485618","road",0,1,-21064.86266770679,24348.982169416657,-0.8130008915941289
"osm_way_1238485618_0_2","osm:way/1238485618","road",0,2,-29906.409442097676,25187.438592735565,-1.1983585632762583
"osm_way_1238485618_0_3","osm:way/1238485618","road",0,3,-32101.167646860427,25365.094826354856,-1.3119313166725988
"osm_way_1240066636_0_0","osm:way/1240066636","building",0,0,8869.574933584458,-2724.1770540407424,-0.06740321894138646
"osm_way_1240066636_0_1","osm:way/1240066636","building",0,1,8658.443151763577,-4978.349648177088,-0.07814508304910817
"osm_way_1240066636_0_2","osm:way/1240066636","building",0,2,9700.962478852538,-5076.12985416523,-0.09389826803989365
"osm_way_1240066636_0_3","osm:way/1240066636","building",0,3,9764.302948544459,-4396.211927714325,-0.08980428714124855
"osm_way_1240066636_0_4","osm:way/1240066636","building",0,4,10566.491321697158,-4470.659499383813,-0.10308787070414382
"osm_way_1240066636_0_5","osm:way/1240066636","building",0,5,10414.638918533356,-5839.382658600249,-0.11167860245500094
"osm_way_1240066636_0_6","osm:way/1240066636","building",0,6,8515.53493338059,-5630.492218612506,-0.08165864038254256
"osm_way_1240066636_0_7","osm:way/1240066636","building",0,7,7901.715698600942,-5562.715107045741,-0.07317536445121675
"osm_way_1240066636_0_8","osm:way/1240066636","building",0,8,8176.999070014301,-2354.212534229358,-0.05668697345502238
"osm_way_1240066636_0_9","osm:way/1240066636","building",0,9,8188.367810832198,-2217.562322557789,-0.05634188616951974
"osm_way_1240066636_0_10","osm:way/1240066636","building",0,10,9458.23308900538,-2330.89863005176,-0.07428601645003141
"osm_way_1240066636_0_11","osm:way/1240066636","building",0,11,9424.12687500762,-2686.411259314533,-0.07518306520655216
"osm_way_1240066636_0_12","osm:way/1240066636","building",0,12,9416.006294499353,-2775.2894227885636,-0.07544461701662897
"osm_way_1240066636_0_13","osm:way/1240066636","building",0,13,8869.574933584458,-2724.1770540407424,-0.06740321894138646
"osm_way_1240066833_0_0","osm:way/1240066833","road",0,0,18814.824146263454,-12301.014846056014,-0.3959286488274927
"osm_way_1240066833_0_1","osm:way/1240066833","road",0,1,18921.905739794478,-11083.385266203968,-0.3767256603580904
"osm_way_1240066833_0_2","osm:way/1240066833","road",0,2,19608.206910929417,-3302.1111119781685,-0.30949678474776476
"osm_way_1240364422_0_0","osm:way/1240364422","road",0,0,49824.220741141886,-4817.920134583501,-1.9612354785468966
"osm_way_1240364422_0_1","osm:way/1240364422","road",0,1,49914.420703207536,-3791.3826429650358,-1.9613350987491174
"osm_way_1240364423_0_0","osm:way/1240364423","road",0,0,54964.61086324343,-4234.7506241177125,-2.378691514471498
"osm_way_1240364423_0_1","osm:way/1240364423","road",0,1,49914.420703207536,-3791.3826429650358,-1.9613350987491174
"osm_way_1240364506_0_0","osm:way/1240364506","road",0,0,49989.99375915021,-2932.6018495857725,-1.9627085728794569
"osm_way_1240364506_0_1","osm:way/1240364506","road",0,1,50839.2327014595,-3527.038401232768,-2.032745407034753
"osm_way_1240364506_0_2","osm:way/1240364506","road",0,2,54964.639396733706,-3882.372346099176,-2.376447031812745
"osm_way_1241712083_0_0","osm:way/1241712083","road",0,0,54966.10158078881,14175.352183478395,-2.5225709035979094
"osm_way_1241712083_0_1","osm:way/1241712083","road",0,1,54435.05344459778,13806.166477262588,-2.4689839242725498
"osm_way_1241712083_0_2","osm:way/1241712083","road",0,2,51942.220532481915,12073.23584177129,-2.226201256892324
"osm_way_1241712084_0_0","osm:way/1241712084","green",0,0,46853.41834513214,-3983.36373459871,-1.730668151574477
"osm_way_1241712084_0_1","osm:way/1241712084","green",0,1,46920.04716888334,-3255.6774385686977,-1.731420733154465
"osm_way_1241712084_0_2","osm:way/1241712084","green",0,2,47606.94075709133,-3293.498533540935,-1.7824356291367138
"osm_way_1241712084_0_3","osm:way/1241712084","green",0,3,47535.43929046354,-4025.628335250876,-1.7813199770799315
"osm_way_1241712084_0_4","osm:way/1241712084","green",0,4,46853.41834513214,-3983.36373459871,-1.730668151574477
"osm_way_1241712085_0_0","osm:way/1241712085","green",0,0,46718.5847474732,-4748.818616511512,-1.7260434526015445
"osm_way_1241712085_0_1","osm:way/1241712085","green",0,1,47496.41052762274,-4825.530112402336,-1.7839785091346982
"osm_way_1241712085_0_2","osm:way/1241712085","green",0,2,47433.847650893294,-5456.561524166438,-1.7844263941857008
"osm_way_1241712085_0_3","osm:way/1241712085","green",0,3,46646.27971349416,-5375.405515616088,-1.7257425473022892
"osm_way_1241712085_0_4","osm:way/1241712085","green",0,4,46718.5847474732,-4748.818616511512,-1.7260434526015445
"osm_way_1241849788_0_0","osm:way/1241849788","road",0,0,-34956.032239518805,-6481.237433409811,-0.9893890867211041
"osm_way_1241849788_0_1","osm:way/1241849788","road",0,1,-23875.587406339462,-7418.423135908628,-0.48939801041356645
"osm_way_1241849790_0_0","osm:way/1241849790","road",0,0,-42908.35291517068,-12302.110273137178,-1.5599177183652557
"osm_way_1241849790_0_1","osm:way/1241849790","road",0,1,-42874.45556011231,-11741.06392936568,-1.547045923098267
"osm_way_1241849790_0_2","osm:way/1241849790","road",0,2,-41315.55253865716,-11889.838388649321,-1.4470834130179355
"osm_way_1241849790_0_3","osm:way/1241849790","road",0,3,-41002.14835684145,-11916.482871995691,-1.427389294791226
"osm_way_1241849790_0_4","osm:way/1241849790","road",0,4,-41016.05235496474,-12301.993292661597,-1.4356155194619191
"osm_way_1241849808_0_0","osm:way/1241849808","road",0,0,-25478.868830993328,-12301.232273629006,-0.6269648562849284
"osm_way_1241849808_0_1","osm:way/1241849808","road",0,1,-25368.58486148531,-11169.140938370158,-0.6017046699767548
"osm_way_1241849808_0_2","osm:way/1241849808","road",0,2,-24235.9685774171,-10649.161570625765,-0.5488191983246793
"osm_way_1241849808_0_3","osm:way/1241849808","road",0,3,-23989.95919394128,-10536.943993714263,-0.5376657999455858
"osm_way_1241849808_0_4","osm:way/1241849808","road",0,4,-22601.56435436603,-10610.220931831589,-0.48825263350593673
"osm_way_1252702053_0_0","osm:way/1252702053","road",0,0,-45920.02515886851,24901.02287780062,-2.1374810533245636
"osm_way_1252702053_0_1","osm:way/1252702053","road",0,1,-46529.003288922286,24934.625083806564,-2.1828616765901643
"osm_way_1252702055_0_0","osm:way/1252702055","road",0,0,-45954.29724390494,27404.05387360474,-2.2427831474573168
"osm_way_1252702055_0_1","osm:way/1252702055","road",0,1,-45957.487590481054,26554.155539186802,-2.2069909164514456
"osm_way_1252702055_0_2","osm:way/1252702055","road",0,2,-45920.02515886851,24901.02287780062,-2.1374810533245636
"osm_way_1252702055_0_3","osm:way/1252702055","road",0,3,-45336.98081107535,24130.043352763805,-2.066143180398683
"osm_way_1252702055_0_4","osm:way/1252702055","road",0,4,-44987.79067254134,23460.14685733768,-2.0164147253524334
"osm_way_1252702055_0_5","osm:way/1252702055","road",0,5,-45026.70373347769,22535.810579106892,-1.9857604942814078
"osm_way_1252702055_0_6","osm:way/1252702055","road",0,6,-45527.57694395261,20908.194364317376,-1.9657182406845664
"osm_way_1252702055_0_7","osm:way/1252702055","road",0,7,-46507.57616090126,20322.642500292237,-2.0173489465236116
"osm_way_1252702055_0_8","osm:way/1252702055","road",0,8,-46528.687009524794,20320.146531736325,-2.0188065523058185
"osm_way_1268287943_0_0","osm:way/1268287943","green",0,0,-40839.81822468509,2486.252048784605,-1.3103044200777347
"osm_way_1268287943_0_1","osm:way/1268287943","green",0,1,-37156.030189257515,2268.7119262304823,-1.0846080642778588
"osm_way_1268287943_0_2","osm:way/1268287943","green",0,2,-37401.93466687376,207.83351823087753,-1.0949490653429983
"osm_way_1268287943_0_3","osm:way/1268287943","green",0,3,-37480.69304316878,214.49504448846812,-1.0995672962719416
"osm_way_1268287943_0_4","osm:way/1268287943","green",0,4,-40743.890427122,507.6053181869546,-1.299525901468046
"osm_way_1268287943_0_5","osm:way/1268287943","green",0,5,-41031.33240177386,767.5569485886891,-1.3181839967722375
"osm_way_1268287943_0_6","osm:way/1268287943","green",0,6,-40839.81822468509,2486.252048784605,-1.3103044200777347
"osm_way_1271656073_0_0","osm:way/1271656073","road",0,0,-7765.259456543549,-10088.840112038135,-0.12714695515256835
"osm_way_1271656073_0_1","osm:way/1271656073","road",0,1,-8062.951235917009,-12300.801977173433,-0.16973645691606976
"osm_way_1271656077_0_0","osm:way/1271656077","road",0,0,-6905.424814560269,-10589.882162482725,-0.12541215442922748
"osm_way_1271656077_0_1","osm:way/1271656077","road",0,1,-1528.0424873394563,-11015.35355904857,-0.09713755742808416
"osm_way_1271656077_0_2","osm:way/1271656077","road",0,2,-629.2420912715178,-10620.95472980712,-0.08891707070404209
"osm_way_1271656079_0_0","osm:way/1271656079","road",0,0,-20546.685456321182,-7173.89893209266,-0.3708523719723189
"osm_way_1271656079_0_1","osm:way/1271656079","road",0,1,-21547.797018508572,-7091.717562114951,-0.4029152929014401
"osm_way_1271656079_0_2","osm:way/1271656079","road",0,2,-22268.79238274199,-7031.747991852134,-0.42697655631513953
"osm_way_1271656079_0_3","osm:way/1271656079","road",0,3,-23843.128388221252,-6901.816978073438,-0.482374638184524
"osm_way_1272999885_0_0","osm:way/1272999885","road",0,0,-33630.430018241415,37692.4310236442,-2.0011961234672526
"osm_way_1272999885_0_1","osm:way/1272999885","road",0,1,-33642.883141647384,37464.679968843135,-1.9884064344068975
"osm_way_1272999885_0_2","osm:way/1272999885","road",0,2,-34041.326700518664,32678.5677912653,-1.7458142264530352
"osm_way_1272999885_0_3","osm:way/1272999885","road",0,3,-34408.92808227022,28254.63537915741,-1.5537679423033524
"osm_way_1272999886_0_0","osm:way/1272999886","road",0,0,-34408.92808227022,28254.63537915741,-1.5537679423033524
"osm_way_1272999886_0_1","osm:way/1272999886","road",0,1,-33108.95628132815,28152.49006041911,-1.480543922852462
"osm_way_1272999886_0_2","osm:way/1272999886","road",0,2,-31780.565763868337,28048.121627245302,-1.4084694039667056
"osm_way_1272999887_0_0","osm:way/1272999887","road",0,0,-32101.167646860427,25365.094826354856,-1.3119313166725988
"osm_way_1272999887_0_1","osm:way/1272999887","road",0,1,-33333.74046865652,25465.023436218813,-1.3790480060080768
"osm_way_1272999887_0_2","osm:way/1272999887","road",0,2,-34735.20408023143,25583.827812246556,-1.4584778857738456
"osm_way_1272999889_0_0","osm:way/1272999889","road",0,0,-20426.770514962656,28137.436457943717,-0.948467748139592
"osm_way_1272999889_0_1","osm:way/1272999889","road",0,1,-20551.776712960556,26900.914258616955,-0.8990194885342362
"osm_way_1272999890_0_0","osm:way/1272999890","road",0,0,-17344.5180295706,27818.671547819707,-0.8433352838949304
"osm_way_1272999890_0_1","osm:way/1272999890","road",0,1,-17483.332811464694,26564.373907588055,-0.7935389032752482
"osm_way_1272999891_0_0","osm:way/1272999891","road",0,0,-17067.727139495808,31450.465265313313,-1.004959907490388
"osm_way_1272999891_0_1","osm:way/1272999891","road",0,1,-17316.920188828506,28178.62909616226,-0.8584192683514402
"osm_way_1272999891_0_2","osm:way/1272999891","road",0,2,-17344.5180295706,27818.671547819707,-0.8433352838949304
"osm_way_1272999892_0_0","osm:way/1272999892","road",0,0,-17316.920188828506,28178.62909616226,-0.8584192683514402
"osm_way_1272999892_0_1","osm:way/1272999892","road",0,1,-17009.17490260266,27858.675238254084,-0.8360679463578435
"osm_way_1272999892_0_2","osm:way/1272999892","road",0,2,-17174.783488801793,26532.163424070528,-0.7838255263692417
"osm_way_1272999893_0_0","osm:way/1272999893","road",0,0,-20551.776712960556,26900.914258616955,-0.8990194885342362
"osm_way_1272999893_0_1","osm:way/1272999893","road",0,1,-20584.247501900798,26636.50052640312,-0.888945622662618
"osm_way_1272999893_0_2","osm:way/1272999893","road",0,2,-20852.94454249264,24521.190298604575,-0.8126585458668956
"osm_way_1272999894_0_0","osm:way/1272999894","road",0,0,-20584.247501900798,26636.50052640312,-0.888945622662618
"osm_way_1272999894_0_1","osm:way/1272999894","road",0,1,-17527.17243761112,26303.292961132545,-0.7838982776007697
"osm_way_1272999895_0_0","osm:way/1272999895","road",0,0,-20603.78973964872,28447.393944337957,-0.9679293644552445
"osm_way_1272999895_0_1","osm:way/1272999895","road",0,1,-20426.770514962656,28137.436457943717,-0.948467748139592
"osm_way_1272999896_0_0","osm:way/1272999896","road",0,0,7573.996865710385,21452.947099772166,-0.40640579214823447
"osm_way_1272999896_0_1","osm:way/1272999896","road",0,1,7088.394382726264,16834.6165148184,-0.2619386026850634
"osm_way_1272999896_0_2","osm:way/1272999896","road",0,2,6614.166957321136,12330.715887441076,-0.15367199814093624
"osm_way_1272999896_0_3","osm:way/1272999896","road",0,3,6498.047188147521,11230.848593200097,-0.13212457118569887
"osm_way_1272999896_0_4","osm:way/1272999896","road",0,4,6221.1387766088465,7632.392671398753,-0.07604982034195018
"osm_way_1272999896_0_5","osm:way/1272999896","road",0,5,6145.618864009345,6656.954430200538,-0.06437042729032783
"osm_way_1272999896_0_6","osm:way/1272999896","road",0,6,5696.57049331399,1620.8935683772886,-0.02746288470056868
"osm_way_1272999896_0_7","osm:way/1272999896","road",0,7,8025.212350727528,1465.333059275173,-0.052095335611568316
"osm_way_1272999897_0_0","osm:way/1272999897","road",0,0,6145.618864009345,6656.954430200538,-0.06437042729032783
"osm_way_1272999897_0_1","osm:way/1272999897","road",0,1,7477.209015808097,6548.065196292376,-0.07743901096759487
"osm_way_1272999897_0_2","osm:way/1272999897","road",0,2,8411.757699487634,6471.39675670688,-0.08827728463813855
"osm_way_1272999898_0_0","osm:way/1272999898","road",0,0,7088.394382726264,16834.6165148184,-0.2619386026850634
"osm_way_1272999898_0_1","osm:way/1272999898","road",0,1,8316.88534308603,16697.952267446668,-0.27315151830862305
"osm_way_1272999898_0_2","osm:way/1272999898","road",0,2,9288.797541745036,16590.17478684182,-0.2837263695923298
"osm_way_1272999901_0_0","osm:way/1272999901","green",0,0,7090.693179993064,3711.7417066348694,-0.05017397401729795
"osm_way_1272999901_0_1","osm:way/1272999901","green",0,1,6989.201269372681,3798.3990697278036,-0.049566652108978815
"osm_way_1272999901_0_2","osm:way/1272999901","green",0,2,6935.614243170966,3913.941366395032,-0.049682545675366896
"osm_way_1272999901_0_3","osm:way/1272999901","green",0,3,6905.57355132327,4030.594397851524,-0.050085090474993876
"osm_way_1272999901_0_4","osm:way/1272999901","green",0,4,6905.574794511919,4152.802014285106,-0.050870760414767346
"osm_way_1272999901_0_5","osm:way/1272999901","green",0,5,6950.232942156115,4278.34211000543,-0.052186479814153586
"osm_way_1272999901_0_6","osm:way/1272999901","green",0,6,7046.043242849338,4376.107215126511,-0.05390062128434181
"osm_way_1272999901_0_7","osm:way/1272999901","green",0,7,7145.101005385774,4441.6539010167735,-0.055454908656926705
"osm_way_1272999901_0_8","osm:way/1272999901","green",0,8,7279.071875606391,4462.761065779925,-0.05711499767500072
"osm_way_1272999901_0_9","osm:way/1272999901","green",0,9,7536.456946272389,4376.101947455667,-0.05949799183397886
"osm_way_1272999901_0_10","osm:way/1272999901","green",0,10,7584.360963058876,4319.4415191886665,-0.05967785908786993
"osm_way_1272999901_0_11","osm:way/1272999901","green",0,11,7637.947498444066,4167.236887194493,-0.05930174506616481
"osm_way_1272999901_0_12","osm:way/1272999901","green",0,12,7646.877531868255,4048.3621049400354,-0.05864156931743025
"osm_way_1272999901_0_13","osm:way/1272999901","green",0,13,7620.081847160175,3908.3791361880612,-0.057446397560667606
"osm_way_1272999901_0_14","osm:way/1272999901","green",0,14,7464.998832566261,3729.5133470719647,-0.054542221668185675
"osm_way_1272999901_0_15","osm:way/1272999901","green",0,15,7324.532214226749,3676.1879169610156,-0.0526059190498529
"osm_way_1272999901_0_16","osm:way/1272999901","green",0,16,7207.612511382695,3676.189168509663,-0.05127603687782312
"osm_way_1272999901_0_17","osm:way/1272999901","green",0,17,7090.693179993064,3711.7417066348694,-0.05017397401729795
"osm_way_1272999902_0_0","osm:way/1272999902","road",0,0,34861.132430113284,-4611.4557318625175,-0.9679113254271954
"osm_way_1272999902_0_1","osm:way/1272999902","road",0,1,34860.33778548411,-4274.82921047562,-0.9655183095897968
"osm_way_1273895186_0_0","osm:way/1273895186","road",0,0,7090.549612556906,-10032.172821088867,-0.11840604043769076
"osm_way_1273895186_0_1","osm:way/1273895186","road",0,1,18921.905739794478,-11083.385266203968,-0.3767256603580904
"osm_way_1273895196_0_0","osm:way/1273895196","green",0,0,-6572.623527162715,-1492.0758351714646,-0.03556055243238987
"osm_way_1273895196_0_1","osm:way/1273895196","green",0,1,-7227.782611893893,-8387.925990679738,-0.09615371214053425
"osm_way_1273895196_0_2","osm:way/1273895196","green",0,2,-8302.776739765175,-8263.508690668461,-0.10759368224100285
"osm_way_1273895196_0_3","osm:way/1273895196","green",0,3,-7710.959654997976,-1353.215508261956,-0.047976479729960886
"osm_way_1273895196_0_4","osm:way/1273895196","green",0,4,-6572.623527162715,-1492.0758351714646,-0.03556055243238987
"osm_way_1273895197_0_0","osm:way/1273895197","road",0,0,-20568.890063896633,2149.431540596828,-0.33477082006942993
"osm_way_1273895197_0_1","osm:way/1273895197","road",0,1,-21547.797018508572,-7091.717562114951,-0.4029152929014401
"osm_way_1273895198_0_0","osm:way/1273895198","road",0,0,-21547.797018508572,-7091.717562114951,-0.4029152929014401
"osm_way_1273895198_0_1","osm:way/1273895198","road",0,1,-21550.21682916025,-7594.990914797801,-0.40880283859152655
"osm_way_1273895198_0_2","osm:way/1273895198","road",0,2,-21287.949230908725,-8059.371669726331,-0.40571936286823984
"osm_way_1273895198_0_3","osm:way/1273895198","road",0,3,-20676.557070142717,-8391.535357179338,-0.3899301917854814
"osm_way_1273895203_0_0","osm:way/1273895203","green",0,0,23751.28500732419,13579.072061116904,-0.5863741869717387
"osm_way_1273895203_0_1","osm:way/1273895203","green",0,1,24290.62217599722,19156.16312661348,-0.7500597139468823
"osm_way_1273895203_0_2","osm:way/1273895203","green",0,2,25411.935764380552,19038.358400397403,-0.7901466542705293
"osm_way_1273895203_0_3","osm:way/1273895203","green",0,3,24829.555504203025,13450.160009396726,-0.6246374509316865
"osm_way_1273895203_0_4","osm:way/1273895203","green",0,4,23751.28500732419,13579.072061116904,-0.5863741869717387
"osm_way_1273895205_0_0","osm:way/1273895205","road",0,0,19918.699047193237,-12301.046341078414,-0.42939492189049133
"osm_way_1273895205_0_1","osm:way/1273895205","road",0,1,20124.395902534143,-10083.53912022744,-0.3968515485723856
"osm_way_1273895206_0_0","osm:way/1273895206","road",0,0,20124.395902534143,-10083.53912022744,-0.3968515485723856
"osm_way_1273895206_0_1","osm:way/1273895206","road",0,1,21185.127216816916,1325.0666339225336,-0.35266002646272554
"osm_way_1276102113_0_0","osm:way/1276102113","road",0,0,19608.206910929417,-3302.1111119781685,-0.30949678474776476
"osm_way_1276102113_0_1","osm:way/1276102113","road",0,1,19724.351700153165,-1986.715990443545,-0.3076077164422486
"osm_way_1276102114_0_0","osm:way/1276102114","road",0,0,19674.885583762654,150.80792731676468,-0.3029998163027847
"osm_way_1276102114_0_1","osm:way/1276102114","road",0,1,19462.127651940085,-900.171516554129,-0.2971010764762916
"osm_way_1276102114_0_2","osm:way/1276102114","road",0,2,19248.558474464226,-1950.0400433288917,-0.292980754011829
"osm_way_1276102116_0_0","osm:way/1276102116","road",0,0,24148.56020108098,20032.729885159715,-0.7716567336075286
"osm_way_1276102116_0_1","osm:way/1276102116","road",0,1,24199.732734670586,20563.775569899404,-0.7905273070505814
"osm_way_1276102116_0_2","osm:way/1276102116","road",0,2,24341.06732429693,22044.704231815376,-0.8454615010919042
"osm_way_1276102117_0_0","osm:way/1276102117","road",0,0,24380.056296305756,22453.54274188642,-0.8612386266023009
"osm_way_1276102117_0_1","osm:way/1276102117","road",0,1,28532.425480043814,22001.2128570055,-1.0174113096724113
"osm_way_1276102117_0_2","osm:way/1276102117","road",0,2,36216.81712852245,21279.82163262335,-1.382322548836612
"osm_way_1276102118_0_0","osm:way/1276102118","road",0,0,21464.30011141653,22755.82721770321,-0.7673496127026169
"osm_way_1276102118_0_1","osm:way/1276102118","road",0,1,23150.74611332829,22588.01411869568,-0.8202632018665668
"osm_way_1276102118_0_2","osm:way/1276102118","road",0,2,24380.056296305756,22453.54274188642,-0.8612386266023009
"osm_way_1276102119_0_0","osm:way/1276102119","road",0,0,21464.30011141653,22755.82721770321,-0.7673496127026169
"osm_way_1276102119_0_1","osm:way/1276102119","road",0,1,22836.873990101845,33240.08099236419,-1.276085659529258
"osm_way_1276102119_0_2","osm:way/1276102119","road",0,2,23569.190108092596,37692.85490802839,-1.5507811223841372
"osm_way_1276102122_0_0","osm:way/1276102122","road",0,0,25813.033691413388,37692.77329378277,-1.6375035445889807
"osm_way_1276102122_0_1","osm:way/1276102122","road",0,1,25521.31675731249,34419.84381081461,-1.4403910457275515
"osm_way_1276102122_0_2","osm:way/1276102122","road",0,2,24947.838516701893,28407.252990062047,-1.1210150968736343
"osm_way_1276102122_0_3","osm:way/1276102122","road",0,3,24380.056296305756,22453.54274188642,-0.8612386266023009
"osm_way_1279796645_0_0","osm:way/1279796645","road",0,0,54966.34558032117,17188.757643496483,-2.5968308977269317
"osm_way_1279796645_0_1","osm:way/1279796645","road",0,1,52516.6878301966,17462.546638744912,-2.3982021326233394
"osm_way_1281229906_0_0","osm:way/1281229906","road",0,0,44179.97109463544,37691.82641551365,-2.64364623942015
"osm_way_1281229906_0_1","osm:way/1281229906","road",0,1,44135.31012769436,37238.55039966226,-2.6138805349603444
"osm_way_1282119983_0_0","osm:way/1282119983","green",0,0,41792.88616020838,26414.441492183323,-1.9151456027088898
"osm_way_1282119983_0_1","osm:way/1282119983","green",0,1,39748.35658989663,26582.321956202275,-1.7916484027324486
"osm_way_1282119983_0_2","osm:way/1282119983","green",0,2,39824.74034075446,27581.086638591187,-1.8388982232210083
"osm_way_1282119983_0_3","osm:way/1282119983","green",0,3,39309.1603888854,27954.40527059412,-1.8232495148680528
"osm_way_1282119983_0_4","osm:way/1282119983","green",0,4,39331.91168048773,28232.148430884183,-1.8369078535982908
"osm_way_1282119983_0_5","osm:way/1282119983","green",0,5,41469.01101152238,28063.1525991285,-1.9645904289774307
"osm_way_1282119983_0_6","osm:way/1282119983","green",0,6,41253.82606131483,27857.634796299055,-1.941630410502171
"osm_way_1282119983_0_7","osm:way/1282119983","green",0,7,41116.586896584595,27593.23037796944,-1.92126602850351
"osm_way_1282119983_0_8","osm:way/1282119983","green",0,8,41071.09877676662,27299.934959710685,-1.905693606170189
"osm_way_1282119983_0_9","osm:way/1282119983","green",0,9,41125.48257021328,26998.856648450816,-1.8963509021972413
"osm_way_1282119983_0_10","osm:way/1282119983","green",0,10,41276.49276164436,26731.10180080405,-1.894789944279296
"osm_way_1282119983_0_11","osm:way/1282119983","green",0,11,41507.89183563678,26528.889706279675,-1.901323742850991
"osm_way_1282119983_0_12","osm:way/1282119983","green",0,12,41792.88616020838,26414.441492183323,-1.9151456027088898
"osm_way_1282941867_0_0","osm:way/1282941867","road",0,0,-37129.13241500611,372.27329803464534,-1.079109987881366
"osm_way_1282941867_0_1","osm:way/1282941867","road",0,1,-36942.50157642798,2485.364361825277,-1.073033182046501
"osm_way_1282941867_0_2","osm:way/1282941867","road",0,2,-36845.940183487706,3583.016222715932,-1.0726885081925985
"osm_way_1286806897_0_0","osm:way/1286806897","road",0,0,22801.495334185467,19437.29223020783,-0.7036947679026184
"osm_way_1286806897_0_1","osm:way/1286806897","road",0,1,22930.649746346437,20993.76812750503,-0.7577488166361945
"osm_way_1290827566_0_0","osm:way/1290827566","road",0,0,11745.93847710505,25637.94182233878,-0.6242932258388123
"osm_way_1290827566_0_1","osm:way/1290827566","road",0,1,11661.474843963395,24538.075094685966,-0.5793968561846441
"osm_way_1290827567_0_0","osm:way/1290827567","road",0,0,11421.940386830027,24294.774990661008,-0.5657367261022728
"osm_way_1290827567_0_1","osm:way/1290827567","road",0,1,11192.962273842537,24088.13690076583,-0.5538303556477331
"osm_way_1290827568_0_0","osm:way/1290827568","road",0,0,11080.909205787853,23987.039742695073,-0.5480592391748473
"osm_way_1290827568_0_1","osm:way/1290827568","road",0,1,11192.962273842537,24088.13690076583,-0.5538303556477331
"osm_way_1290827569_0_0","osm:way/1290827569","road",0,0,11080.909205787853,23987.039742695073,-0.5480592391748473
"osm_way_1290827569_0_1","osm:way/1290827569","road",0,1,11037.054479792914,23462.65884694461,-0.5277556718809251
"osm_way_1290827570_0_0","osm:way/1290827570","road",0,0,9863.772613883111,24087.04653799717,-0.5318828885677362
"osm_way_1290827570_0_1","osm:way/1290827570","road",0,1,11080.909205787853,23987.039742695073,-0.5480592391748473
"osm_way_1290827571_0_0","osm:way/1290827571","road",0,0,14623.540387015424,24942.413728146214,-0.6560510520287721
"osm_way_1290827571_0_1","osm:way/1290827571","road",0,1,13704.403785404933,25485.701129425826,-0.6571919245971003
"osm_way_1290827571_0_2","osm:way/1290827571","road",0,2,11745.93847710505,25637.94182233878,-0.6242932258388123
"osm_way_1290827572_0_0","osm:way/1290827572","road",0,0,11421.940386830027,24294.774990661008,-0.5657367261022728
"osm_way_1290827572_0_1","osm:way/1290827572","road",0,1,11460.923188944274,24791.381487615497,-0.5855823864266085
"osm_way_1290827572_0_2","osm:way/1290827572","road",0,2,12492.120635571302,24712.483858432923,-0.6018473299846505
"osm_way_1290827572_0_3","osm:way/1290827572","road",0,3,12451.512579118438,24184.770066394285,-0.580785909720305
"osm_way_1290827573_0_0","osm:way/1290827573","road",0,0,11661.474843963395,24538.075094685966,-0.5793968561846441
"osm_way_1290827573_0_1","osm:way/1290827573","road",0,1,12171.38963203478,24499.181914336346,-0.587410575904812
"osm_way_1290827573_0_2","osm:way/1290827573","road",0,2,12151.085776685688,24238.102453518804,-0.5770292447749625
"osm_way_1290827573_0_3","osm:way/1290827573","road",0,3,11904.248147653527,24256.99345278547,-0.5731014102636323
"osm_way_1290827573_0_4","osm:way/1290827573","road",0,4,11421.940386830027,24294.774990661008,-0.5657367261022728
"osm_way_1290827574_0_0","osm:way/1290827574","road",0,0,20172.426104956332,21498.239722998893,-0.6815337123640575
"osm_way_1290827574_0_1","osm:way/1290827574","road",0,1,14623.540387015424,24942.413728146214,-0.6560510520287721
"osm_way_1290827575_0_0","osm:way/1290827575","road",0,0,22930.649746346437,20993.76812750503,-0.7577488166361945
"osm_way_1290827575_0_1","osm:way/1290827575","road",0,1,22687.87363530886,21019.328779887142,-0.7499238306394318
"osm_way_1290827576_0_0","osm:way/1290827576","road",0,0,22687.87363530886,21019.328779887142,-0.7499238306394318
"osm_way_1290827576_0_1","osm:way/1290827576","road",0,1,20583.272021553825,21243.813420896608,-0.6860973128567593
"osm_way_1290827576_0_2","osm:way/1290827576","road",0,2,20172.426104956332,21498.239722998893,-0.6815337123640575
"osm_way_1290827577_0_0","osm:way/1290827577","road",0,0,22740.57386492688,18709.60363796064,-0.6797186898623409
"osm_way_1290827577_0_1","osm:way/1290827577","road",0,1,22801.495334185467,19437.29223020783,-0.7036947679026184
"osm_way_1304251263_0_0","osm:way/1304251263","plaza",0,0,-46527.647549027395,5154.792868935149,-1.7152664139945983
"osm_way_1304251263_0_1","osm:way/1304251263","plaza",0,1,-45258.57089903887,5035.667107872776,-1.6231416443680757
"osm_way_1304251263_0_2","osm:way/1304251263","plaza",0,2,-37168.31928343323,4277.3601080378085,-1.0956512400245089
"osm_way_1304251263_0_3","osm:way/1304251263","plaza",0,3,-37245.41803461119,3624.100619981424,-1.0960872249867748
"osm_way_1304251263_0_4","osm:way/1304251263","plaza",0,4,-37320.081973130786,2991.9498390666126,-1.097159572745987
"osm_way_1304251263_0_5","osm:way/1304251263","plaza",0,5,-45441.17076482139,3728.033414207865,-1.6271030128706343
"osm_way_1304251263_0_6","osm:way/1304251263","plaza",0,6,-46527.556488168426,3826.2664476707423,-1.7058877054275001
"osm_way_1304251263_0_7","osm:way/1304251263","plaza",0,7,-46527.647549027395,5154.792868935149,-1.7152664139945983
"osm_way_1304895786_0_0","osm:way/1304895786","road",0,0,16905.491119455066,5234.719512674549,-0.2452148658125708
"osm_way_1304895786_0_1","osm:way/1304895786","road",0,1,16427.95659119701,635.2808546605148,-0.21154893908512662
"osm_way_1304895788_0_0","osm:way/1304895788","road",0,0,18005.17203145703,16862.18918977366,-0.47708039688103554
"osm_way_1304895788_0_1","osm:way/1304895788","road",0,1,18924.31073475887,16936.599721241062,-0.5056231554988244
"osm_way_1304895788_0_2","osm:way/1304895788","road",0,2,21038.65533105016,17108.73909062887,-0.5763607387635261
"osm_way_1304895788_0_3","osm:way/1304895788","road",0,3,22630.901511933214,16978.703436332093,-0.6273018412457532
"osm_way_1304895789_0_0","osm:way/1304895789","road",0,0,10501.081460371677,18586.58475354369,-0.35766692032126457
"osm_way_1304895789_0_1","osm:way/1304895789","road",0,1,12267.903876225451,18419.908410260003,-0.38430854534254877
"osm_way_1304895789_0_2","osm:way/1304895789","road",0,2,13536.16705532151,17498.883468991444,-0.383937651960764
"osm_way_1304895790_0_0","osm:way/1304895790","road",0,0,9495.064090504531,18682.14368546665,-0.344719176007402
"osm_way_1304895790_0_1","osm:way/1304895790","road",0,1,10327.322227849549,18603.252090538543,-0.35532095705264055
"osm_way_1304895791_0_0","osm:way/1304895791","road",0,0,10327.322227849549,18603.252090538543,-0.35532095705264055
"osm_way_1304895791_0_1","osm:way/1304895791","road",0,1,10501.081460371677,18586.58475354369,-0.35766692032126457
"osm_way_1304895793_0_0","osm:way/1304895793","road",0,0,7347.283688330359,5254.887872590699,-0.06394223541406063
"osm_way_1304895793_0_1","osm:way/1304895793","road",0,1,8285.076159254271,4996.019127023826,-0.0733321496976913
"osm_way_1304895793_0_2","osm:way/1304895793","road",0,2,11913.647180065369,4623.787403419471,-0.12788518061697118
"osm_way_1304895793_0_3","osm:way/1304895793","road",0,3,12859.57515901855,5351.460940342296,-0.1519281241815662
"osm_way_1304895793_0_4","osm:way/1304895793","road",0,4,12987.895468167955,7081.251703482073,-0.17141688759068074
"osm_way_1304895794_0_0","osm:way/1304895794","green",0,0,6082.248944278073,2400.797037566777,-0.033482194194256465
"osm_way_1304895794_0_1","osm:way/1304895794","green",0,1,6158.582109219275,3582.877315811956,-0.039769574554071596
"osm_way_1304895794_0_2","osm:way/1304895794","green",0,2,6372.119974467658,3268.4684734845873,-0.04017170255288249
"osm_way_1304895794_0_3","osm:way/1304895794","green",0,3,6610.829073264733,3081.821828069245,-0.041666549386576435
"osm_way_1304895794_0_4","osm:way/1304895794","green",0,4,6977.825828588546,2996.2728216739774,-0.0451612471687568
"osm_way_1304895794_0_5","osm:way/1304895794","green",0,5,6909.616155272951,2349.6841152386623,-0.04170468470423572
"osm_way_1304895794_0_6","osm:way/1304895794","green",0,6,6082.248944278073,2400.797037566777,-0.033482194194256465
"osm_way_1304960849_0_0","osm:way/1304960849","road",0,0,-19819.62859976462,35428.80205861483,-1.2934059854927682
"osm_way_1304960849_0_1","osm:way/1304960849","road",0,1,-23212.098342199242,35890.86128921499,-1.4335517551273824
"osm_way_1304960849_0_2","osm:way/1304960849","road",0,2,-23498.651000599704,33677.78366644764,-1.3230932593955913
"osm_way_1304960849_0_3","osm:way/1304960849","road",0,3,-20063.158682372672,33262.388193462546,-1.1841161607833328
"osm_way_1304960851_0_0","osm:way/1304960851","green",0,0,-22539.767155197118,35559.81256844569,-1.390896082293125
"osm_way_1304960851_0_1","osm:way/1304960851","green",0,1,-20054.284195656106,35201.04472134444,-1.2880936149912259
"osm_way_1304960851_0_2","osm:way/1304960851","green",0,2,-20254.792031800338,33483.46708825548,-1.201754272418043
"osm_way_1304960851_0_3","osm:way/1304960851","green",0,3,-22741.079298983044,33797.79507157243,-1.302036315200894
"osm_way_1304960851_0_4","osm:way/1304960851","green",0,4,-22539.767155197118,35559.81256844569,-1.390896082293125
"osm_way_1304960852_0_0","osm:way/1304960852","green",0,0,-21074.15563632075,35988.69707111454,-1.3649690628000144
"osm_way_1304960852_0_1","osm:way/1304960852","green",0,1,-20875.442035014392,37692.94308991574,-1.4570799945147428
"osm_way_1304960852_0_2","osm:way/1304960852","green",0,2,-19784.03792754172,37692.97577500269,-1.4223491716194303
"osm_way_1304960852_0_3","osm:way/1304960852","green",0,3,-19982.036116656982,35817.63951984538,-1.3202261387220915
"osm_way_1304960852_0_4","osm:way/1304960852","green",0,4,-21074.15563632075,35988.69707111454,-1.3649690628000144
"osm_way_1305693116_0_0","osm:way/1305693116","road",0,0,53501.439337497104,-5102.610500070186,-2.260839527560776
"osm_way_1305693116_0_1","osm:way/1305693116","road",0,1,53380.399718711866,-5888.062773334559,-2.2574948819478635
"osm_way_1305693116_0_2","osm:way/1305693116","road",0,2,53105.746808982214,-8703.260840208202,-2.266869405899996
"osm_way_1305693116_0_3","osm:way/1305693116","road",0,3,52970.8587189103,-10088.640580609157,-2.2761198198111288
"osm_way_1305693116_0_4","osm:way/1305693116","road",0,4,52335.12449798667,-10039.708209901848,-2.222947333217462
"osm_way_1305693117_0_0","osm:way/1305693117","road",0,0,49522.63708581162,-9708.425575558318,-1.993587124099605
"osm_way_1305693117_0_1","osm:way/1305693117","road",0,1,52335.12449798667,-10039.708209901848,-2.222947333217462
"osm_way_1305751655_0_0","osm:way/1305751655","road",0,0,13987.225875143293,-1444.4160513444035,-0.1547671177916321
"osm_way_1305751655_0_1","osm:way/1305751655","road",0,1,13747.66359347378,-3473.057803276261,-0.15740271402009398
"osm_way_1305799664_0_0","osm:way/1305799664","green",0,0,18779.208770038913,-3789.8072184214157,-0.28730587290226595
"osm_way_1305799664_0_1","osm:way/1305799664","green",0,1,17644.12855065214,-3684.2338102224867,-0.2543267946908401
"osm_way_1305799664_0_2","osm:way/1305799664","green",0,2,17609.205751792633,-4056.41069180147,-0.2556258521007493
"osm_way_1305799664_0_3","osm:way/1305799664","green",0,3,14877.868275476621,-3801.9312606521466,-0.18460425338346909
"osm_way_1305799664_0_4","osm:way/1305799664","green",0,4,14898.983421791752,-3579.7360299787806,-0.18380787981904234
"osm_way_1305799664_0_5","osm:way/1305799664","green",0,5,14087.051288369097,-3504.172158785622,-0.1649669541336607
"osm_way_1305799664_0_6","osm:way/1305799664","green",0,6,14185.308603668906,-2866.472568577011,-0.1639501989822989
"osm_way_1305799664_0_7","osm:way/1305799664","green",0,7,18841.742324623494,-3260.9832010520677,-0.2862181943026343
"osm_way_1305799664_0_8","osm:way/1305799664","green",0,8,18779.208770038913,-3789.8072184214157,-0.28730587290226595
"osm_way_1305799665_0_0","osm:way/1305799665","green",0,0,9927.517040834933,-3328.5639832458955,-0.08584155042576924
"osm_way_1305799665_0_1","osm:way/1305799665","green",0,1,9955.942242706678,-2816.403330089347,-0.08381184993080382
"osm_way_1305799665_0_2","osm:way/1305799665","green",0,2,9416.006294499353,-2775.2894227885636,-0.07544461701662897
"osm_way_1305799665_0_3","osm:way/1305799665","green",0,3,9424.12687500762,-2686.411259314533,-0.07518306520655216
"osm_way_1305799665_0_4","osm:way/1305799665","green",0,4,9458.23308900538,-2330.89863005176,-0.07428601645003141
"osm_way_1305799665_0_5","osm:way/1305799665","green",0,5,13297.864679896873,-2838.68014174696,-0.14473599554207794
"osm_way_1305799665_0_6","osm:way/1305799665","green",0,6,13215.84790902893,-3423.053209812452,-0.14590818325395105
"osm_way_1305799665_0_7","osm:way/1305799665","green",0,7,12666.98155388192,-3371.93773619248,-0.1345162136932032
"osm_way_1305799665_0_8","osm:way/1305799665","green",0,8,12646.679293090765,-3581.912287674804,-0.13526086244119995
"osm_way_1305799665_0_9","osm:way/1305799665","green",0,9,9927.517040834933,-3328.5639832458955,-0.08584155042576924
"osm_way_1305799666_0_0","osm:way/1305799666","road",0,0,2210.8692708907224,-11623.060735472229,-0.10994221133557858
"osm_way_1305799666_0_1","osm:way/1305799666","road",0,1,3860.698123866621,-11777.494140853634,-0.12062112843977957
"osm_way_1305799667_0_0","osm:way/1305799667","road",0,0,3860.698123866621,-11777.494140853634,-0.12062112843977957
"osm_way_1305799667_0_1","osm:way/1305799667","road",0,1,4550.021287891193,-11810.827769781246,-0.12577663422774776
"osm_way_1305799668_0_0","osm:way/1305799668","road",0,0,1808.9669517237724,-11585.286272665368,-0.10798907456148754
"osm_way_1305799668_0_1","osm:way/1305799668","road",0,1,2210.8692708907224,-11623.060735472229,-0.10994221133557858
"osm_way_1306876382_0_0","osm:way/1306876382","road",0,0,-41002.14835684145,-11916.482871995691,-1.427389294791226
"osm_way_1306876382_0_1","osm:way/1306876382","road",0,1,-37984.31421427416,-10373.158011201818,-1.2137988550449563
"osm_way_1306961051_0_0","osm:way/1306961051","road",0,0,-45095.89140958501,-11561.22934202158,-1.6967088431925959
"osm_way_1306961051_0_1","osm:way/1306961051","road",0,1,-45031.81433566982,-10582.45294048525,-1.6751643392858284
"osm_way_1306961053_0_0","osm:way/1306961053","green",0,0,-42653.15160329058,-12302.0941890524,-1.5428269423601648
"osm_way_1306961053_0_1","osm:way/1306961053","green",0,1,-42643.03287935785,-12128.780888537596,-1.5388253659551765
"osm_way_1306961053_0_2","osm:way/1306961053","green",0,2,-41446.253812357165,-12192.032540556278,-1.461266246221271
"osm_way_1306961053_0_3","osm:way/1306961053","green",0,3,-41451.34414179188,-12302.019734885176,-1.4637127426794905
"osm_way_1306961053_0_4","osm:way/1306961053","green",0,4,-42653.15160329058,-12302.0941890524,-1.5428269423601648
"osm_way_1306961070_0_0","osm:way/1306961070","road",0,0,-24032.64620521029,2650.368987500264,-0.45757710550162756
"osm_way_1306961070_0_1","osm:way/1306961070","road",0,1,-23060.746493153456,2469.3132284769326,-0.4210249505970154
"osm_way_1306961071_0_0","osm:way/1306961071","road",0,0,-23060.746493153456,2469.3132284769326,-0.4210249505970154
"osm_way_1306961071_0_1","osm:way/1306961071","road",0,1,-23171.12453522541,1123.9146591729186,-0.42122176181020876
"osm_way_1306961072_0_0","osm:way/1306961072","road",0,0,-20568.890063896633,2149.431540596828,-0.33477082006942993
"osm_way_1306961072_0_1","osm:way/1306961072","road",0,1,-21418.18331842115,2258.2811541129927,-0.36305815295811783
"osm_way_1309535610_0_0","osm:way/1309535610","road",0,0,49824.220741141886,-4817.920134583501,-1.9612354785468966
"osm_way_1309535610_0_1","osm:way/1309535610","road",0,1,49764.0663261547,-5792.2438668352215,-1.9646668844835347
"osm_way_1311157425_0_0","osm:way/1311157425","green",0,0,-40747.31264139374,3413.9245341197993,-1.308696594551506
"osm_way_1311157425_0_1","osm:way/1311157425","green",0,1,-37257.56960728344,3121.937740222306,-1.0941348184310584
"osm_way_1311157425_0_2","osm:way/1311157425","green",0,2,-37317.62886370259,2677.543098983621,-1.0956161079054283
"osm_way_1311157425_0_3","osm:way/1311157425","green",0,3,-40780.57356618599,2936.201845950313,-1.3084362268344307
"osm_way_1311157425_0_4","osm:way/1311157425","green",0,4,-40747.31264139374,3413.9245341197993,-1.308696594551506
"osm_way_1311157426_0_0","osm:way/1311157426","road",0,0,-41286.40210250756,2755.081796762767,-1.340117662223328
"osm_way_1311157426_0_1","osm:way/1311157426","road",0,1,-39244.362468360654,2628.551393525792,-1.2108707275212183
"osm_way_1311157426_0_2","osm:way/1311157426","road",0,2,-36942.50157642798,2485.364361825277,-1.073033182046501
"osm_way_1311157427_0_0","osm:way/1311157427","road",0,0,-39244.362468360654,2628.551393525792,-1.2108707275212183
"osm_way_1311157427_0_1","osm:way/1311157427","road",0,1,-39300.34350354696,1887.5255840976101,-1.2116836345878568
"osm_way_1311157427_0_2","osm:way/1311157427","road",0,2,-40311.215171416465,1989.6763159006227,-1.2749835962758027
"osm_way_1311157427_0_3","osm:way/1311157427","road",0,3,-40442.68338484091,879.8010928422489,-1.2807915328989061
"osm_way_1311157428_0_0","osm:way/1311157428","road",0,0,-39300.34350354696,1887.5255840976101,-1.2116836345878568
"osm_way_1311157428_0_1","osm:way/1311157428","road",0,1,-37652.91004036548,1766.5223228612917,-1.1121098078319847
"osm_way_1311157428_0_2","osm:way/1311157428","road",0,2,-37774.63508756809,581.1016224946637,-1.1171101105597714
"osm_way_1311157428_0_3","osm:way/1311157428","road",0,3,-40442.68338484091,879.8010928422489,-1.2807915328989061
"osm_way_1311925504_0_0","osm:way/1311925504","green",0,0,4153.016365926103,-7586.884683800483,-0.058713072433391744
"osm_way_1311925504_0_1","osm:way/1311925504","green",0,1,4666.154977615263,-7653.5467295246945,-0.06305318140604754
"osm_way_1311925504_0_2","osm:way/1311925504","green",0,2,4398.192491463508,-11661.955635213104,-0.12196837233062752
"osm_way_1311925504_0_3","osm:way/1311925504","green",0,3,3818.4790437429556,-11606.403196091102,-0.1172247501493473
"osm_way_1311925504_0_4","osm:way/1311925504","green",0,4,4153.016365926103,-7586.884683800483,-0.058713072433391744
"osm_way_1311925505_0_0","osm:way/1311925505","road",0,0,36509.80597009112,18863.428671686124,-1.322806140156274
"osm_way_1311925505_0_1","osm:way/1311925505","road",0,1,35991.77820546219,18921.227195562402,-1.2951251599417901
"osm_way_1311925505_0_2","osm:way/1311925505","road",0,2,24148.56020108098,20032.729885159715,-0.7716567336075286
"osm_way_1311925506_0_0","osm:way/1311925506","road",0,0,24148.56020108098,20032.729885159715,-0.7716567336075286
"osm_way_1311925506_0_1","osm:way/1311925506","road",0,1,22920.065568181657,20144.981259539833,-0.7299411666565447
"osm_way_1311925506_0_2","osm:way/1311925506","road",0,2,21324.562980570998,20237.244434093594,-0.6776153696833376
"osm_way_1311925507_0_0","osm:way/1311925507","road",0,0,37464.78205796166,20865.359096392585,-1.4405722809698318
"osm_way_1311925507_0_1","osm:way/1311925507","road",0,1,37934.9060543388,20819.782887264857,-1.4668244069696357
"osm_way_1311925507_0_2","osm:way/1311925507","road",0,2,38486.190305869466,20139.833291529372,-1.4779226669148215
"osm_way_1312229318_0_0","osm:way/1312229318","plaza",0,0,-14082.786483965529,25745.662226393837,-0.6758826494603909
"osm_way_1312229318_0_1","osm:way/1312229318","plaza",0,1,-14037.325237709536,26181.166523747987,-0.6926456387787994
"osm_way_1312229318_0_2","osm:way/1312229318","plaza",0,2,-13849.796708023026,27964.28995124444,-0.7643899602328474
"osm_way_1312229318_0_3","osm:way/1312229318","plaza",0,3,-2861.382876658982,26908.996179604903,-0.5751784697906714
"osm_way_1312229318_0_4","osm:way/1312229318","plaza",0,4,-3065.990698829571,24991.44734763523,-0.4979543001041975
"osm_way_1312229318_0_5","osm:way/1312229318","plaza",0,5,-3095.220316520772,24722.590546817337,-0.4875963685535112
"osm_way_1312229318_0_6","osm:way/1312229318","plaza",0,6,-6490.059687493971,25039.19529929721,-0.5254409083690348
"osm_way_1312229318_0_7","osm:way/1312229318","plaza",0,7,-9301.90823122439,25301.353391479683,-0.5705623294389284
"osm_way_1312229318_0_8","osm:way/1312229318","plaza",0,8,-11584.35459258824,25513.515068077933,-0.6163432080541043
"osm_way_1312229318_0_9","osm:way/1312229318","plaza",0,9,-14082.786483965529,25745.662226393837,-0.6758826494603909
"osm_way_1312229325_0_0","osm:way/1312229325","road",0,0,-11523.463781891583,25915.690123311826,-0.6314886841607859
"osm_way_1312229325_0_1","osm:way/1312229325","road",0,1,-11584.35459258824,25513.515068077933,-0.6163432080541043
"osm_way_1312229325_0_2","osm:way/1312229325","road",0,2,-11596.532753713405,25433.524447273045,-0.6133631636799919
"osm_way_1312229326_0_0","osm:way/1312229326","road",0,0,-9253.194906580275,25651.312113604614,-0.5838614275802456
"osm_way_1312229326_0_1","osm:way/1312229326","road",0,1,-9301.90823122439,25301.353391479683,-0.5705623294389284
"osm_way_1312229326_0_2","osm:way/1312229326","road",0,2,-9319.769809086796,25175.81263688486,-0.5658451942309739
"osm_way_1312229327_0_0","osm:way/1312229327","road",0,0,-6438.096963876393,25379.155050242713,-0.538378669392614
"osm_way_1312229327_0_1","osm:way/1312229327","road",0,1,-6490.059687493971,25039.19529929721,-0.5254409083690348
"osm_way_1312229327_0_2","osm:way/1312229327","road",0,2,-6509.545724730734,24914.76558049809,-0.5207567581763328
"osm_way_1312229559_0_0","osm:way/1312229559","road",0,0,9822.354382481843,23539.33499146253,-0.5107546207554492
"osm_way_1312229559_0_1","osm:way/1312229559","road",0,1,11037.054479792914,23462.65884694461,-0.5277556718809251
"osm_way_1312229559_0_2","osm:way/1312229559","road",0,2,12388.976386987173,23377.09021428016,-0.5493954581709204
"osm_way_1312229559_0_3","osm:way/1312229559","road",0,3,16462.602768480177,23098.148168185817,-0.6312029856033519
"osm_way_1312229559_0_4","osm:way/1312229559","road",0,4,18749.905567619648,22941.4409458382,-0.6885754843608538
"osm_way_1312229559_0_5","osm:way/1312229559","road",0,5,21464.30011141653,22755.82721770321,-0.7673496127026169
"osm_way_1312229560_0_0","osm:way/1312229560","road",0,0,9822.354382481843,23539.33499146253,-0.5107546207554492
"osm_way_1312229560_0_1","osm:way/1312229560","road",0,1,9775.237357730688,21942.860278513537,-0.4529965211489184
"osm_way_1312229560_0_2","osm:way/1312229560","road",0,2,9759.802530201312,21420.70082957423,-0.4349748449996582
"osm_way_1314404502_0_0","osm:way/1314404502","road",0,0,48339.03400419246,27103.92420621003,-2.405933411858996
"osm_way_1314404502_0_1","osm:way/1314404502","road",0,1,47777.16651592778,27331.714459311046,-2.3734043295377205
"osm_way_1314404502_0_2","osm:way/1314404502","road",0,2,46211.73009062147,27963.969269354682,-2.2857051445498655
"osm_way_1314404503_0_0","osm:way/1314404503","road",0,0,36497.481653653726,16168.196467819185,-1.2479369556089637
"osm_way_1314404503_0_1","osm:way/1314404503","road",0,1,37095.89152788051,16119.280992452585,-1.2811653911739995
"osm_way_1314404503_0_2","osm:way/1314404503","road",0,2,37960.62184986838,16044.79765171152,-1.3300834317590216
"osm_way_1314404503_0_3","osm:way/1314404503","road",0,3,38877.31710823358,15968.088279079364,-1.383285139118584
"osm_way_1314404503_0_4","osm:way/1314404503","road",0,4,40476.052387247546,15830.233545773828,-1.4791385215616515
"osm_way_1314404503_0_5","osm:way/1314404503","road",0,5,41748.38217934668,15721.280631065049,-1.5583210611907816
"osm_way_1314404503_0_6","osm:way/1314404503","road",0,6,43614.24816655981,15554.51659319589,-1.6788881251400767
"osm_way_1314404503_0_7","osm:way/1314404503","road",0,7,45396.48217472047,15394.418892968422,-1.7991612014554903
"osm_way_1314404503_0_8","osm:way/1314404503","road",0,8,46872.60977159511,15262.112172342784,-1.902578814386402
"osm_way_1314404503_0_9","osm:way/1314404503","road",0,9,46773.46369118161,13993.381963773845,-1.8661564474896863
"osm_way_1314404503_0_10","osm:way/1314404503","road",0,10,46676.756132279974,12757.980892868243,-1.8331234753915737
"osm_way_1314404503_0_11","osm:way/1314404503","road",0,11,46579.235982114275,11508.137123339095,-1.8021823519568159
"osm_way_1314404503_0_12","osm:way/1314404503","road",0,12,46519.09909647041,10742.677259158454,-1.784421784684298
"osm_way_1314404503_0_13","osm:way/1314404503","road",0,13,46751.28749954862,10313.823713828378,-1.7942788059833958
"osm_way_1314409392_0_0","osm:way/1314409392","road",0,0,-40660.59836447456,33255.912054235305,-2.162736224602213
"osm_way_1314409392_0_1","osm:way/1314409392","road",0,1,-42914.62123345763,32822.49194967521,-2.2876843907056355
"osm_way_1315453797_0_0","osm:way/1315453797","building",0,0,51361.00449228957,-7513.2685547115325,-2.1090516935075243
"osm_way_1315453797_0_1","osm:way/1315453797","building",0,1,51454.454731662394,-6478.95462008668,-2.105203978973691
"osm_way_1315453797_0_2","osm:way/1315453797","building",0,2,52766.522843689425,-6622.371575821634,-2.213709453005208
"osm_way_1315453797_0_3","osm:way/1315453797","building",0,3,52668.20077577516,-7634.465383279442,-2.2169296312270603
"osm_way_1315453797_0_4","osm:way/1315453797","building",0,4,51361.00449228957,-7513.2685547115325,-2.1090516935075243
"osm_way_1315453798_0_0","osm:way/1315453798","road",0,0,52023.518551034955,-12302.747672133613,-2.237211056772992
"osm_way_1315453798_0_1","osm:way/1315453798","road",0,1,52119.04530244085,-11431.747765386322,-2.228759316922435
"osm_way_1315453799_0_0","osm:way/1315453799","road",0,0,52119.04530244085,-11431.747765386322,-2.228759316922435
"osm_way_1315453799_0_1","osm:way/1315453799","road",0,1,52335.12449798667,-10039.708209901848,-2.222947333217462
"osm_way_1315453801_0_0","osm:way/1315453801","building",0,0,50001.03586692092,-7344.298277235265,-1.9991858709026644
"osm_way_1315453801_0_1","osm:way/1315453801","building",0,1,50061.17098424422,-6634.387428720197,-1.9961005512264762
"osm_way_1315453801_0_2","osm:way/1315453801","building",0,2,50442.775711139686,-6666.634056608541,-2.026456040871949
"osm_way_1315453801_0_3","osm:way/1315453801","building",0,3,50381.828268415964,-7376.544811401914,-2.0294772410082373
"osm_way_1315453801_0_4","osm:way/1315453801","building",0,4,50199.14535827875,-7360.9775772436005,-2.014915324139821
"osm_way_1315453801_0_5","osm:way/1315453801","building",0,5,50001.03586692092,-7344.298277235265,-1.9991858709026644
"osm_way_1316065761_0_0","osm:way/1316065761","road",0,0,2670.522676391978,14908.212201109312,-0.18016134231402248
"osm_way_1316065761_0_1","osm:way/1316065761","road",0,1,4382.124724393581,14782.662779457922,-0.18668139101833958
"osm_way_1316065761_0_2","osm:way/1316065761","road",0,2,4781.603225852598,14259.389374662185,-0.17760951826204519
"osm_way_1316065761_0_3","osm:way/1316065761","road",0,3,4777.54244980555,14117.184199420222,-0.17440942665274406
"osm_way_1316065761_0_4","osm:way/1316065761","road",0,4,4702.013963396465,11708.584037321194,-0.12498846631032734
"osm_way_1316065761_0_5","osm:way/1316065761","road",0,5,4693.0804023377,11406.398028411939,-0.11943600284070044
"osm_way_1316065762_0_0","osm:way/1316065762","road",0,0,4693.0804023377,11406.398028411939,-0.11943600284070044
"osm_way_1316065762_0_1","osm:way/1316065762","road",0,1,2078.5968991652044,11646.382360782574,-0.10992438196382182
"osm_way_1316065762_0_2","osm:way/1316065762","road",0,2,-115.29720590148536,11847.472587203307,-0.11026410255396968
"osm_way_1316065762_0_3","osm:way/1316065762","road",0,3,-1579.2472528500507,11981.89912169,-0.11472191016039801
"osm_way_1316065762_0_4","osm:way/1316065762","road",0,4,-1784.6712382570747,12000.785241878173,-0.11561855102826257
"osm_way_1316065764_0_0","osm:way/1316065764","road",0,0,2078.5968991652044,11646.382360782574,-0.10992438196382182
"osm_way_1316065764_0_1","osm:way/1316065764","road",0,1,2173.6036968627054,14277.178386022002,-0.1638108288489093
"osm_way_1316065764_0_2","osm:way/1316065764","road",0,2,1973.8643186843217,14816.003398445617,-0.17547600768352822
"osm_way_1316065764_0_3","osm:way/1316065764","road",0,3,1961.6889770060848,16198.060230104027,-0.20910718352098456
"osm_way_1316065764_0_4","osm:way/1316065764","road",0,4,1973.8709281227702,17089.064640712048,-0.23244162977107408
"osm_way_1316065764_0_5","osm:way/1316065764","road",0,5,1632.8501646494808,17826.755003733484,-0.25171079063568413
"osm_way_1316065764_0_6","osm:way/1316065764","road",0,6,958.1126116493841,18273.369482449176,-0.26300681347350974
"osm_way_1316065765_0_0","osm:way/1316065765","road",0,0,-1579.2472528500507,11981.89912169,-0.11472191016039801
"osm_way_1316065765_0_1","osm:way/1316065765","road",0,1,-1541.9003180808634,13246.192379631284,-0.13968445303618182
"osm_way_1316065765_0_2","osm:way/1316065765","road",0,2,-2305.949348851317,13387.284441845273,-0.14493731584366287
"osm_way_1316065765_0_3","osm:way/1316065765","road",0,3,-1753.0251051531152,19748.746772565624,-0.30875746707010876
"osm_way_1316065765_0_4","osm:way/1316065765","road",0,4,431.96341836950404,19504.333725603155,-0.2989622457747032
"osm_way_1316065765_0_5","osm:way/1316065765","road",0,5,1286.146540298251,19409.899509264265,-0.2972242023034255
"osm_way_1316065765_0_6","osm:way/1316065765","road",0,6,2028.278801367584,19317.686518172133,-0.29634436176593226
"osm_way_1316065765_0_7","osm:way/1316065765","road",0,7,5090.181237140573,18939.937920650227,-0.3020521739856008
"osm_way_1316065766_0_0","osm:way/1316065766","road",0,0,2173.6036968627054,14277.178386022002,-0.1638108288489093
"osm_way_1316065766_0_1","osm:way/1316065766","road",0,1,3431.32166998717,14194.960810097795,-0.16748959208712222
"osm_way_1316065767_0_0","osm:way/1316065767","road",0,0,3431.32166998717,14194.960810097795,-0.16748959208712222
"osm_way_1316065767_0_1","osm:way/1316065767","road",0,1,3995.6301659884816,14160.517400336079,-0.17000283869492705
"osm_way_1316065768_0_0","osm:way/1316065768","road",0,0,3995.6301659884816,14160.517400336079,-0.17000283869492705
"osm_way_1316065768_0_1","osm:way/1316065768","road",0,1,4777.54244980555,14117.184199420222,-0.17440942665274406
"osm_way_1316065769_0_0","osm:way/1316065769","green",0,0,-1473.7033670547958,16549.130549870584,-0.21682548568122684
"osm_way_1316065769_0_1","osm:way/1316065769","green",0,1,-1304.819518988248,18302.254334660458,-0.2644508339045615
"osm_way_1316065769_0_2","osm:way/1316065769","green",0,2,3.2478388186572005,18176.715065218476,-0.25952104616209226
"osm_way_1316065769_0_3","osm:way/1316065769","green",0,3,-165.63935642281,16424.702580450976,-0.21192432530909855
"osm_way_1316065769_0_4","osm:way/1316065769","green",0,4,-1473.7033670547958,16549.130549870584,-0.21682548568122684
"osm_way_1316065770_0_0","osm:way/1316065770","green",0,0,2290.517949313901,12120.769368403846,-0.11950541027658801
"osm_way_1316065770_0_1","osm:way/1316065770","green",0,1,2426.9322418852817,13876.114412778903,-0.15585376562796682
"osm_way_1316065770_0_2","osm:way/1316065770","green",0,2,3736.614424062752,13775.009454236886,-0.1599759732599182
"osm_way_1316065770_0_3","osm:way/1316065770","green",0,3,3601.008717649696,12019.66466588396,-0.12363129885457624
"osm_way_1316065770_0_4","osm:way/1316065770","green",0,4,2290.517949313901,12120.769368403846,-0.11950541027658801
"osm_way_1316065772_0_0","osm:way/1316065772","building",0,0,-1268.2717205238785,13161.758604914072,-0.13733124203412217
"osm_way_1316065772_0_1","osm:way/1316065772","building",0,1,-1187.8895711754606,13887.227493465158,-0.15259048694673538
"osm_way_1316065772_0_2","osm:way/1316065772","building",0,2,-207.86034306629625,13779.46361943109,-0.14917801199487712
"osm_way_1316065772_0_3","osm:way/1316065772","building",0,3,-288.2435270889644,13053.994845687244,-0.1339181267738354
"osm_way_1316065772_0_4","osm:way/1316065772","building",0,4,-1268.2717205238785,13161.758604914072,-0.13733124203412217
"osm_way_1316067061_0_0","osm:way/1316067061","road",0,0,323.15383323352904,5284.923972890965,-0.022020951081458406
"osm_way_1316067061_0_1","osm:way/1316067061","road",0,1,114.4835725043246,1878.6644445838313,-0.0027825399984138244
"osm_way_1316067061_0_2","osm:way/1316067061","road",0,2,0,0,0
"osm_way_1316067062_0_0","osm:way/1316067062","road",0,0,323.15383323352904,5284.923972890965,-0.022020951081458406
"osm_way_1316067062_0_1","osm:way/1316067062","road",0,1,2522.710719379428,5221.593598379402,-0.02639762296574588
"osm_way_1316067062_0_2","osm:way/1316067062","road",0,2,6221.1387766088465,7632.392671398753,-0.07604982034195018
"osm_way_1316067063_0_0","osm:way/1316067063","road",0,0,323.15383323352904,5284.923972890965,-0.022020951081458406
"osm_way_1316067063_0_1","osm:way/1316067063","road",0,1,-2009.5629270263994,5546.000978038895,-0.027321046124484383
"osm_way_1316067063_0_2","osm:way/1316067063","road",0,2,-4689.005710431734,9244.434433953806,-0.08433667816873935
"osm_way_1316067063_0_3","osm:way/1316067063","road",0,3,-4667.896143039179,9405.526424474392,-0.08654203290703322
"osm_way_1316067063_0_4","osm:way/1316067063","road",0,4,-4300.10082589184,12197.41710793207,-0.13133587454134954
"osm_way_1316067064_0_0","osm:way/1316067064","road",0,0,1891.785376956289,-10808.712456402114,-0.09456877430622512
"osm_way_1316067064_0_1","osm:way/1316067064","road",0,1,415.70569531226147,-10698.723066878987,-0.09004475954910163
"osm_way_1316067064_0_2","osm:way/1316067064","road",0,2,-629.2420912715178,-10620.95472980712,-0.08891707070404209
"osm_way_1316067065_0_0","osm:way/1316067065","green",0,0,-3828.2551221501867,-5757.10114938823,-0.03750532872821566
"osm_way_1316067065_0_1","osm:way/1316067065","green",0,1,-1449.2966759748072,-5912.628892422169,-0.029104233525245604
"osm_way_1316067065_0_2","osm:way/1316067065","green",0,2,-1264.9869927482484,-6645.874343520861,-0.035945852307861514
"osm_way_1316067065_0_3","osm:way/1316067065","green",0,3,-3332.161409737504,-6533.6725130364075,-0.04222225007737279
"osm_way_1316067065_0_4","osm:way/1316067065","green",0,4,-3388.987086403165,-8423.447283659058,-0.06472361262197524
"osm_way_1316067065_0_5","osm:way/1316067065","green",0,5,1027.9001758724132,-8790.062525225738,-0.06151806820682282
"osm_way_1316067065_0_6","osm:way/1316067065","green",0,6,1240.6283180722187,-7069.157116680634,-0.04045803718213392
"osm_way_1316067065_0_7","osm:way/1316067065","green",0,7,-840.3479866756543,-6321.467957634024,-0.03194159792769824
"osm_way_1316067065_0_8","osm:way/1316067065","green",0,8,-571.6005371726667,-4516.127616225792,-0.016276083339406
"osm_way_1316067065_0_9","osm:way/1316067065","green",0,9,2132.946137147748,-4756.102079723647,-0.02132909672205585
"osm_way_1316067065_0_10","osm:way/1316067065","green",0,10,1523.9842476601466,-10398.760431092313,-0.0867563647091174
"osm_way_1316067065_0_11","osm:way/1316067065","green",0,11,-3997.923712175796,-10003.262117987475,-0.0911105807610113
"osm_way_1316067065_0_12","osm:way/1316067065","green",0,12,-3828.2551221501867,-5757.10114938823,-0.03750532872821566
"osm_way_1316067066_0_0","osm:way/1316067066","road",0,0,-4638.540059282483,-9020.050157744094,-0.08074920054070844
"osm_way_1316067066_0_1","osm:way/1316067066","road",0,1,2041.1837998046447,-9407.768897544398,-0.0727818479482778
"osm_way_1316067067_0_0","osm:way/1316067067","road",0,0,-4323.529843214249,-6267.043259484385,-0.04548159163206833
"osm_way_1316067067_0_1","osm:way/1316067067","road",0,1,2307.504242214611,-6914.733889736052,-0.04172470580670051
"osm_way_1316067069_0_0","osm:way/1316067069","green",0,0,-3487.2456881768367,-5440.470438520783,-0.0327678233016826
"osm_way_1316067069_0_1","osm:way/1316067069","green",0,1,-3366.274168114525,-4176.176307505781,-0.022568702390657336
"osm_way_1316067069_0_2","osm:way/1316067069","green",0,2,-2217.3886344766283,-4285.047473170496,-0.018271227813571045
"osm_way_1316067069_0_3","osm:way/1316067069","green",0,3,-2338.3622749181427,-5549.341401807421,-0.028469063963143526
"osm_way_1316067069_0_4","osm:way/1316067069","green",0,4,-3487.2456881768367,-5440.470438520783,-0.0327678233016826
"osm_way_1316067070_0_0","osm:way/1316067070","building",0,0,-1847.1431912649787,-5777.090480609524,-0.02888603100750231
"osm_way_1316067070_0_1","osm:way/1316067070","building",0,1,-1723.7323228011198,-4731.6593905762875,-0.0199116075769723
"osm_way_1316067070_0_2","osm:way/1316067070","building",0,2,-863.0839313285603,-4832.756793116613,-0.018928631195436196
"osm_way_1316067070_0_3","osm:way/1316067070","building",0,3,-987.3080377458967,-5878.1877294138585,-0.02790412718844948
"osm_way_1316067070_0_4","osm:way/1316067070","building",0,4,-1847.1431912649787,-5777.090480609524,-0.02888603100750231
"osm_way_1316067071_0_0","osm:way/1316067071","building",0,0,-500.96135972319536,-5929.292207558094,-0.027811505690422678
"osm_way_1316067071_0_1","osm:way/1316067071","building",0,1,-392.97515778370894,-4881.639411679435,-0.018839437451845242
"osm_way_1316067071_0_2","osm:way/1316067071","building",0,2,469.2967178953817,-4970.51773935233,-0.01957864295860645
"osm_way_1316067071_0_3","osm:way/1316067071","building",0,3,360.497268396759,-6018.170399302919,-0.02855100175658265
"osm_way_1316067071_0_4","osm:way/1316067071","building",0,4,-500.96135972319536,-5929.292207558094,-0.027811505690422678
"osm_way_1316067075_0_0","osm:way/1316067075","building",0,0,-1677.132731383228,-12300.75616151622,-0.12105323086899489
"osm_way_1316067075_0_1","osm:way/1316067075","building",0,1,-1652.2644218059775,-12067.450590857587,-0.11652275670357426
"osm_way_1316067075_0_2","osm:way/1316067075","building",0,2,-551.2959949342159,-12184.10155843808,-0.11684587370908162
"osm_way_1316067075_0_3","osm:way/1316067075","building",0,3,-563.8197952686811,-12300.754323771516,-0.11910046305274591
"osm_way_1316067075_0_4","osm:way/1316067075","building",0,4,-1677.132731383228,-12300.75616151622,-0.12105323086899489
"osm_way_1316067076_0_0","osm:way/1316067076","green",0,0,-6414.206554950488,-10954.27832163877,-0.1264577226393726
"osm_way_1316067076_0_1","osm:way/1316067076","green",0,1,-5213.369290001601,-11002.040116287866,-0.1163527280638732
"osm_way_1316067076_0_2","osm:way/1316067076","green",0,2,-1370.5282964409466,-11400.86279721553,-0.10356818304515514
"osm_way_1316067076_0_3","osm:way/1316067076","green",0,3,1270.6610339433623,-11704.15976271912,-0.10886610913161121
"osm_way_1316067076_0_4","osm:way/1316067076","green",0,4,1175.8283829045026,-12300.755108064384,-0.11993384424400233
"osm_way_1316067076_0_5","osm:way/1316067076","green",0,5,-6172.464884329083,-12300.782153786839,-0.14867233889717113
"osm_way_1316067076_0_6","osm:way/1316067076","green",0,6,-6414.206554950488,-10954.27832163877,-0.1264577226393726
"osm_way_1316067083_0_0","osm:way/1316067083","green",0,0,-33796.84489949993,-1479.553630492473,-0.8957341407231922
"osm_way_1316067083_0_1","osm:way/1316067083","green",0,1,-33630.490997270506,398.0081537322269,-0.8853596703793487
"osm_way_1316067083_0_2","osm:way/1316067083","green",0,2,-26500.005556400327,-674.8811674581486,-0.5500052879754858
"osm_way_1316067083_0_3","osm:way/1316067083","green",0,3,-26852.20548476903,-5245.460382168568,-0.5859674970647433
"osm_way_1316067083_0_4","osm:way/1316067083","green",0,4,-34075.99256416985,-4634.746411599792,-0.9257170001575332
"osm_way_1316067083_0_5","osm:way/1316067083","green",0,5,-33796.84489949993,-1479.553630492473,-0.8957341407231922
"osm_way_1316067085_0_0","osm:way/1316067085","road",0,0,-35263.50354514049,4330.788694246556,-0.9880247162396216
"osm_way_1316067085_0_1","osm:way/1316067085","road",0,1,-34080.48305865985,3946.450617050262,-0.9213172316083984
"osm_way_1316067086_0_0","osm:way/1316067086","road",0,0,-26879.314922085916,2726.9197407254105,-0.5713358540750946
"osm_way_1316067086_0_1","osm:way/1316067086","road",0,1,-26975.09582182245,2018.111745166699,-0.5727313110396537
"osm_way_1316067086_0_2","osm:way/1316067086","road",0,2,-27048.148942838005,1478.1733480543444,-0.5743374578893956
"osm_way_1316067086_0_3","osm:way/1316067086","road",0,3,-27096.03915268346,1121.5473773359804,-0.5756387768124149
"osm_way_1316067086_0_4","osm:way/1316067086","road",0,4,-27314.378051381915,-687.1342112162667,-0.5843197868753869
"osm_way_1316067087_0_0","osm:way/1316067087","road",0,0,-32503.488445431365,-269.63496692774777,-0.8269557455680809
"osm_way_1316067087_0_1","osm:way/1316067087","road",0,1,-27314.378051381915,-687.1342112162667,-0.5843197868753869
"osm_way_1316067087_0_2","osm:way/1316067087","road",0,2,-26780.933671333343,-729.3301353523559,-0.5617807485495785
"osm_way_1316067087_0_3","osm:way/1316067087","road",0,3,-27099.051840190634,-4766.638461296866,-0.592625528724966
"osm_way_1316067087_0_4","osm:way/1316067087","road",0,4,-29739.464670892256,-4560.107009035055,-0.7085769393693653
"osm_way_1316067087_0_5","osm:way/1316067087","road",0,5,-31999.893155538764,-4383.564227510963,-0.8165674763077391
"osm_way_1316067087_0_6","osm:way/1316067087","road",0,6,-33508.469997703716,-4265.873302214052,-0.8931172852122415
"osm_way_1316067088_0_0","osm:way/1316067088","road",0,0,-33508.469997703716,-4265.873302214052,-0.8931172852122415
"osm_way_1316067088_0_1","osm:way/1316067088","road",0,1,-34699.58285810701,-4122.616922098527,-0.9557622902224949
"osm_way_1316067088_0_2","osm:way/1316067088","road",0,2,-35999.495980077176,-3966.0366518884657,-1.0266991251786095
"osm_way_1316067090_0_0","osm:way/1316067090","green",0,0,-29402.566040225895,-3328.0172039446306,-0.6853478258513235
"osm_way_1316067090_0_1","osm:way/1316067090","green",0,1,-29323.84626129284,-2452.5627751139587,-0.677754415931453
"osm_way_1316067090_0_2","osm:way/1316067090","green",0,2,-28429.090487445075,-2532.515159966202,-0.6376219501198932
"osm_way_1316067090_0_3","osm:way/1316067090","green",0,3,-28506.999477087527,-3407.969452183611,-0.6451787749234938
"osm_way_1316067090_0_4","osm:way/1316067090","green",0,4,-29402.566040225895,-3328.0172039446306,-0.6853478258513235
"osm_way_1316067091_0_0","osm:way/1316067091","building",0,0,-28294.318315456785,-2315.8687315415073,-0.6308133650367864
"osm_way_1316067091_0_1","osm:way/1316067091","building",0,1,-28235.07357054257,-1678.164639812051,-0.6261914003230729
"osm_way_1316067091_0_2","osm:way/1316067091","building",0,2,-27318.394456428166,-1762.5614901569418,-0.5865609683729289
"osm_way_1316067091_0_3","osm:way/1316067091","building",0,3,-27378.451990157573,-2400.265535630212,-0.591217356083007
"osm_way_1316067091_0_4","osm:way/1316067091","building",0,4,-28294.318315456785,-2315.8687315415073,-0.6308133650367864
"osm_way_1316067092_0_0","osm:way/1316067092","road",0,0,-34168.12153450549,2926.5680901428473,-0.9204926135122804
"osm_way_1316067092_0_1","osm:way/1316067092","road",0,1,-34120.24502019819,3484.281629867597,-0.9207421104751035
"osm_way_1316067092_0_2","osm:way/1316067092","road",0,2,-34080.48305865985,3946.450617050262,-0.9213172316083984
"osm_way_1316067093_0_0","osm:way/1316067093","road",0,0,-26879.314922085916,2726.9197407254105,-0.5713358540750946
"osm_way_1316067093_0_1","osm:way/1316067093","road",0,1,-32920.188434497206,3358.8003370330553,-0.857097993478817
"osm_way_1316067093_0_2","osm:way/1316067093","road",0,2,-34120.24502019819,3484.281629867597,-0.9207421104751035
"osm_way_1316067093_0_3","osm:way/1316067093","road",0,3,-35263.50354514049,4330.788694246556,-0.9880247162396216
"osm_way_1316067094_0_0","osm:way/1316067094","green",0,0,-24595.330682589745,2905.873854885979,-0.4801083396907657
"osm_way_1316067094_0_1","osm:way/1316067094","green",0,1,-24446.742434863158,2823.666824127412,-0.4740348931740357
"osm_way_1316067094_0_2","osm:way/1316067094","green",0,2,-24446.736513243133,2659.242027450532,-0.47332645709818877
"osm_way_1316067094_0_3","osm:way/1316067094","green",0,3,-24553.911259879394,2618.1319599277977,-0.47726651178230384
"osm_way_1316067094_0_4","osm:way/1316067094","green",0,4,-33780.04551659135,3569.8439773715295,-0.9031362506448204
"osm_way_1316067094_0_5","osm:way/1316067094","green",0,5,-33761.38068019371,3767.599050696213,-0.9032893657202834
"osm_way_1316067094_0_6","osm:way/1316067094","green",0,6,-24595.330682589745,2905.873854885979,-0.4801083396907657
"osm_way_1316067096_0_0","osm:way/1316067096","road",0,0,-35785.27035784959,-1599.6412154195295,-1.0043173801632221
"osm_way_1316067096_0_1","osm:way/1316067096","road",0,1,-34441.50866702622,-1747.3318364612082,-0.9308441882813767
"osm_way_1316067096_0_2","osm:way/1316067096","road",0,2,-32635.753681589806,-1946.1077569036288,-0.8366169975397852
"osm_way_1316067097_0_0","osm:way/1316067097","road",0,0,-32635.753681589806,-1946.1077569036288,-0.8366169975397852
"osm_way_1316067097_0_1","osm:way/1316067097","road",0,1,-32503.488445431365,-269.63496692774777,-0.8269557455680809
"osm_way_1316067099_0_0","osm:way/1316067099","road",0,0,-31999.893155538764,-4383.564227510963,-0.8165674763077391
"osm_way_1316067099_0_1","osm:way/1316067099","road",0,1,-30951.76640888409,-2663.7209582181745,-0.7554039605691898
"osm_way_1316067099_0_2","osm:way/1316067099","road",0,2,-29557.668171682417,-2805.8640640141048,-0.6899895940675194
"osm_way_1316067099_0_3","osm:way/1316067099","road",0,3,-29739.464670892256,-4560.107009035055,-0.7085769393693653
"osm_way_1316067101_0_0","osm:way/1316067101","road",0,0,-23978.62759961849,-9535.95189179372,-0.5214576135166737
"osm_way_1316067101_0_1","osm:way/1316067101","road",0,1,-25636.587332916486,-9386.030377505353,-0.583613798046656
"osm_way_1316067101_0_2","osm:way/1316067101","road",0,2,-30303.56121969639,-8962.9398492188,-0.781854911581803
"osm_way_1316067101_0_3","osm:way/1316067101","road",0,3,-35177.583483137816,-8521.005473932306,-1.0255875971814987
"osm_way_1316067102_0_0","osm:way/1316067102","green",0,0,-25759.195988461364,-9182.725941276713,-0.5855807135276336
"osm_way_1316067102_0_1","osm:way/1316067102","green",0,1,-25140.526173108236,-8681.65141421654,-0.5539023254080178
"osm_way_1316067102_0_2","osm:way/1316067102","green",0,2,-24098.820895353936,-8742.71745236799,-0.5145914644010929
"osm_way_1316067102_0_3","osm:way/1316067102","green",0,3,-24173.49844497358,-9298.209389555555,-0.5252849213725597
"osm_way_1316067102_0_4","osm:way/1316067102","green",0,4,-25759.195988461364,-9182.725941276713,-0.5855807135276336
"osm_way_1316067104_0_0","osm:way/1316067104","green",0,0,-34749.70368048225,-8400.997750579567,-1.0005738324174729
"osm_way_1316067104_0_1","osm:way/1316067104","green",0,1,-34739.15617954861,-8253.237063296183,-0.9980672681066949
"osm_way_1316067104_0_2","osm:way/1316067104","green",0,2,-26471.266407904637,-8915.007502869099,-0.6108847471601564
"osm_way_1316067104_0_3","osm:way/1316067104","green",0,3,-26647.446785437416,-9114.990537700503,-0.6210417870974538
"osm_way_1316067104_0_4","osm:way/1316067104","green",0,4,-34749.70368048225,-8400.997750579567,-1.0005738324174729
"osm_way_1316719030_0_0","osm:way/1316719030","road",0,0,51664.83808527039,37422.4414097071,-3.189245955351794
"osm_way_1316719030_0_1","osm:way/1316719030","road",0,1,51758.66096793386,37691.29087730043,-3.212703401896988
"osm_way_1316841589_0_0","osm:way/1316841589","road",0,0,26631.27548490321,13294.554771575145,-0.6939382869475708
"osm_way_1316841589_0_1","osm:way/1316841589","road",0,1,26675.96167547261,14025.57664970509,-0.7114903495306635
"osm_way_1316841589_0_2","osm:way/1316841589","road",0,2,26916.29962329044,14008.90249015926,-0.7212043811819058
"osm_way_1316841590_0_0","osm:way/1316841590","road",0,0,26916.29962329044,14008.90249015926,-0.7212043811819058
"osm_way_1316841590_0_1","osm:way/1316841590","road",0,1,27009.744879585207,15779.797939541288,-0.7665854304960362
"osm_way_1316841590_0_2","osm:way/1316841590","road",0,2,27070.688118254202,16945.21155760168,-0.7991222291408917
"osm_way_1316841590_0_3","osm:way/1316841590","road",0,3,28735.196748160077,16808.492830250158,-0.8682014775459379
"osm_way_1316841590_0_4","osm:way/1316841590","road",0,4,30565.343473722674,16657.319867801845,-0.9491723915601824
"osm_way_1316841590_0_5","osm:way/1316841590","road",0,5,33293.511032315655,16432.773964344866,-1.0796951921690834
"osm_way_1316841590_0_6","osm:way/1316841590","road",0,6,34833.788171797554,16306.045166523265,-1.1585681711522966
"osm_way_1316841590_0_7","osm:way/1316841590","road",0,7,35042.460385482445,16289.369754525353,-1.1695539314089842
"osm_way_1316841590_0_8","osm:way/1316841590","road",0,8,35244.63692932,16272.694615714721,-1.1802498134727557
"osm_way_1316841590_0_9","osm:way/1316841590","road",0,9,36264.45097077449,16188.206563199412,-1.235174392827787
"osm_way_1316841590_0_10","osm:way/1316841590","road",0,10,36497.481653653726,16168.196467819185,-1.2479369556089637
"osm_way_1316841599_0_0","osm:way/1316841599","green",0,0,43382.70106442613,667.4226883773189,-1.4734270572530406
"osm_way_1316841599_0_1","osm:way/1316841599","green",0,1,43498.089276607025,2117.24209296979,-1.4844447650613546
"osm_way_1316841599_0_2","osm:way/1316841599","green",0,2,44608.00619129712,2029.4027702514466,-1.560698769911184
"osm_way_1316841599_0_3","osm:way/1316841599","green",0,3,44491.803611906784,578.4726270917866,-1.5496227849390198
"osm_way_1316841599_0_4","osm:way/1316841599","green",0,4,43382.70106442613,667.4226883773189,-1.4734270572530406
"osm_way_1316841600_0_0","osm:way/1316841600","road",0,0,37072.64518108293,6752.62501326643,-1.1115373637942128
"osm_way_1316841600_0_1","osm:way/1316841600","road",0,1,45412.90455085941,5996.653038553993,-1.6424221658301263
"osm_way_1316841600_0_2","osm:way/1316841600","road",0,2,46512.27006772173,5876.592943039087,-1.7204011863960034
"osm_way_1316841601_0_0","osm:way/1316841601","road",0,0,34581.60446341189,6944.95573239592,-0.973900826976859
"osm_way_1316841601_0_1","osm:way/1316841601","road",0,1,34510.951467487226,6676.102582624753,-0.9672035028287951
"osm_way_1316841601_0_2","osm:way/1316841601","road",0,2,34381.01676097564,6215.053184809269,-0.9555285995425322
"osm_way_1316841601_0_3","osm:way/1316841601","road",0,3,34211.13489176859,2538.8344768356746,-0.9211300676923884
"osm_way_1316841601_0_4","osm:way/1316841601","road",0,4,34181.06023570125,1886.6916903360643,-0.917253136808327
"osm_way_1316841601_0_5","osm:way/1316841601","road",0,5,34170.49382736953,1664.4965472740068,-0.9160681794204706
"osm_way_1316841601_0_6","osm:way/1316841601","road",0,6,34069.76169191858,636.846603848335,-0.9088302910125634
"osm_way_1316841604_0_0","osm:way/1316841604","green",0,0,34189.139013748885,1080.1209796602648,-0.9158058388637258
"osm_way_1316841604_0_1","osm:way/1316841604","green",0,1,34231.38573976308,1593.3908632287678,-0.919146170206897
"osm_way_1316841604_0_2","osm:way/1316841604","green",0,2,34902.0452882325,1538.9187707122026,-0.9553018612039388
"osm_way_1316841604_0_3","osm:way/1316841604","green",0,3,35032.75899901017,1372.2652799556474,-0.9620756703715649
"osm_way_1316841604_0_4","osm:way/1316841604","green",0,4,35002.698729110285,1013.4208125598393,-0.9597554669806385
"osm_way_1316841604_0_5","osm:way/1316841604","green",0,5,34189.139013748885,1080.1209796602648,-0.9158058388637258
"osm_way_1316841605_0_0","osm:way/1316841605","green",0,0,34409.1811460802,1210.0943322435166,-0.9278541690095565
"osm_way_1316841605_0_1","osm:way/1316841605","green",0,1,34409.19004404014,1385.6289163555098,-0.9282125923482987
"osm_way_1316841605_0_2","osm:way/1316841605","green",0,2,34641.4101103639,1490.049073020871,-0.9409987645809359
"osm_way_1316841605_0_3","osm:way/1316841605","green",0,3,34758.323747740775,1378.9452582580832,-0.9470990508156696
"osm_way_1316841605_0_4","osm:way/1316841605","green",0,4,34771.30926167971,1271.1796901771556,-0.9475814456824772
"osm_way_1316841605_0_5","osm:way/1316841605","green",0,5,34675.49756266826,1215.6356722808632,-0.9422650213988248
"osm_way_1316841605_0_6","osm:way/1316841605","green",0,6,34409.1811460802,1210.0943322435166,-0.9278541690095565
"osm_way_1316841607_0_0","osm:way/1316841607","green",0,0,36404.22136604595,3168.645132399498,-1.0451661556929892
"osm_way_1316841607_0_1","osm:way/1316841607","green",0,1,36680.4647891108,6559.336096267893,-1.08687721549785
"osm_way_1316841607_0_2","osm:way/1316841607","green",0,2,45369.02899454241,5540.04388880753,-1.6351669117923961
"osm_way_1316841607_0_3","osm:way/1316841607","green",0,3,45646.71031506496,5484.476357385833,-1.6544670291821717
"osm_way_1316841607_0_4","osm:way/1316841607","green",0,4,45413.480658587716,2471.518750536858,-1.619015049878847
"osm_way_1316841607_0_5","osm:way/1316841607","green",0,5,45085.38391063936,1378.3379021292074,-1.592469160323251
"osm_way_1316841607_0_6","osm:way/1316841607","green",0,6,44783.30953201943,880.6395810717188,-1.5703380958272284
"osm_way_1316841607_0_7","osm:way/1316841607","green",0,7,44491.803611906784,578.4726270917866,-1.5496227849390198
"osm_way_1316841607_0_8","osm:way/1316841607","green",0,8,44608.00619129712,2029.4027702514466,-1.560698769911184
"osm_way_1316841607_0_9","osm:way/1316841607","green",0,9,43498.089276607025,2117.24209296979,-1.4844447650613546
"osm_way_1316841607_0_10","osm:way/1316841607","green",0,10,43353.566632288785,2160.579495074699,-1.4747660176549715
"osm_way_1316841607_0_11","osm:way/1316841607","green",0,11,40248.72310113355,2450.736046612493,-1.2726514457961358
"osm_way_1316841607_0_12","osm:way/1316841607","green",0,12,39953.17942048658,2498.525575778806,-1.254284854863208
"osm_way_1316841607_0_13","osm:way/1316841607","green",0,13,38002.90790764621,2689.72584140323,-1.1360666554452337
"osm_way_1316841607_0_14","osm:way/1316841607","green",0,14,37859.11277242489,1227.6863392302134,-1.1230298250975324
"osm_way_1316841607_0_15","osm:way/1316841607","green",0,15,37663.421865226584,984.392958579258,-1.1110395433304276
"osm_way_1316841607_0_16","osm:way/1316841607","green",0,16,36176.768724770394,1124.4570945253652,-1.02535134479389
"osm_way_1316841607_0_17","osm:way/1316841607","green",0,17,36404.22136604595,3168.645132399498,-1.0451661556929892
"osm_way_1316841608_0_0","osm:way/1316841608","green",0,0,36824.27496629118,8324.672789843902,-1.1157898613078032
"osm_way_1316841608_0_1","osm:way/1316841608","green",0,1,37057.46037801068,11188.761989362347,-1.1731739926055695
"osm_way_1316841608_0_2","osm:way/1316841608","green",0,2,37141.93821166251,11826.458861395166,-1.189608537470832
"osm_way_1316841608_0_3","osm:way/1316841608","green",0,3,38333.06577212236,11716.405800970591,-1.2579378994018953
"osm_way_1316841608_0_4","osm:way/1316841608","green",0,4,39218.90103514195,11640.808681586484,-1.3103207287834095
"osm_way_1316841608_0_5","osm:way/1316841608","green",0,5,39771.02670352314,11613.002102522933,-1.343947970919146
"osm_way_1316841608_0_6","osm:way/1316841608","green",0,6,41328.341736530834,11470.703864416311,-1.440220093907385
"osm_way_1316841608_0_7","osm:way/1316841608","green",0,7,41427.39903061955,11457.366087798908,-1.4463959765393497
"osm_way_1316841608_0_8","osm:way/1316841608","green",0,8,42749.24902896226,11340.631417870703,-1.5313951664246872
"osm_way_1316841608_0_9","osm:way/1316841608","green",0,9,42915.69923645375,11342.842871364874,-1.5425948737501471
"osm_way_1316841608_0_10","osm:way/1316841608","green",0,10,44291.950152584635,11236.100559316234,-1.634640579067792
"osm_way_1316841608_0_11","osm:way/1316841608","green",0,11,44464.08152510255,11200.538003356776,-1.6459715160699773
"osm_way_1316841608_0_12","osm:way/1316841608","green",0,12,45840.331984341035,11094.903530150386,-1.7413960231145609
"osm_way_1316841608_0_13","osm:way/1316841608","green",0,13,45836.221291878974,10340.549597175463,-1.728399648195733
"osm_way_1316841608_0_14","osm:way/1316841608","green",0,14,45444.59205537831,6319.945602977521,-1.647803271644932
"osm_way_1316841608_0_15","osm:way/1316841608","green",0,15,44557.939867765206,6203.351661943882,-1.5841965875416975
"osm_way_1316841608_0_16","osm:way/1316841608","green",0,16,44687.13441048644,7649.83689660034,-1.608961143841725
"osm_way_1316841608_0_17","osm:way/1316841608","green",0,17,43344.99339265023,7768.798600150686,-1.5179252876173166
"osm_way_1316841608_0_18","osm:way/1316841608","green",0,18,43506.686678316066,9575.238897883397,-1.553527306161584
"osm_way_1316841608_0_19","osm:way/1316841608","green",0,19,42154.79825165287,9694.198868989579,-1.4646880949484853
"osm_way_1316841608_0_20","osm:way/1316841608","green",0,20,41994.73366729062,7907.755760855566,-1.4294459232246481
"osm_way_1316841608_0_21","osm:way/1316841608","green",0,21,40352.1726470011,8053.393543862899,-1.3254046979135126
"osm_way_1316841608_0_22","osm:way/1316841608","green",0,22,40510.608181530355,9825.394415125742,-1.3603175662666445
"osm_way_1316841608_0_23","osm:way/1316841608","green",0,23,39097.010924968614,9951.017845139939,-1.2741900088165892
"osm_way_1316841608_0_24","osm:way/1316841608","green",0,24,38934.51682729415,8135.688728258899,-1.238475357412483
"osm_way_1316841608_0_25","osm:way/1316841608","green",0,25,37582.630527857575,8255.750574548003,-1.1590573877924726
"osm_way_1316841608_0_26","osm:way/1316841608","green",0,26,36824.27496629118,8324.672789843902,-1.1157898613078032
"osm_way_1316841611_0_0","osm:way/1316841611","road",0,0,38877.31710823358,15968.088279079364,-1.383285139118584
"osm_way_1316841611_0_1","osm:way/1316841611","road",0,1,39019.31834309314,14380.492369763811,-1.3540968352188543
"osm_way_1316841611_0_2","osm:way/1316841611","road",0,2,41200.21836517615,14189.275262377982,-1.4867387023585366
"osm_way_1316841611_0_3","osm:way/1316841611","road",0,3,41748.38217934668,15721.280631065049,-1.5583210611907816
"osm_way_1316841613_0_0","osm:way/1316841613","green",0,0,44464.08152510255,11200.538003356776,-1.6459715160699773
"osm_way_1316841613_0_1","osm:way/1316841613","green",0,1,44695.68370789925,14177.944326651985,-1.7214872461408959
"osm_way_1316841613_0_2","osm:way/1316841613","green",0,2,46072.75204694385,14071.198355400418,-1.8169509907522752
"osm_way_1316841613_0_3","osm:way/1316841613","green",0,3,45840.331984341035,11094.903530150386,-1.7413960231145609
"osm_way_1316841613_0_4","osm:way/1316841613","green",0,4,44464.08152510255,11200.538003356776,-1.6459715160699773
"osm_way_1316841615_0_0","osm:way/1316841615","green",0,0,41427.39903061955,11457.366087798908,-1.4463959765393497
"osm_way_1316841615_0_1","osm:way/1316841615","green",0,1,41545.21368514854,12791.643698138949,-1.4794617649542374
"osm_way_1316841615_0_2","osm:way/1316841615","green",0,2,42867.066331604176,12676.019779318036,-1.5644822616060594
"osm_way_1316841615_0_3","osm:way/1316841615","green",0,3,42749.24902896226,11340.631417870703,-1.5313951664246872
"osm_way_1316841615_0_4","osm:way/1316841615","green",0,4,41427.39903061955,11457.366087798908,-1.4463959765393497
"osm_way_1316841617_0_0","osm:way/1316841617","building",0,0,39771.02670352314,11613.002102522933,-1.343947970919146
"osm_way_1316841617_0_1","osm:way/1316841617","building",0,1,39855.523511429456,12529.55415720539,-1.3665953325414648
"osm_way_1316841617_0_2","osm:way/1316841617","building",0,2,41412.84062931413,12387.255727269478,-1.4628686745027153
"osm_way_1316841617_0_3","osm:way/1316841617","building",0,3,41328.341736530834,11470.703864416311,-1.440220093907385
"osm_way_1316841617_0_4","osm:way/1316841617","building",0,4,39771.02670352314,11613.002102522933,-1.343947970919146
"osm_way_1316841618_0_0","osm:way/1316841618","building",0,0,38333.06577212236,11716.405800970591,-1.2579378994018953
"osm_way_1316841618_0_1","osm:way/1316841618","building",0,1,38412.68924705134,12638.513199546662,-1.2803613249388945
"osm_way_1316841618_0_2","osm:way/1316841618","building",0,2,39298.52570443791,12562.915977544151,-1.3327450245455452
"osm_way_1316841618_0_3","osm:way/1316841618","building",0,3,39218.90103514195,11640.808681586484,-1.3103207287834095
"osm_way_1316841618_0_4","osm:way/1316841618","building",0,4,38333.06577212236,11716.405800970591,-1.2579378994018953
"osm_way_1316841621_0_0","osm:way/1316841621","road",0,0,37689.60684706179,19263.31629742943,-1.4032994438224478
"osm_way_1316841621_0_1","osm:way/1316841621","road",0,1,37571.84464405937,18760.049758952864,-1.3813314233246388
"osm_way_1316841621_0_2","osm:way/1316841621","road",0,2,37095.89152788051,16119.280992452585,-1.2811653911739995
"osm_way_1316841621_0_3","osm:way/1316841621","road",0,3,36552.6443814992,15232.749914042708,-1.2280180605543478
"osm_way_1316841623_0_0","osm:way/1316841623","road",0,0,36509.80597009112,18863.428671686124,-1.322806140156274
"osm_way_1316841623_0_1","osm:way/1316841623","road",0,1,36322.13352846319,16815.90611481148,-1.2547241875523696
"osm_way_1316841623_0_2","osm:way/1316841623","road",0,2,36264.45097077449,16188.206563199412,-1.235174392827787
"osm_way_1316841624_0_0","osm:way/1316841624","road",0,0,35010.65526724542,13598.582332189411,-1.1046391248868304
"osm_way_1316841624_0_1","osm:way/1316841624","road",0,1,35244.63692932,16272.694615714721,-1.1802498134727557
"osm_way_1316841625_0_0","osm:way/1316841625","road",0,0,49937.10717420982,17634.94291140812,-2.1960982434109155
"osm_way_1316841625_0_1","osm:way/1316841625","road",0,1,49401.48120804479,10146.989281708025,-1.9910465617698492
"osm_way_1316841625_0_2","osm:way/1316841625","road",0,2,49371.42248911762,9919.240931179942,-1.9851329993990419
"osm_way_1316841626_0_0","osm:way/1316841626","road",0,0,49371.42248911762,9919.240931179942,-1.9851329993990419
"osm_way_1316841626_0_1","osm:way/1316841626","road",0,1,49316.96938572117,9197.109033811028,-1.9700833884186864
"osm_way_1316841627_0_0","osm:way/1316841627","road",0,0,49937.10717420982,17634.94291140812,-2.1960982434109155
"osm_way_1316841627_0_1","osm:way/1316841627","road",0,1,49705.70038367074,17656.068479222646,-2.1786365390383367
"osm_way_1316841628_0_0","osm:way/1316841628","road",0,0,49705.70038367074,17656.068479222646,-2.1786365390383367
"osm_way_1316841628_0_1","osm:way/1316841628","road",0,1,49284.29643400858,17694.98343863823,-2.147067094338695
"osm_way_1316841632_0_0","osm:way/1316841632","road",0,0,35209.8180805541,2456.5710105702797,-0.9750712686971141
"osm_way_1316841632_0_1","osm:way/1316841632","road",0,1,34211.13489176859,2538.8344768356746,-0.9211300676923884
"osm_way_1316841632_0_2","osm:way/1316841632","road",0,2,34024.38923701462,2554.3975598849556,-0.9112187903840052
"osm_way_1316841632_0_3","osm:way/1316841632","road",0,3,30325.19946839323,2858.980968679091,-0.7262001301661769
"osm_way_1316841632_0_4","osm:way/1316841632","road",0,4,30558.41059963921,6945.14876976438,-0.7687813893042517
"osm_way_1316841632_0_5","osm:way/1316841632","road",0,5,33887.3797931223,6732.793891764345,-0.934417596337056
"osm_way_1316841632_0_6","osm:way/1316841632","road",0,6,34510.951467487226,6676.102582624753,-0.9672035028287951
"osm_way_1316841632_0_7","osm:way/1316841632","road",0,7,35536.43625830804,6619.389779291794,-1.0228340726435192
"osm_way_1316841634_0_0","osm:way/1316841634","road",0,0,34927.86752717753,-1567.3781815209204,-0.9567826166678728
"osm_way_1316841634_0_1","osm:way/1316841634","road",0,1,34912.431827142995,-1740.6900232989806,-0.956389094860377
"osm_way_1316841635_0_0","osm:way/1316841635","road",0,0,46374.54040244308,-1602.504017804215,-1.6852785920757007
"osm_way_1316841635_0_1","osm:way/1316841635","road",0,1,47051.6209976041,-2671.31187648239,-1.7383774700768129
"osm_way_1316841636_0_0","osm:way/1316841636","green",0,0,45130.605527333646,-2336.7769239847353,-1.598459336192093
"osm_way_1316841636_0_1","osm:way/1316841636","green",0,1,46117.96385091613,-1672.478178959311,-1.6668841056247885
"osm_way_1316841636_0_2","osm:way/1316841636","green",0,2,46607.509299262405,-2429.0879351057397,-1.704850694342852
"osm_way_1316841636_0_3","osm:way/1316841636","green",0,3,45130.605527333646,-2336.7769239847353,-1.598459336192093
"osm_way_1316841637_0_0","osm:way/1316841637","green",0,0,47300.08697686479,-2471.3530231264,-1.755918608371232
"osm_way_1316841637_0_1","osm:way/1316841637","green",0,1,47537.22724456677,-1682.5748938612332,-1.7709474772109601
"osm_way_1316841637_0_2","osm:way/1316841637","green",0,2,47721.61965686018,-502.72874339354917,-1.7826703736560034
"osm_way_1316841637_0_3","osm:way/1316841637","green",0,3,48211.15634990149,-1369.3265062028604,-1.820702049994516
"osm_way_1316841637_0_4","osm:way/1316841637","green",0,4,48194.842371600535,-2429.1987800274946,-1.8226333195432431
"osm_way_1316841637_0_5","osm:way/1316841637","green",0,5,47300.08697686479,-2471.3530231264,-1.755918608371232
"osm_way_1316841640_0_0","osm:way/1316841640","road",0,0,28153.096420873026,-993.798522747789,-0.6211370418014894
"osm_way_1316841640_0_1","osm:way/1316841640","road",0,1,28276.571948855002,473.798824721528,-0.6259911860539091
"osm_way_1316841640_0_2","osm:way/1316841640","road",0,2,28321.25077190841,1005.9556121532758,-0.6285889073542883
"osm_way_1316841641_0_0","osm:way/1316841641","green",0,0,23058.925645166553,-3328.8830458093016,-0.42487400880588666
"osm_way_1316841641_0_1","osm:way/1316841641","green",0,1,23592.3851658321,-2785.6329107517367,-0.4417435197392905
"osm_way_1316841641_0_2","osm:way/1316841641","green",0,2,24707.16921697949,-2846.7763866250875,-0.4841571357086849
"osm_way_1316841641_0_3","osm:way/1316841641","green",0,3,25029.48401679312,-3476.7129820628825,-0.4998332906577474
"osm_way_1316841641_0_4","osm:way/1316841641","green",0,4,23058.925645166553,-3328.8830458093016,-0.42487400880588666
"osm_way_1316841642_0_0","osm:way/1316841642","green",0,0,25476.988524727836,-40.473327342209956,-0.5080303026420346
"osm_way_1316841642_0_1","osm:way/1316841642","green",0,1,25217.964474618213,-467.07936437339885,-0.49792261386749637
"osm_way_1316841642_0_2","osm:way/1316841642","green",0,2,23021.68173066078,-231.473900818371,-0.4148685056066581
"osm_way_1316841642_0_3","osm:way/1316841642","green",0,3,23175.19526953046,1447.2092295164127,-0.4220221953031178
"osm_way_1316841642_0_4","osm:way/1316841642","green",0,4,24005.825548136636,1898.2375832290813,-0.4538814190603091
"osm_way_1316841642_0_5","osm:way/1316841642","green",0,5,23852.305559029326,97.3470286259053,-0.4453077647522896
"osm_way_1316841642_0_6","osm:way/1316841642","green",0,6,25476.988524727836,-40.473327342209956,-0.5080303026420346
"osm_way_1316841644_0_0","osm:way/1316841644","green",0,0,19398.814225965336,-282.46570525611475,-0.2946015642732558
"osm_way_1316841644_0_1","osm:way/1316841644","green",0,1,19278.62303252152,-1142.3595763269714,-0.29192534472981535
"osm_way_1316841644_0_2","osm:way/1316841644","green",0,2,17270.708217639734,-967.8819068410216,-0.23419591785680538
"osm_way_1316841644_0_3","osm:way/1316841644","green",0,3,16866.383664583074,-163.52336764030628,-0.22267786238824305
"osm_way_1316841644_0_4","osm:way/1316841644","green",0,4,19398.814225965336,-282.46570525611475,-0.2946015642732558
"osm_way_1319834840_0_0","osm:way/1319834840","road",0,0,-2642.955262584647,24947.01000783179,-0.4943209435523954
"osm_way_1319834840_0_1","osm:way/1319834840","road",0,1,-2333.6020946623144,26859.004192239467,-0.5709210997110858
"osm_way_1319834840_0_2","osm:way/1319834840","road",0,2,-1969.8488602137977,30089.729089301432,-0.7142151983288159
"osm_way_1319834841_0_0","osm:way/1319834841","road",0,0,-15303.272903532144,30064.006961286577,-0.8932620712954531
"osm_way_1319834841_0_1","osm:way/1319834841","road",0,1,-15121.39041854931,30049.56832490342,-0.888249170054678
"osm_way_1319834841_0_2","osm:way/1319834841","road",0,2,2830.5348566270914,28551.021670070077,-0.6465732187365347
"osm_way_1319834842_0_0","osm:way/1319834842","road",0,0,4439.01222007008,22520.624714770416,-0.41380757755575814
"osm_way_1319834842_0_1","osm:way/1319834842","road",0,1,4475.561115433429,24109.323007155308,-0.47225259644108064
"osm_way_1319834842_0_2","osm:way/1319834842","road",0,2,4495.862037174575,24373.73563190611,-0.4824647447705388
"osm_way_1319834842_0_3","osm:way/1319834842","road",0,3,4535.651922874067,24897.005991657592,-0.5029975929588204
"osm_way_1319834842_0_4","osm:way/1319834842","road",0,4,4542.960257317547,24990.328091888266,-0.506706299427151
"osm_way_1319834842_0_5","osm:way/1319834842","road",0,5,4543.773199430839,25135.86619985402,-0.5124425559898782
"osm_way_1319834842_0_6","osm:way/1319834842","road",0,6,4664.769034841976,26968.97899079862,-0.5883401787627918
"osm_way_1319834842_0_7","osm:way/1319834842","road",0,7,4820.684085593369,29329.805959297817,-0.6938987527462359
"osm_way_1319834842_0_8","osm:way/1319834842","road",0,8,4845.045878130861,29694.206532200427,-0.7109777517825933
"osm_way_1319834844_0_0","osm:way/1319834844","road",0,0,4845.045878130861,29694.206532200427,-0.7109777517825933
"osm_way_1319834844_0_1","osm:way/1319834844","road",0,1,4854.790775904641,29864.186078414314,-0.7190038424340628
"osm_way_1319834844_0_2","osm:way/1319834844","road",0,2,4936.810655141124,31312.90062477082,-0.7892491236447086
"osm_way_1319834846_0_0","osm:way/1319834846","building",0,0,5840.540520466806,31452.876660301325,-0.8037735048787908
"osm_way_1319834846_0_1","osm:way/1319834846","building",0,1,-7335.402793073263,32858.249119098524,-0.8901833027664452
"osm_way_1319834846_0_2","osm:way/1319834846","building",0,2,-7266.396651139567,33972.5606114676,-0.9478904991510717
"osm_way_1319834846_0_3","osm:way/1319834846","building",0,3,5995.63648549005,32429.424831907716,-0.8542125053338623
"osm_way_1319834846_0_4","osm:way/1319834846","building",0,4,5840.540520466806,31452.876660301325,-0.8037735048787908
"osm_way_1319834847_0_0","osm:way/1319834847","green",0,0,2021.8191518027224,31418.458461425143,-0.7785739969477845
"osm_way_1319834847_0_1","osm:way/1319834847","green",0,1,1832.6256065917523,30218.602907051,-0.7199117224473639
"osm_way_1319834847_0_2","osm:way/1319834847","green",0,2,-2707.9346736195,30458.57119987658,-0.734459716437641
"osm_way_1319834847_0_3","osm:way/1319834847","green",0,3,-3998.1666642418,31247.359108683548,-0.779464162181398
"osm_way_1319834847_0_4","osm:way/1319834847","green",0,4,-3550.773169432781,32189.470810196384,-0.8237652679127905
"osm_way_1319834847_0_5","osm:way/1319834847","green",0,5,2021.8191518027224,31418.458461425143,-0.7785739969477845
"osm_way_1319834851_0_0","osm:way/1319834851","building",0,0,3259.2708325196204,31610.652816055313,-0.7932043650299647
"osm_way_1319834851_0_1","osm:way/1319834851","building",0,1,3187.0012785863123,30820.747903865777,-0.7541032022288618
"osm_way_1319834851_0_2","osm:way/1319834851","building",0,2,2359.5991710262833,30896.297778810924,-0.7541736933831089
"osm_way_1319834851_0_3","osm:way/1319834851","building",0,3,2432.679746039121,31686.202775172795,-0.7932780947470519
"osm_way_1319834851_0_4","osm:way/1319834851","building",0,4,3259.2708325196204,31610.652816055313,-0.7932043650299647
"osm_way_1319834853_0_0","osm:way/1319834853","green",0,0,-3273.0704838370534,30794.08402567292,-0.7532479667617054
"osm_way_1319834853_0_1","osm:way/1319834853","green",0,1,-3149.6566311919437,32156.14345468415,-0.8199771396363076
"osm_way_1319834853_0_2","osm:way/1319834853","green",0,2,-769.753427005405,31941.73160180238,-0.8018811678567772
"osm_way_1319834853_0_3","osm:way/1319834853","green",0,3,-893.1720157054442,30579.67260088888,-0.7351508503489868
"osm_way_1319834853_0_4","osm:way/1319834853","green",0,4,-3273.0704838370534,30794.08402567292,-0.7532479667617054
"osm_way_1319834854_0_0","osm:way/1319834854","building",0,0,-11016.909714136176,32975.96300383615,-0.9491526517734883
"osm_way_1319834854_0_1","osm:way/1319834854","building",0,1,-9446.543471318115,32839.33640049743,-0.9169373795572255
"osm_way_1319834854_0_2","osm:way/1319834854","building",0,2,-9534.223113501506,31849.453923242912,-0.8679415718006567
"osm_way_1319834854_0_3","osm:way/1319834854","building",0,3,-11103.7751261103,31987.191316912777,-0.9002015647951112
"osm_way_1319834854_0_4","osm:way/1319834854","building",0,4,-11016.909714136176,32975.96300383615,-0.9491526517734883
"osm_way_1319834855_0_0","osm:way/1319834855","building",0,0,-5254.302500874364,32533.8628910112,-0.8530142512455541
"osm_way_1319834855_0_1","osm:way/1319834855","building",0,1,-5378.528003739708,31655.078446814605,-0.809739896627093
"osm_way_1319834855_0_2","osm:way/1319834855","building",0,2,-6443.841853247555,31817.271935709527,-0.8276840836543897
"osm_way_1319834855_0_3","osm:way/1319834855","building",0,3,-6443.8426652398675,31902.817229789867,-0.8319656967785249
"osm_way_1319834855_0_4","osm:way/1319834855","building",0,4,-7345.137529242225,32027.237594123864,-0.8479409874638577
"osm_way_1319834855_0_5","osm:way/1319834855","building",0,5,-7220.912790743333,32744.930608098002,-0.8830395006327763
"osm_way_1319834855_0_6","osm:way/1319834855","building",0,6,-5254.302500874364,32533.8628910112,-0.8530142512455541
"osm_way_1319834856_0_0","osm:way/1319834856","building",0,0,-4084.2424688522983,32313.89732807621,-0.8332574471012322
"osm_way_1319834856_0_1","osm:way/1319834856","building",0,1,-4218.212200444655,31281.798090538996,-0.7825707943595717
"osm_way_1319834856_0_2","osm:way/1319834856","building",0,2,-4957.11044666975,31368.449369539154,-0.7921413743076755
"osm_way_1319834856_0_3","osm:way/1319834856","building",0,3,-4851.5607292544155,32361.66432464774,-0.8410508474355538
"osm_way_1319834856_0_4","osm:way/1319834856","building",0,4,-4084.2424688522983,32313.89732807621,-0.8332574471012322
"osm_way_1319834858_0_0","osm:way/1319834858","green",0,0,-16375.141188476084,32662.559149902303,-1.0478725375207887
"osm_way_1319834858_0_1","osm:way/1319834858","green",0,1,-15854.95285580157,37693.078913194055,-1.312755635490248
"osm_way_1319834858_0_2","osm:way/1319834858","green",0,2,-14746.766392029753,37693.103891446306,-1.286214012506548
"osm_way_1319834858_0_3","osm:way/1319834858","green",0,3,-15184.780222887734,32545.934148428863,-1.0124947845781662
"osm_way_1319834858_0_4","osm:way/1319834858","green",0,4,-16375.141188476084,32662.559149902303,-1.0478725375207887
"osm_way_1319834864_0_0","osm:way/1319834864","road",0,0,-15121.39041854931,30049.56832490342,-0.888249170054678
"osm_way_1319834864_0_1","osm:way/1319834864","road",0,1,-15026.412929009344,31109.44331903844,-0.936924270914119
"osm_way_1319834864_0_2","osm:way/1319834864","road",0,2,-14943.597035296585,31362.748098136864,-0.9474116397683474
"osm_way_1319834865_0_0","osm:way/1319834865","road",0,0,4543.773199430839,25135.86619985402,-0.5124425559898782
"osm_way_1319834865_0_1","osm:way/1319834865","road",0,1,5570.100420627857,25088.086501849655,-0.5186820683704241
"osm_way_1319834866_0_0","osm:way/1319834866","road",0,0,5740.629209507013,26922.30967202181,-0.5951266108013442
"osm_way_1319834866_0_1","osm:way/1319834866","road",0,1,4664.769034841976,26968.97899079862,-0.5883401787627918
"osm_way_1319834867_0_0","osm:way/1319834867","road",0,0,5954.197558270787,29224.25406373677,-0.6986035242135813
"osm_way_1319834867_0_1","osm:way/1319834867","road",0,1,4820.684085593369,29329.805959297817,-0.6938987527462359
"osm_way_1319834870_0_0","osm:way/1319834870","road",0,0,9387.24284603698,30938.45413277752,-0.820834930550518
"osm_way_1319834870_0_1","osm:way/1319834870","road",0,1,10470.415956149867,30839.561260209444,-0.8328711452236348
"osm_way_1319834870_0_2","osm:way/1319834870","road",0,2,14462.888701247775,30478.420132879626,-0.8933906664196911
"osm_way_1319834871_0_0","osm:way/1319834871","road",0,0,14462.888701247775,30478.420132879626,-0.8933906664196911
"osm_way_1319834871_0_1","osm:way/1319834871","road",0,1,14669.883580173331,27766.518655304822,-0.7740384737246586
"osm_way_1319834872_0_0","osm:way/1319834872","road",0,0,14462.888701247775,30478.420132879626,-0.8933906664196911
"osm_way_1319834872_0_1","osm:way/1319834872","road",0,1,14640.762616579355,32867.01869221075,-1.0162927349682604
"osm_way_1321757600_0_0","osm:way/1321757600","road",0,0,-12788.007516308633,-834.4652446874948,-0.1285434231624194
"osm_way_1321757600_0_1","osm:way/1321757600","road",0,1,-13498.304643849455,-8263.592124061313,-0.1962491107811104
"osm_way_1328309691_0_0","osm:way/1328309691","road",0,0,7115.72263736048,-9715.544189838818,-0.1137745514121491
"osm_way_1328309691_0_1","osm:way/1328309691","road",0,1,5940.866066567611,-9615.544819027082,-0.10024992454162884
"osm_way_1328309691_0_2","osm:way/1328309691","road",0,2,4668.57801871059,-9506.658976062874,-0.08804939896123187
"osm_way_1330143532_0_0","osm:way/1330143532","road",0,0,-7642.658543155953,-10097.726549077157,-0.12580932400041434
"osm_way_1330143532_0_1","osm:way/1330143532","road",0,1,-7623.988639749405,-9706.661879626969,-0.11950274059557842
"osm_way_1330143532_0_2","osm:way/1330143532","road",0,2,-7604.5076841138425,-9235.60674719939,-0.11226181131718249
"osm_way_1330143532_0_3","osm:way/1330143532","road",0,3,-7658.096854913776,-9058.961757721918,-0.11036335400547159
"osm_way_1330143532_0_4","osm:way/1330143532","road",0,4,-7853.77388101202,-8835.657302726073,-0.10960043376542217
"osm_way_1330143532_0_5","osm:way/1330143532","road",0,5,-8135.513466154683,-8771.223864518603,-0.11223516365461705
"osm_way_1330143532_0_6","osm:way/1330143532","road",0,6,-8591.005239012042,-8735.67816270146,-0.11770953291119213
"osm_way_1330143532_0_7","osm:way/1330143532","road",0,7,-9955.856987962874,-8629.042867370934,-0.1360680143406512
"osm_way_1341727772_0_0","osm:way/1341727772","road",0,0,-34735.20408023143,25583.827812246556,-1.4584778857738456
"osm_way_1341727772_0_1","osm:way/1341727772","road",0,1,-45221.83878495186,26490.879202321663,-2.1518543298668646
"osm_way_1341727772_0_2","osm:way/1341727772","road",0,2,-45957.487590481054,26554.155539186802,-2.2069909164514456
"osm_way_1341727772_0_3","osm:way/1341727772","road",0,3,-46529.11742393224,26599.849962182783,-2.250278160045127
"osm_way_1343275605_0_0","osm:way/1343275605","road",0,0,-44282.635647842966,-12302.198536895175,-1.6537058411081773
"osm_way_1343275605_0_1","osm:way/1343275605","road",0,1,-44282.29622541215,-12284.422856846671,-1.653339036818835
"osm_way_1343275605_0_2","osm:way/1343275605","road",0,2,-44374.061350902695,-12012.239087595104,-1.6545121475026292
"osm_way_1343275605_0_3","osm:way/1343275605","road",0,3,-44558.3833992829,-11777.834674369955,-1.6629618121896783
"osm_way_1343275605_0_4","osm:way/1343275605","road",0,4,-44840.94392307002,-11611.206489785864,-1.6796720431599965
"osm_way_1343275605_0_5","osm:way/1343275605","road",0,5,-45095.89140958501,-11561.22934202158,-1.6967088431925959
"osm_way_1343275605_0_6","osm:way/1343275605","road",0,6,-45432.024439360364,-11614.578729675437,-1.7214969088101384
"osm_way_1343275605_0_7","osm:way/1343275605","road",0,7,-45689.39420506456,-11765.68909579214,-1.7426278911031545
"osm_way_1343275605_0_8","osm:way/1343275605","road",0,8,-45842.83626859567,-11936.790147952526,-1.7568062729687028
"osm_way_1343275605_0_9","osm:way/1343275605","road",0,9,-45982.42559059553,-12302.31155544355,-1.7737981386439117
"osm_way_1343275606_0_0","osm:way/1343275606","road",0,0,-46031.280997646005,-10780.274171773344,-1.7497202448303995
"osm_way_1343275606_0_1","osm:way/1343275606","road",0,1,-45209.62842317763,-10545.802466575284,-1.6871151718738986
"osm_way_1343275606_0_2","osm:way/1343275606","road",0,2,-45031.81433566982,-10582.45294048525,-1.6751643392858284
"osm_way_1343275606_0_3","osm:way/1343275606","road",0,3,-44389.572977192736,-10711.28415411807,-1.632368803819162
"osm_way_1343275606_0_4","osm:way/1343275606","road",0,4,-43681.53626589316,-11301.167857674254,-1.5937613297666076
"osm_way_1343275606_0_5","osm:way/1343275606","road",0,5,-43498.015564656394,-11703.330328917384,-1.588505759793435
"osm_way_1343275608_0_0","osm:way/1343275608","road",0,0,-46361.717889622276,-11023.600973455545,-1.7777833922089314
"osm_way_1343275608_0_1","osm:way/1343275608","road",0,1,-46526.549631945105,-10863.00376452233,-1.787006125179147
"osm_way_1343275615_0_0","osm:way/1343275615","road",0,0,-42874.45556011231,-11741.06392936568,-1.547045923098267
"osm_way_1343275615_0_1","osm:way/1343275615","road",0,1,-43498.015564656394,-11703.330328917384,-1.588505759793435
"osm_way_1343275618_0_0","osm:way/1343275618","road",0,0,-46526.5236684599,-11241.786710766914,-1.793581114544196
"osm_way_1343275618_0_1","osm:way/1343275618","road",0,1,-46361.717889622276,-11023.600973455545,-1.7777833922089314
"osm_way_1343275618_0_2","osm:way/1343275618","road",0,2,-46031.280997646005,-10780.274171773344,-1.7497202448303995
"osm_way_1343279289_0_0","osm:way/1343279289","road",0,0,49284.29643400858,17694.98343863823,-2.147067094338695
"osm_way_1343279289_0_1","osm:way/1343279289","road",0,1,37731.80084695554,18760.040886696122,-1.3907589881895888
"osm_way_1343279290_0_0","osm:way/1343279290","road",0,0,37731.80084695554,18760.040886696122,-1.3907589881895888
"osm_way_1343279290_0_1","osm:way/1343279290","road",0,1,37571.84464405937,18760.049758952864,-1.3813314233246388
"osm_way_1343279290_0_2","osm:way/1343279290","road",0,2,36692.49439040333,18813.424807978536,-1.3317934167574208
"osm_way_1343279290_0_3","osm:way/1343279290","road",0,3,36509.80597009112,18863.428671686124,-1.322806140156274
"osm_way_1343678018_0_0","osm:way/1343678018","road",0,0,21324.562980570998,20237.244434093594,-0.6776153696833376
"osm_way_1343678018_0_1","osm:way/1343678018","road",0,1,20825.19941814152,20015.064327116652,-0.6541162574450254
"osm_way_1343678018_0_2","osm:way/1343678018","road",0,2,10744.705854271364,20881.86160860543,-0.43287652447361324
"osm_way_1343678018_0_3","osm:way/1343678018","road",0,3,9713.51415058895,20969.644412389698,-0.4192504400535313
"osm_way_1343678018_0_4","osm:way/1343678018","road",0,4,9073.691680516638,21300.72472022834,-0.4208348832648312
"osm_way_1343678019_0_0","osm:way/1343678019","road",0,0,-5588.756696743776,22781.696054058033,-0.4321216271378603
"osm_way_1343678019_0_1","osm:way/1343678019","road",0,1,-9362.776537458423,23176.051681873138,-0.4905231604595883
"osm_way_1343678019_0_2","osm:way/1343678019","road",0,2,-12292.354330485885,23481.52390224305,-0.551372925626481
"osm_way_1343678019_0_3","osm:way/1343678019","road",0,3,-17462.967550125428,23998.01534324906,-0.6910553616350512
"osm_way_1343678020_0_0","osm:way/1343678020","road",0,0,-4994.397705004089,22721.70787496976,-0.42505420654919135
"osm_way_1343678020_0_1","osm:way/1343678020","road",0,1,-5319.184021749946,22753.923769716203,-0.42882673967881146
"osm_way_1343678020_0_2","osm:way/1343678020","road",0,2,-5588.756696743776,22781.696054058033,-0.4321216271378603
"osm_way_1343678022_0_0","osm:way/1343678022","road",0,0,-20551.776712960556,26900.914258616955,-0.8990194885342362
"osm_way_1343678022_0_1","osm:way/1343678022","road",0,1,-20327.672416809448,26883.14535963028,-0.8910985557378126
"osm_way_1343678022_0_2","osm:way/1343678022","road",0,2,-19143.003662223477,26729.86484627713,-0.8480448143444619
"osm_way_1343678022_0_3","osm:way/1343678022","road",0,3,-17756.155405288224,26593.25225255709,-0.8022696610225921
"osm_way_1343678022_0_4","osm:way/1343678022","road",0,4,-17483.332811464694,26564.373907588055,-0.7935389032752482
"osm_way_1343678023_0_0","osm:way/1343678023","road",0,0,-17483.332811464694,26564.373907588055,-0.7935389032752482
"osm_way_1343678023_0_1","osm:way/1343678023","road",0,1,-17174.783488801793,26532.163424070528,-0.7838255263692417
"osm_way_1343678023_0_2","osm:way/1343678023","road",0,2,-17029.44029614358,26507.72557114245,-0.7789163941339439
"osm_way_1343678023_0_3","osm:way/1343678023","road",0,3,-15017.374392835573,26281.133564979933,-0.7190523569732932
"osm_way_1343678024_0_0","osm:way/1343678024","road",0,0,-14176.984258694018,26195.606334631186,-0.6963236931170513
"osm_way_1343678024_0_1","osm:way/1343678024","road",0,1,-14037.325237709536,26181.166523747987,-0.6926456387787994
"osm_way_1343678024_0_2","osm:way/1343678024","road",0,2,-11523.463781891583,25915.690123311826,-0.6314886841607859
"osm_way_1343678024_0_3","osm:way/1343678024","road",0,3,-9253.194906580275,25651.312113604614,-0.5838614275802456
"osm_way_1343678024_0_4","osm:way/1343678024","road",0,4,-6438.096963876393,25379.155050242713,-0.538378669392614
"osm_way_1343678024_0_5","osm:way/1343678024","road",0,5,-3065.990698829571,24991.44734763523,-0.4979543001041975
"osm_way_1343678025_0_0","osm:way/1343678025","road",0,0,36216.81712852245,21279.82163262335,-1.382322548836612
"osm_way_1343678025_0_1","osm:way/1343678025","road",0,1,36531.02958025881,20956.51018782732,-1.389487406970602
"osm_way_1351122332_0_0","osm:way/1351122332","road",0,0,49764.0663261547,-5792.2438668352215,-1.9646668844835347
"osm_way_1351122332_0_1","osm:way/1351122332","road",0,1,49522.63708581162,-9708.425575558318,-1.993587124099605
"osm_way_1351122332_0_2","osm:way/1351122332","road",0,2,49362.93364760213,-12302.548974877935,-2.0260774836366124
"osm_way_1351122335_0_0","osm:way/1351122335","road",0,0,49914.420703207536,-3791.3826429650358,-1.9613350987491174
"osm_way_1351122335_0_1","osm:way/1351122335","road",0,1,49989.99375915021,-2932.6018495857725,-1.9627085728794569
"osm_way_1351501972_0_0","osm:way/1351501972","road",0,0,-23594.74727165127,37692.85402022791,-1.5517244896557258
"osm_way_1351501972_0_1","osm:way/1351501972","road",0,1,-23510.1348879308,37032.93617369246,-1.509869955987142
"osm_way_1351501972_0_2","osm:way/1351501972","road",0,2,-24446.114057097067,30468.13522505765,-1.1969261374247253
"osm_way_1351501973_0_0","osm:way/1351501973","road",0,0,-26687.273257465433,37692.73948768615,-1.6734255403292764
"osm_way_1351501973_0_1","osm:way/1351501973","road",0,1,-26493.370478991972,37358.342781609426,-1.6456411622868927
"osm_way_1351501973_0_2","osm:way/1351501973","road",0,2,-27103.003976894302,33213.26060140063,-1.4414387907521586
"osm_way_1355884277_0_0","osm:way/1355884277","road",0,0,-20722.82421011372,-8809.26470507509,-0.397073466299247
"osm_way_1355884277_0_1","osm:way/1355884277","road",0,1,-20764.22095489165,-9186.998681578447,-0.4037572528432065
"osm_way_1355884277_0_2","osm:way/1355884277","road",0,2,-20813.736578239652,-9575.842697475127,-0.41109941228327784
"osm_way_1355884278_0_0","osm:way/1355884278","road",0,0,-20676.557070142717,-8391.535357179338,-0.3899301917854814
"osm_way_1355884278_0_1","osm:way/1355884278","road",0,1,-20722.82421011372,-8809.26470507509,-0.397073466299247
"osm_way_1355884279_0_0","osm:way/1355884279","road",0,0,-23953.47594936948,-9023.78988387494,-0.5130475519699473
"osm_way_1355884279_0_1","osm:way/1355884279","road",0,1,-23978.62759961849,-9535.95189179372,-0.5214576135166737
"osm_way_1355884279_0_2","osm:way/1355884279","road",0,2,-23989.95919394128,-10536.943993714263,-0.5376657999455858
"osm_way_1355884279_0_3","osm:way/1355884279","road",0,3,-24142.293514237157,-12301.183420153096,-0.5750536766683467
"osm_way_1355884280_0_0","osm:way/1355884280","road",0,0,-23915.343280320132,-8231.660828463275,-0.5008822902219379
"osm_way_1355884280_0_1","osm:way/1355884280","road",0,1,-23934.815061010704,-8642.723579486883,-0.5070599929076991
"osm_way_1355884280_0_2","osm:way/1355884280","road",0,2,-23953.47594936948,-9023.78988387494,-0.5130475519699473
"osm_way_1356123598_0_0","osm:way/1356123598","road",0,0,7774.57828697932,23758.224197088235,-0.49068274378072374
"osm_way_1356123598_0_1","osm:way/1356123598","road",0,1,7636.526102227514,22167.30526687624,-0.4316265474997749
"osm_way_1356123598_0_2","osm:way/1356123598","road",0,2,7573.996865710385,21452.947099772166,-0.40640579214823447
"osm_way_1356123600_0_0","osm:way/1356123600","road",0,0,-34735.20408023143,25583.827812246556,-1.4584778857738456
"osm_way_1356123600_0_1","osm:way/1356123600","road",0,1,-34632.93860410053,26418.17747695096,-1.487006375438682
"osm_way_1356123600_0_2","osm:way/1356123600","road",0,2,-34408.92808227022,28254.63537915741,-1.5537679423033524
"osm_way_1356123601_0_0","osm:way/1356123601","road",0,0,-34408.92808227022,28254.63537915741,-1.5537679423033524
"osm_way_1356123601_0_1","osm:way/1356123601","road",0,1,-34780.802789177396,28091.302674570397,-1.56667766073042
"osm_way_1356123601_0_2","osm:way/1356123601","road",0,2,-46114.37223167457,29122.725845059038,-2.330629801949158
"osm_way_1356123601_0_3","osm:way/1356123601","road",0,3,-46529.29287175276,29159.634796994193,-2.362406188433397
"osm_way_1356123603_0_0","osm:way/1356123603","road",0,0,-2822.389998782469,22505.07966904351,-0.40406976096960534
"osm_way_1356123603_0_1","osm:way/1356123603","road",0,1,-4166.1872749413715,21749.60770115319,-0.38515869730986196
"osm_way_1356123603_0_2","osm:way/1356123603","road",0,2,-5362.9477881566745,12329.615947623714,-0.14192124840093356
"osm_way_1356123604_0_0","osm:way/1356123604","road",0,0,-5362.9477881566745,12329.615947623714,-0.14192124840093356
"osm_way_1356123604_0_1","osm:way/1356123604","road",0,1,-4300.10082589184,12197.41710793207,-0.13133587454134954
"osm_way_1356123605_0_0","osm:way/1356123605","road",0,0,-5770.524240821816,9527.725552819436,-0.09736788447938238
"osm_way_1356123605_0_1","osm:way/1356123605","road",0,1,-4667.896143039179,9405.526424474392,-0.08654203290703322
"osm_way_1360893853_0_0","osm:way/1360893853","road",0,0,-46527.727415935624,6320.008742535615,-1.7257748635234549
"osm_way_1360893853_0_1","osm:way/1360893853","road",0,1,-36720.18516875535,5358.366404686412,-1.0779165402709623
"osm_way_1363819484_0_0","osm:way/1363819484","green",0,0,2939.2401292744134,5688.202812277101,-0.03217690118653138
"osm_way_1363819484_0_1","osm:way/1363819484","green",0,1,4680.87067605082,6990.259596454823,-0.0555313790741252
"osm_way_1363819484_0_2","osm:way/1363819484","green",0,2,5439.226362881779,6715.84230732162,-0.058583748151619375
"osm_way_1363819484_0_3","osm:way/1363819484","green",0,3,5786.7385854807035,6636.959975352188,-0.06080991170449579
"osm_way_1363819484_0_4","osm:way/1363819484","green",0,4,6816.283470836713,6383.647367638014,-0.06837490465052554
"osm_way_1363819484_0_5","osm:way/1363819484","green",0,5,6562.132893041196,5183.7933047362885,-0.0548116087603745
"osm_way_1363819484_0_6","osm:way/1363819484","green",0,6,5703.904931524856,4831.620932509783,-0.04380168869495549
"osm_way_1363819484_0_7","osm:way/1363819484","green",0,7,2815.8219960361953,5079.387221608376,-0.026471621616863672
"osm_way_1363819484_0_8","osm:way/1363819484","green",0,8,2939.2401292744134,5688.202812277101,-0.03217690118653138
"osm_way_1396179465_0_0","osm:way/1396179465","road",0,0,-34005.030379099866,5104.093817409504,-0.9255260966117618
"osm_way_1396179465_0_1","osm:way/1396179465","road",0,1,-27895.941103318943,4569.991791576355,-0.6254848827651927
"osm_way_1396179465_0_2","osm:way/1396179465","road",0,2,-25153.187240742634,4330.127646778017,-0.5099253883546595
"osm_way_1396179465_0_3","osm:way/1396179465","road",0,3,-23297.889946792577,4121.329933257378,-0.4381820296526229
"osm_way_1396179465_0_4","osm:way/1396179465","road",0,4,-22931.70230453923,4080.2362043511484,-0.4246672152255826
"osm_way_1396179474_0_0","osm:way/1396179474","road",0,0,-36720.18516875535,5358.366404686412,-1.0779165402709623
"osm_way_1396179474_0_1","osm:way/1396179474","road",0,1,-35168.551551321085,5206.244538368544,-0.9893484035536915
"osm_way_1396179474_0_2","osm:way/1396179474","road",0,2,-34005.030379099866,5104.093817409504,-0.9255260966117618
"osm_way_1396179476_0_0","osm:way/1396179476","building",0,0,-34233.99535460034,37241.34388892291,-2.0067048319532432
"osm_way_1396179476_0_1","osm:way/1396179476","building",0,1,-34343.53712180443,35741.518374819534,-1.926603291332185
"osm_way_1396179476_0_2","osm:way/1396179476","building",0,2,-35288.68627482229,35810.35052226766,-1.9819833896605132
"osm_way_1396179476_0_3","osm:way/1396179476","building",0,3,-35179.14652690031,37309.06520955764,-2.062019997515563
"osm_way_1396179476_0_4","osm:way/1396179476","building",0,4,-34233.99535460034,37241.34388892291,-2.0067048319532432
"osm_way_1415447296_0_0","osm:way/1415447296","road",0,0,10440.367760109837,30506.268363448147,-0.8163191179619389
"osm_way_1415447296_0_1","osm:way/1415447296","road",0,1,9892.19703691866,24470.333526658585,-0.546941559795755
"osm_way_1415447296_0_2","osm:way/1415447296","road",0,2,9863.772613883111,24087.04653799717,-0.5318828885677362
"osm_way_1415447296_0_3","osm:way/1415447296","road",0,3,9822.354382481843,23539.33499146253,-0.5107546207554492
"osm_way_1415447297_0_0","osm:way/1415447297","road",0,0,10503.712632663886,31208.405395007798,-0.8513945756760677
"osm_way_1415447297_0_1","osm:way/1415447297","road",0,1,10470.415956149867,30839.561260209444,-0.8328711452236348
"osm_way_1415447297_0_2","osm:way/1415447297","road",0,2,10440.367760109837,30506.268363448147,-0.8163191179619389
"osm_way_1415447298_0_0","osm:way/1415447298","road",0,0,8598.723057784275,23669.336018885344,-0.4979330296691842
"osm_way_1415447298_0_1","osm:way/1415447298","road",0,1,9822.354382481843,23539.33499146253,-0.5107546207554492
"osm_way_1415447299_0_0","osm:way/1415447299","road",0,0,8174.877200682966,23714.891352948303,-0.4940640532666407
"osm_way_1415447299_0_1","osm:way/1415447299","road",0,1,8385.17621060272,23692.669228150546,-0.4959623360292653
"osm_way_1415447299_0_2","osm:way/1415447299","road",0,2,8598.723057784275,23669.336018885344,-0.4979330296691842
"osm_way_1415447300_0_0","osm:way/1415447300","road",0,0,9073.691680516638,21300.72472022834,-0.4208348832648312
"osm_way_1415447300_0_1","osm:way/1415447300","road",0,1,8636.04392610678,21344.058572272283,-0.41622005750951985
"osm_way_1415447300_0_2","osm:way/1415447300","road",0,2,8293.395757943734,21379.61414196857,-0.4128729365291406
"osm_way_1415447303_0_0","osm:way/1415447303","road",0,0,7343.300342644305,12315.154696786198,-0.16133611916160362
"osm_way_1415447303_0_1","osm:way/1415447303","road",0,1,8018.845433509099,12351.809332848126,-0.17016900439230653
"osm_way_1415447303_0_2","osm:way/1415447303","road",0,2,8550.674867414322,12381.799253195975,-0.1776489422411487
"osm_way_1415447304_0_0","osm:way/1415447304","road",0,0,9759.802530201312,21420.70082957423,-0.4349748449996582
"osm_way_1415447304_0_1","osm:way/1415447304","road",0,1,9713.51415058895,20969.644412389698,-0.4192504400535313
"osm_way_1415447304_0_2","osm:way/1415447304","road",0,2,9495.064090504531,18682.14368546665,-0.344719176007402
"osm_way_1415447304_0_3","osm:way/1415447304","road",0,3,9288.797541745036,16590.17478684182,-0.2837263695923298
"osm_way_1415447304_0_4","osm:way/1415447304","road",0,4,9158.054480897024,15267.001616734979,-0.24872814056209336
"osm_way_1415447304_0_5","osm:way/1415447304","road",0,5,8913.617474306886,12359.575020563532,-0.18217808818903336
"osm_way_1415447304_0_6","osm:way/1415447304","road",0,6,8834.845924578667,11427.465344113549,-0.1636678497042965
"osm_way_1415447305_0_0","osm:way/1415447305","road",0,0,8834.845924578667,11427.465344113549,-0.1636678497042965
"osm_way_1415447305_0_1","osm:way/1415447305","road",0,1,8799.114550837992,11003.072132808624,-0.15569730115601033
"osm_way_1415447305_0_2","osm:way/1415447305","road",0,2,8765.007452832862,10604.231394918037,-0.14845906704010758
"osm_way_1415447307_0_0","osm:way/1415447307","green",0,0,7166.172967284607,788.756835382775,-0.040683220583526136
"osm_way_1415447307_0_1","osm:way/1415447307","green",0,1,7326.940880096944,1159.8219005233886,-0.043074798327147334
"osm_way_1415447307_0_2","osm:way/1415447307","green",0,2,7762.9517502165445,1109.8230269575827,-0.04813538660970451
"osm_way_1415447307_0_3","osm:way/1415447307","green",0,3,7710.983393929341,736.5348808824356,-0.04696452372279225
"osm_way_1415447307_0_4","osm:way/1415447307","green",0,4,7166.172967284607,788.756835382775,-0.040683220583526136
"osm_way_1415447308_0_0","osm:way/1415447308","green",0,0,6034.331071412369,897.6437228940704,-0.029133266970937655
"osm_way_1415447308_0_1","osm:way/1415447308","green",0,1,6052.196821203445,1244.2688201877274,-0.029885463092771403
"osm_way_1415447308_0_2","osm:way/1415447308","green",0,2,6697.688207757993,1194.268730878203,-0.036231228845728936
"osm_way_1415447308_0_3","osm:way/1415447308","green",0,3,6641.660920717366,839.8671758676635,-0.035079962607476034
"osm_way_1415447308_0_4","osm:way/1415447308","green",0,4,6034.331071412369,897.6437228940704,-0.029133266970937655
"osm_way_1415447309_0_0","osm:way/1415447309","road",0,0,21324.562980570998,20237.244434093594,-0.6776153696833376
"osm_way_1415447309_0_1","osm:way/1415447309","road",0,1,21063.834557663416,17383.14990095468,-0.584625109691217
"osm_way_1415447310_0_0","osm:way/1415447310","road",0,0,21063.834557663416,17383.14990095468,-0.584625109691217
"osm_way_1415447310_0_1","osm:way/1415447310","road",0,1,21038.65533105016,17108.73909062887,-0.5763607387635261
"osm_way_1415447310_0_2","osm:way/1415447310","road",0,2,21018.34887107062,16866.546492568978,-0.5692288530894984
"osm_way_1424341499_0_0","osm:way/1424341499","road",0,0,-45336.98081107535,24130.043352763805,-2.066143180398683
"osm_way_1424341499_0_1","osm:way/1424341499","road",0,1,-45221.83878495186,26490.879202321663,-2.1518543298668646
"osm_way_1424341500_0_0","osm:way/1424341500","green",0,0,-2644.570100759274,22611.734273958715,-0.40708856723910003
"osm_way_1424341500_0_1","osm:way/1424341500","green",0,1,-2616.152348000795,22877.25812719392,-0.4164591340156676
"osm_way_1424341500_0_2","osm:way/1424341500","green",0,2,1990.125759553434,22431.758070723612,-0.3983468537654744
"osm_way_1424341500_0_3","osm:way/1424341500","green",0,3,1974.6977137874496,22186.23197497068,-0.3896940153666151
"osm_way_1424341500_0_4","osm:way/1424341500","green",0,4,-2644.570100759274,22611.734273958715,-0.40708856723910003
"osm_way_1424341502_0_0","osm:way/1424341502","green",0,0,-17102.46005077768,24224.664029853848,-0.6898872885457763
"osm_way_1424341502_0_1","osm:way/1424341502","green",0,1,-17055.373447578462,24522.40731214769,-0.7000290735149406
"osm_way_1424341502_0_2","osm:way/1424341502","green",0,2,-12433.645217136047,23961.463819669956,-0.5719928272569064
"osm_way_1424341502_0_3","osm:way/1424341502","green",0,3,-12449.068080786858,23715.937402182743,-0.5630980630343174
"osm_way_1424341502_0_4","osm:way/1424341502","green",0,4,-17102.46005077768,24224.664029853848,-0.6898872885457763
"osm_way_1424341505_0_0","osm:way/1424341505","road",0,0,-2720.092232411202,24953.675571058655,-0.4949058288076458
"osm_way_1424341505_0_1","osm:way/1424341505","road",0,1,-2785.854810745669,23292.763223485286,-0.4322453531528936
"osm_way_1424341505_0_2","osm:way/1424341505","road",0,2,-2802.9046025965085,22931.69530380531,-0.4192099147999784
"osm_way_1424341506_0_0","osm:way/1424341506","green",0,0,-4997.6468497738015,22896.131397572215,-0.43132960178269286
"osm_way_1424341506_0_1","osm:way/1424341506","green",0,1,-4967.605952074165,23144.990690073955,-0.4400954267794077
"osm_way_1424341506_0_2","osm:way/1424341506","green",0,2,-3227.5627085129636,22972.79960359871,-0.42269650348316645
"osm_way_1424341506_0_3","osm:way/1424341506","green",0,3,-3242.98888476702,22728.384369514508,-0.4140006246956318
"osm_way_1424341506_0_4","osm:way/1424341506","green",0,4,-4997.6468497738015,22896.131397572215,-0.43132960178269286
"osm_way_1424341510_0_0","osm:way/1424341510","green",0,0,2271.8766353368624,22158.456594992083,-0.3897142021500599
"osm_way_1424341510_0_1","osm:way/1424341510","green",0,1,2301.108260698839,22425.09121970297,-0.39915631996905176
"osm_way_1424341510_0_2","osm:way/1424341510","green",0,2,7172.0805549374045,21991.775806292924,-0.4201547247049575
"osm_way_1424341510_0_3","osm:way/1424341510","green",0,3,7146.906714547191,21711.809610540105,-0.4102617613085613
"osm_way_1424341510_0_4","osm:way/1424341510","green",0,4,2271.8766353368624,22158.456594992083,-0.3897142021500599
"osm_way_1424341511_0_0","osm:way/1424341511","green",0,0,-12029.279804529566,23621.51184195926,-0.5515442177497221
"osm_way_1424341511_0_1","osm:way/1424341511","green",0,1,-12017.916958104664,23885.924804103313,-0.5611974131440434
"osm_way_1424341511_0_2","osm:way/1424341511","green",0,2,-9928.723701645993,23659.319066896154,-0.5168473670181584
"osm_way_1424341511_0_3","osm:way/1424341511","green",0,3,-9939.277880567957,23564.885783356083,-0.5135085246010362
"osm_way_1424341511_0_4","osm:way/1424341511","green",0,4,-8816.32709567977,23443.80469554978,-0.49255286244545005
"osm_way_1424341511_0_5","osm:way/1424341511","green",0,5,-8798.466060572026,23614.895537954235,-0.49863087270836104
"osm_way_1424341511_0_6","osm:way/1424341511","green",0,6,-5701.623363165006,23198.311865664808,-0.4481659968817553
"osm_way_1424341511_0_7","osm:way/1424341511","green",0,7,-5716.23667887924,22952.785604933444,-0.4393958847202839
"osm_way_1424341511_0_8","osm:way/1424341511","green",0,8,-12029.279804529566,23621.51184195926,-0.5515442177497221
"osm_way_1424341519_0_0","osm:way/1424341519","road",0,0,-2802.9046025965085,22931.69530380531,-0.4192099147999784
"osm_way_1424341519_0_1","osm:way/1424341519","road",0,1,-2822.389998782469,22505.07966904351,-0.40406976096960534
"osm_way_1424921770_0_0","osm:way/1424921770","green",0,0,5601.797982508843,37693.2409539446,-1.140572871616996
"osm_way_1424921770_0_1","osm:way/1424921770","green",0,1,5580.758137761851,37512.15175517528,-1.1296911185837644
"osm_way_1424921770_0_2","osm:way/1424921770","green",0,2,2848.1742688421564,37693.25809207403,-1.1223620790701716
"osm_way_1424921770_0_3","osm:way/1424921770","green",0,3,5601.797982508843,37693.2409539446,-1.140572871616996
"osm_way_1424921776_0_0","osm:way/1424921776","plaza",0,0,6698.249790495134,37693.23102051038,-1.1511280322963557
"osm_way_1424921776_0_1","osm:way/1424921776","plaza",0,1,6572.1804982079175,36613.36187906867,-1.086789663605714
"osm_way_1424921776_0_2","osm:way/1424921776","plaza",0,2,5565.323897044954,36711.13692309268,-1.0828559164195894
"osm_way_1424921776_0_3","osm:way/1424921776","plaza",0,3,5580.758137761851,37512.15175517528,-1.1296911185837644
"osm_way_1424921776_0_4","osm:way/1424921776","plaza",0,4,5601.797982508843,37693.2409539446,-1.140572871616996
"osm_way_1424921776_0_5","osm:way/1424921776","plaza",0,5,6698.249790495134,37693.23102051038,-1.1511280322963557
"osm_way_1424921788_0_0","osm:way/1424921788","green",0,0,-16701.627053748318,35552.204466008654,-1.2111583597913977
"osm_way_1424921788_0_1","osm:way/1424921788","green",0,1,-17053.215227195364,35576.637235917704,-1.2218123274635673
"osm_way_1424921788_0_2","osm:way/1424921788","green",0,2,-17249.714319320603,35568.85542667074,-1.2266530548458832
"osm_way_1424921788_0_3","osm:way/1424921788","green",0,3,-17027.084807526,37693.05052500297,-1.3429206229119472
"osm_way_1424921788_0_4","osm:way/1424921788","green",0,4,-16510.48367989439,37693.06328612301,-1.3293607935963792
"osm_way_1424921788_0_5","osm:way/1424921788","green",0,5,-16701.627053748318,35552.204466008654,-1.2111583597913977
"osm_way_1424921789_0_0","osm:way/1424921789","green",0,0,-17001.975590853424,32188.156204534767,-1.0400818971959325
"osm_way_1424921789_0_1","osm:way/1424921789","green",0,1,-17511.086422019533,32249.247043621443,-1.0569267755840883
"osm_way_1424921789_0_2","osm:way/1424921789","green",0,2,-17364.17339541166,34388.99409621913,-1.1649189841079988
"osm_way_1424921789_0_3","osm:way/1424921789","green",0,3,-16797.414144403552,34476.77560321994,-1.1545134238758692
"osm_way_1424921789_0_4","osm:way/1424921789","green",0,4,-17001.975590853424,32188.156204534767,-1.0400818971959325
"osm_way_1424921790_0_0","osm:way/1424921790","road",0,0,-17928.179805681255,22307.094703194016,-0.6424393669263395
"osm_way_1424921790_0_1","osm:way/1424921790","road",0,1,-17855.08288175721,21542.74375246452,-0.614065128230834
"osm_way_1424921791_0_0","osm:way/1424921791","building",0,0,-17928.179805681255,22307.094703194016,-0.6424393669263395
"osm_way_1424921791_0_1","osm:way/1424921791","building",0,1,-18200.188653475012,22332.63995923225,-0.6510268256093354
"osm_way_1424921791_0_2","osm:way/1424921791","building",0,2,-18067.875517150285,23726.920883943378,-0.6977150794625686
"osm_way_1424921791_0_3","osm:way/1424921791","building",0,3,-17516.54903813212,23675.830346848572,-0.6804573522785518
"osm_way_1424921791_0_4","osm:way/1424921791","building",0,4,-17648.051303104585,22280.438571501658,-0.633705425973119
"osm_way_1424921791_0_5","osm:way/1424921791","building",0,5,-17928.179805681255,22307.094703194016,-0.6424393669263395
"osm_way_1424921792_0_0","osm:way/1424921792","building",0,0,-21100.53621353299,22643.62984373365,-0.7512296802190122
"osm_way_1424921792_0_1","osm:way/1424921792","building",0,1,-21378.229316112025,22676.95049542744,-0.7616484653183875
"osm_way_1424921792_0_2","osm:way/1424921792","building",0,2,-21246.72539240248,23776.82284082454,-0.7973946278369226
"osm_way_1424921792_0_3","osm:way/1424921792","building",0,3,-20984.459276321224,23745.723615230938,-0.7875646329608799
"osm_way_1424921792_0_4","osm:way/1424921792","building",0,4,-20840.74071450621,23729.063372945733,-0.7822386584990682
"osm_way_1424921792_0_5","osm:way/1424921792","building",0,5,-20972.245252402186,22628.080127269608,-0.7464520850717804
"osm_way_1424921792_0_6","osm:way/1424921792","building",0,6,-21100.53621353299,22643.62984373365,-0.7512296802190122
"osm_way_1424921793_0_0","osm:way/1424921793","building",0,0,-20551.776712960556,26900.914258616955,-0.8990194885342362
"osm_way_1424921793_0_1","osm:way/1424921793","building",0,1,-20758.8295792755,26916.461649566132,-0.9063717014754502
"osm_way_1424921793_0_2","osm:way/1424921793","building",0,2,-20661.43085944855,28155.205002729348,-0.9567999757251755
"osm_way_1424921793_0_3","osm:way/1424921793","building",0,3,-20426.770514962656,28137.436457943717,-0.948467748139592
"osm_way_1424921793_0_4","osm:way/1424921793","building",0,4,-20231.08488663567,28121.888627463348,-0.9415534951926929
"osm_way_1424921793_0_5","osm:way/1424921793","building",0,5,-20327.672416809448,26883.14535963028,-0.8910985557378126
"osm_way_1424921793_0_6","osm:way/1424921793","building",0,6,-20551.776712960556,26900.914258616955,-0.8990194885342362
"osm_way_1424921794_0_0","osm:way/1424921794","building",0,0,-17483.332811464694,26564.373907588055,-0.7935389032752482
"osm_way_1424921794_0_1","osm:way/1424921794","building",0,1,-17756.155405288224,26593.25225255709,-0.8022696610225921
"osm_way_1424921794_0_2","osm:way/1424921794","building",0,2,-17623.024949527015,27848.66077841036,-0.8522689279118367
"osm_way_1424921794_0_3","osm:way/1424921794","building",0,3,-17344.5180295706,27818.671547819707,-0.8433352838949304
"osm_way_1424921794_0_4","osm:way/1424921794","building",0,4,-17041.651969786602,27787.57183709983,-0.8338256363430219
"osm_way_1424921794_0_5","osm:way/1424921794","building",0,5,-17174.783488801793,26532.163424070528,-0.7838255263692417
"osm_way_1424921794_0_6","osm:way/1424921794","building",0,6,-17483.332811464694,26564.373907588055,-0.7935389032752482
"osm_way_1431718260_0_0","osm:way/1431718260","road",0,0,19731.85341303718,37692.977293848795,-1.4207352620417169
"osm_way_1431718260_0_1","osm:way/1431718260","road",0,1,19705.189674705325,37161.93070558887,-1.3886877891366112
"osm_way_1431718260_0_2","osm:way/1431718260","road",0,2,18810.386111987907,37200.84031126549,-1.3639857718459325
"osm_way_1431718261_0_0","osm:way/1431718261","building",0,0,17257.80201309702,34305.67347371568,-1.1575406905990349
"osm_way_1431718261_0_1","osm:way/1431718261","building",0,1,17217.189735125266,33780.18200286794,-1.1283410015380468
"osm_way_1431718261_0_2","osm:way/1431718261","building",0,2,16127.516718552746,33863.532101148725,-1.1043307035492944
"osm_way_1431718261_0_3","osm:way/1431718261","building",0,3,16178.687063782865,34522.34072080206,-1.1410135277969857
"osm_way_1431718261_0_4","osm:way/1431718261","building",0,4,16388.177341222483,34506.782006496156,-1.1455098005626496
"osm_way_1431718261_0_5","osm:way/1431718261","building",0,5,16634.41591717473,37693.06026059041,-1.3325756920949061
"osm_way_1431718261_0_6","osm:way/1431718261","building",0,6,19403.041743989917,37692.986771788586,-1.410664104852799
"osm_way_1431718261_0_7","osm:way/1431718261","building",0,7,19385.27716179475,37461.903908581226,-1.3964832364820268
"osm_way_1431718261_0_8","osm:way/1431718261","building",0,8,18109.65480517683,37559.7051788485,-1.3648107270967103
"osm_way_1431718261_0_9","osm:way/1431718261","building",0,9,17944.765773917752,35422.18834213203,-1.237620863193456
"osm_way_1431718261_0_10","osm:way/1431718261","building",0,10,16963.89539733105,35497.760051533456,-1.215030470754641
"osm_way_1431718261_0_11","osm:way/1431718261","building",0,11,16873.73665648326,34334.56855185551,-1.1488384394368722
"osm_way_1431718261_0_12","osm:way/1431718261","building",0,12,17257.80201309702,34305.67347371568,-1.1575406905990349
"osm_way_1431718267_0_0","osm:way/1431718267","road",0,0,38907.78160987833,37499.94991499686,-2.2894507427054123
"osm_way_1431718267_0_1","osm:way/1431718267","road",0,1,37489.968861404,21154.21199531931,-1.4515838173707607
"osm_way_1431718267_0_2","osm:way/1431718267","road",0,2,37464.78205796166,20865.359096392585,-1.4405722809698318
"osm_way_1431718268_0_0","osm:way/1431718268","road",0,0,38907.78160987833,37499.94991499686,-2.2894507427054123
"osm_way_1431718268_0_1","osm:way/1431718268","road",0,1,38922.75557538397,37692.14820646856,-2.301714621478368
"osm_way_1431718273_0_0","osm:way/1431718273","green",0,0,39472.9189502108,37453.25622344474,-2.3213717046019156
"osm_way_1431718273_0_1","osm:way/1431718273","green",0,1,39148.7363955339,33960.36086225009,-2.1054893066889235
"osm_way_1431718273_0_2","osm:way/1431718273","green",0,2,38616.56260937094,28197.74918661361,-1.7917396975917654
"osm_way_1431718273_0_3","osm:way/1431718273","green",0,3,38445.94410629363,26353.535512804603,-1.7024248176198853
"osm_way_1431718273_0_4","osm:way/1431718273","green",0,4,37961.71710680646,21110.85763434531,-1.4780038503403148
"osm_way_1431718273_0_5","osm:way/1431718273","green",0,5,36875.31621543446,21219.793367009243,-1.4179906107315787
"osm_way_1431718273_0_6","osm:way/1431718273","green",0,6,37290.502409601555,26188.064255135636,-1.6271028215982142
"osm_way_1431718273_0_7","osm:way/1431718273","green",0,7,38224.90535900011,37523.31924332319,-2.2496017679657143
"osm_way_1431718273_0_8","osm:way/1431718273","green",0,8,38907.78160987833,37499.94991499686,-2.2894507427054123
"osm_way_1431718273_0_9","osm:way/1431718273","green",0,9,39472.9189502108,37453.25622344474,-2.3213717046019156
"osm_way_1441804763_0_0","osm:way/1441804763","road",0,0,2597.3742534063663,-4012.8590938086704,-0.01792915384974947
"osm_way_1441804763_0_1","osm:way/1441804763","road",0,1,3044.751615134424,-3527.363361399524,-0.01702935171543629
"osm_way_1441804763_0_2","osm:way/1441804763","road",0,2,4287.821435927812,-3649.5777068030707,-0.024852490788873638
"osm_way_1441804763_0_3","osm:way/1441804763","road",0,3,5096.50674371388,-3726.2408112078815,-0.03123640805604566
"osm_way_1444255220_0_0","osm:way/1444255220","road",0,0,20531.09044419002,14104.669766090718,-0.48619292570890593
"osm_way_1444255220_0_1","osm:way/1444255220","road",0,1,20455.54951720228,13138.12104235844,-0.4630863382388384
"osm_way_1444255221_0_0","osm:way/1444255221","road",0,0,20531.09044419002,14104.669766090718,-0.48619292570890593
"osm_way_1444255221_0_1","osm:way/1444255221","road",0,1,20803.91524234196,14364.630347749597,-0.5008329940650924
"osm_way_1444255222_0_0","osm:way/1444255222","road",0,0,20455.54951720228,13138.12104235844,-0.4630863382388384
"osm_way_1444255222_0_1","osm:way/1444255222","road",0,1,20241.121159951956,10703.974243441398,-0.41067002341463876
"osm_way_1444255223_0_0","osm:way/1444255223","road",0,0,20241.121159951956,10703.974243441398,-0.41067002341463876
"osm_way_1444255223_0_1","osm:way/1444255223","road",0,1,20222.440864122804,10521.774372373773,-0.40704075205226786
"osm_way_1444255224_0_0","osm:way/1444255224","road",0,0,20222.440864122804,10521.774372373773,-0.40704075205226786
"osm_way_1444255224_0_1","osm:way/1444255224","road",0,1,20474.145205037694,10510.65704502551,-0.41487465053791084
"osm_way_1444256021_0_0","osm:way/1444256021","road",0,0,8550.674867414322,12381.799253195975,-0.1776489422411487
"osm_way_1444256021_0_1","osm:way/1444256021","road",0,1,8913.617474306886,12359.575020563532,-0.18217808818903336
"osm_way_1444256022_0_0","osm:way/1444256022","road",0,0,7343.300342644305,12315.154696786198,-0.16133611916160362
"osm_way_1444256022_0_1","osm:way/1444256022","road",0,1,6614.166957321136,12330.715887441076,-0.15367199814093624
"osm_way_1456232019_0_0","osm:way/1456232019","road",0,0,5696.57049331399,1620.8935683772886,-0.02746288470056868
"osm_way_1456232019_0_1","osm:way/1456232019","road",0,1,5608.066866423759,1357.592429714376,-0.026063649951613144
"osm_way_1456232020_0_0","osm:way/1456232020","road",0,0,-6550.739032029444,2423.0122452851233,-0.03819874358441666
"osm_way_1456232020_0_1","osm:way/1456232020","road",0,1,114.4835725043246,1878.6644445838313,-0.0027825399984138244
"osm_way_1456232020_0_2","osm:way/1456232020","road",0,2,5608.066866423759,1357.592429714376,-0.026063649951613144
"osm_way_1456232020_0_3","osm:way/1456232020","road",0,3,5543.920271122071,945.4199760734166,-0.024758224089715952
"osm_way_1459714436_0_0","osm:way/1459714436","road",0,0,-22601.56435436603,-10610.220931831589,-0.48825263350593673
"osm_way_1459714436_0_1","osm:way/1459714436","road",0,1,-22762.85135916999,-12301.135759652252,-0.5244101395618372
"osm_way_1459714438_0_0","osm:way/1459714438","green",0,0,-25478.868830993328,-12301.232273629006,-0.6269648562849284
"osm_way_1459714438_0_1","osm:way/1459714438","green",0,1,-25368.58486148531,-11169.140938370158,-0.6017046699767548
"osm_way_1459714438_0_2","osm:way/1459714438","green",0,2,-24235.9685774171,-10649.161570625765,-0.5488191983246793
"osm_way_1459714438_0_3","osm:way/1459714438","green",0,3,-24414.656038732544,-12301.193161875062,-0.5854051259618132
"osm_way_1459714438_0_4","osm:way/1459714438","green",0,4,-25478.868830993328,-12301.232273629006,-0.6269648562849284
"osm_way_1459714441_0_0","osm:way/1459714441","green",0,0,-26783.792274580075,-10591.486434415609,-0.6495989832096427
"osm_way_1459714441_0_1","osm:way/1459714441","green",0,1,-26961.604580086027,-10574.828795135161,-0.6568018692554745
"osm_way_1459714441_0_2","osm:way/1459714441","green",0,2,-26881.26004990321,-9663.823170554302,-0.6389333913837447
"osm_way_1459714441_0_3","osm:way/1459714441","green",0,3,-25874.468193491663,-9744.885482640495,-0.5985972351837177
"osm_way_1459714441_0_4","osm:way/1459714441","green",0,4,-24312.319633573636,-9809.26449091396,-0.5382232765335004
"osm_way_1459714441_0_5","osm:way/1459714441","green",0,5,-24358.57989430773,-10353.645654728922,-0.5486073069683073
"osm_way_1459714441_0_6","osm:way/1459714441","green",0,6,-25560.20693756496,-10960.284150273897,-0.6057125187162171
"osm_way_1459714441_0_7","osm:way/1459714441","green",0,7,-25948.51841294659,-12301.250064720216,-0.6458694790197228
"osm_way_1459714441_0_8","osm:way/1459714441","green",0,8,-26944.381225043446,-12301.288864707887,-0.6870979298454927
"osm_way_1459714441_0_9","osm:way/1459714441","green",0,9,-26783.792274580075,-10591.486434415609,-0.6495989832096427
"osm_way_1459714442_0_0","osm:way/1459714442","green",0,0,-26881.26004990321,-9663.823170554302,-0.6389333913837447
"osm_way_1459714442_0_1","osm:way/1459714442","green",0,1,-28564.389322291117,-9526.130568626675,-0.7099006500176586
"osm_way_1459714442_0_2","osm:way/1459714442","green",0,2,-30199.61535194059,-9393.994900573298,-0.7831478450931684
"osm_way_1459714442_0_3","osm:way/1459714442","green",0,3,-30303.56121969639,-8962.9398492188,-0.781854911581803
"osm_way_1459714442_0_4","osm:way/1459714442","green",0,4,-25636.587332916486,-9386.030377505353,-0.583613798046656
"osm_way_1459714442_0_5","osm:way/1459714442","green",0,5,-25874.468193491663,-9744.885482640495,-0.5985972351837177
"osm_way_1459714442_0_6","osm:way/1459714442","green",0,6,-26881.26004990321,-9663.823170554302,-0.6389333913837447
"osm_way_1459714444_0_0","osm:way/1459714444","road",0,0,-36025.814755054605,2382.09264370273,-1.0202846985102099
"osm_way_1459714444_0_1","osm:way/1459714444","road",0,1,-36942.50157642798,2485.364361825277,-1.073033182046501
"osm_way_1459714445_0_0","osm:way/1459714445","green",0,0,-36025.814755054605,2382.09264370273,-1.0202846985102099
"osm_way_1459714445_0_1","osm:way/1459714445","green",0,1,-36328.5224185185,-350.9303244573663,-1.0330668691651779
"osm_way_1459714445_0_2","osm:way/1459714445","green",0,2,-37198.113635820795,-239.87957971713146,-1.0830593906301589
"osm_way_1459714445_0_3","osm:way/1459714445","green",0,3,-37129.13241500611,372.27329803464534,-1.079109987881366
"osm_way_1459714445_0_4","osm:way/1459714445","green",0,4,-36942.50157642798,2485.364361825277,-1.073033182046501
"osm_way_1459714445_0_5","osm:way/1459714445","green",0,5,-36025.814755054605,2382.09264370273,-1.0202846985102099
"osm_way_1460207931_0_0","osm:way/1460207931","road",0,0,44597.20055704797,22935.79101488038,-1.9699179969109082
"osm_way_1460207931_0_1","osm:way/1460207931","road",0,1,44637.02338771653,23491.277396947597,-1.9929569211896592
"osm_way_1460207932_0_0","osm:way/1460207932","road",0,0,46271.46370094741,22795.695726503873,-2.083963179009629
"osm_way_1460207932_0_1","osm:way/1460207932","road",0,1,46308.85138954557,23342.294353734156,-2.106481632313262
"osm_way_1460207933_0_0","osm:way/1460207933","road",0,0,47945.72615385409,22655.59630823108,-2.2024270488046227
"osm_way_1460207933_0_1","osm:way/1460207933","road",0,1,47880.80750049005,23202.202068526763,-2.217247212639961
"osm_way_1460207934_0_0","osm:way/1460207934","road",0,0,48705.7993591528,23685.418804360517,-2.297411496232371
"osm_way_1460207934_0_1","osm:way/1460207934","road",0,1,47944.179117797576,23744.35485693008,-2.2419925254567374
"osm_way_1460207935_0_0","osm:way/1460207935","road",0,0,48882.12380526853,25459.6379567132,-2.3793698469816604
"osm_way_1460207935_0_1","osm:way/1460207935","road",0,1,48155.41788920845,25541.902266627552,-2.327471563715733
"osm_way_1460207936_0_0","osm:way/1460207936","road",0,0,42852.29606679787,23081.44152672316,-1.8557504802373614
"osm_way_1460207936_0_1","osm:way/1460207936","road",0,1,42897.80180368801,23645.815474580606,-1.8795193157671974
"osm_way_1460207937_0_0","osm:way/1460207937","road",0,0,50196.30482040033,20105.73903515433,-2.289659329029803
"osm_way_1460207937_0_1","osm:way/1460207937","road",0,1,45713.486169159405,20458.235762606182,-1.9643742380537788
"osm_way_1460207937_0_2","osm:way/1460207937","road",0,2,38561.75093064912,20987.505251593582,-1.5098635647461833
"osm_way_1460207937_0_3","osm:way/1460207937","road",0,3,37934.9060543388,20819.782887264857,-1.4668244069696357
"osm_way_1460207938_0_0","osm:way/1460207938","road",0,0,45650.101772402886,19694.998104918905,-1.935769068923321
"osm_way_1460207938_0_1","osm:way/1460207938","road",0,1,45679.356011167685,20046.065203211565,-1.948819366587884
"osm_way_1460207938_0_2","osm:way/1460207938","road",0,2,45713.486169159405,20458.235762606182,-1.9643742380537788
"osm_way_1460207939_0_0","osm:way/1460207939","green",0,0,44966.469233556236,20284.973081831697,-1.9058099353770785
"osm_way_1460207939_0_1","osm:way/1460207939","green",0,1,44504.42972237959,19781.73047207024,-1.8576159231670886
"osm_way_1460207939_0_2","osm:way/1460207939","green",0,2,38668.07860629863,20294.24890391116,-1.4938108363892866
"osm_way_1460207939_0_3","osm:way/1460207939","green",0,3,38703.021676381744,20797.519967129527,-1.5121712594719838
"osm_way_1460207939_0_4","osm:way/1460207939","green",0,4,44966.469233556236,20284.973081831697,-1.9058099353770785
"osm_way_1460207940_0_0","osm:way/1460207940","green",0,0,50036.33397031511,19911.329685686578,-2.2709985462924465
"osm_way_1460207940_0_1","osm:way/1460207940","green",0,1,49966.46371460908,19346.957976412727,-2.248126042138665
"osm_way_1460207940_0_2","osm:way/1460207940","green",0,2,46734.876957384935,19616.04484562264,-2.011770404025981
"osm_way_1460207940_0_3","osm:way/1460207940","green",0,3,46464.53364280741,20198.215906068537,-2.010256499417551
"osm_way_1460207940_0_4","osm:way/1460207940","green",0,4,50036.33397031511,19911.329685686578,-2.2709985462924465
"osm_way_1460207941_0_0","osm:way/1460207941","road",0,0,40701.47928538649,24416.969437142645,-1.7649213450923185
"osm_way_1460207941_0_1","osm:way/1460207941","road",0,1,41252.80257489106,24376.940949525193,-1.7987519352530512
"osm_way_1460207942_0_0","osm:way/1460207942","road",0,0,41107.39082788376,23227.087553062847,-1.746382233103816
"osm_way_1460207942_0_1","osm:way/1460207942","road",0,1,41198.36564900728,23798.12472633572,-1.7733357323749033
"osm_way_1460207944_0_0","osm:way/1460207944","green",0,0,44353.70979604406,24448.958990950352,-2.0092865375744395
"osm_way_1460207944_0_1","osm:way/1460207944","green",0,1,46068.57515063737,24309.972530347633,-2.1253294728651895
"osm_way_1460207944_0_2","osm:way/1460207944","green",0,2,46156.34018404184,25377.61639794672,-2.173334099244073
"osm_way_1460207944_0_3","osm:way/1460207944","green",0,3,46343.11679162024,25727.56172922879,-2.200904290299377
"osm_way_1460207944_0_4","osm:way/1460207944","green",0,4,46501.56485074267,27394.01780367707,-2.281953974815565
"osm_way_1460207944_0_5","osm:way/1460207944","green",0,5,47965.50768169689,26821.762307002376,-2.365826125040371
"osm_way_1460207944_0_6","osm:way/1460207944","green",0,6,47616.941703716766,23531.070115773422,-2.209596683977111
"osm_way_1460207944_0_7","osm:way/1460207944","green",0,7,41536.158713592886,24043.63027624915,-1.8044358198380905
"osm_way_1460207944_0_8","osm:way/1460207944","green",0,8,41684.039532706964,25718.97598904813,-1.8795543430456974
"osm_way_1460207944_0_9","osm:way/1460207944","green",0,9,44440.66018189784,25516.603131031075,-2.0572318309802995
"osm_way_1460207944_0_10","osm:way/1460207944","green",0,10,44353.70979604406,24448.958990950352,-2.0092865375744395
"osm_way_1460207970_0_0","osm:way/1460207970","building",0,0,48823.24058281818,30888.991249869305,-2.615177618724829
"osm_way_1460207970_0_1","osm:way/1460207970","building",0,1,48642.82922744458,28754.815688620078,-2.5014291615377715
"osm_way_1460207970_0_2","osm:way/1460207970","building",0,2,48245.77710494169,28788.17336102119,-2.472826771202108
"osm_way_1460207970_0_3","osm:way/1460207970","building",0,3,48176.70157914836,27972.720482196062,-2.431256464734588
"osm_way_1460207970_0_4","osm:way/1460207970","building",0,4,46771.18713098149,28090.58243567424,-2.3319957882392828
"osm_way_1460207970_0_5","osm:way/1460207970","building",0,5,47019.854656940166,31039.10056962436,-2.4871969709721498
"osm_way_1460207970_0_6","osm:way/1460207970","building",0,6,48823.24058281818,30888.991249869305,-2.615177618724829
"osm_way_1460207971_0_0","osm:way/1460207971","green",0,0,51405.802205582906,26522.65743527135,-2.6208703505858466
"osm_way_1460207971_0_1","osm:way/1460207971","green",0,1,50899.493426368404,20498.972902873113,-2.357842694382839
"osm_way_1460207971_0_2","osm:way/1460207971","green",0,2,50368.455773315836,20307.92428877644,-2.3096278276725
"osm_way_1460207971_0_3","osm:way/1460207971","green",0,3,50847.98359532152,26583.803235002182,-2.5787769084473666
"osm_way_1460207971_0_4","osm:way/1460207971","green",0,4,51405.802205582906,26522.65743527135,-2.6208703505858466
"osm_way_1460207972_0_0","osm:way/1460207972","green",0,0,50891.90542073111,27590.345949344486,-2.625106218656015
"osm_way_1460207972_0_1","osm:way/1460207972","green",0,1,51563.16050760151,35056.06649042883,-3.0463100808447052
"osm_way_1460207972_0_2","osm:way/1460207972","green",0,2,52059.27691064335,35012.70049118199,-3.084160649422074
"osm_way_1460207972_0_3","osm:way/1460207972","green",0,3,51414.054087855206,28268.003132047175,-2.696649935529649
"osm_way_1460207972_0_4","osm:way/1460207972","green",0,4,51222.394711010886,27816.960587757178,-2.661383098708825
"osm_way_1460207972_0_5","osm:way/1460207972","green",0,5,50891.90542073111,27590.345949344486,-2.625106218656015
"osm_way_1460207973_0_0","osm:way/1460207973","green",0,0,49046.20457880011,37572.617652767294,-2.991676140504751
"osm_way_1460207973_0_1","osm:way/1460207973","green",0,1,49076.24505563,37532.620282811375,-2.9916237677696245
"osm_way_1460207973_0_2","osm:way/1460207973","green",0,2,49090.85737329484,37485.95816090229,-2.9899968553422696
"osm_way_1460207973_0_3","osm:way/1460207973","green",0,3,49089.229872928234,37437.07525770295,-2.9869950159138625
"osm_way_1460207973_0_4","osm:way/1460207973","green",0,4,49071.362879534034,37390.415483972676,-2.982879612628153
"osm_way_1460207973_0_5","osm:way/1460207973","green",0,5,49039.69282544509,37352.6445291455,-2.978230251105174
"osm_way_1460207973_0_6","osm:way/1460207973","green",0,6,48997.4678829855,37327.09508995588,-2.973491464831568
"osm_way_1460207973_0_7","osm:way/1460207973","green",0,7,48948.74812429234,37315.98882715243,-2.969105308486064
"osm_way_1460207973_0_8","osm:way/1460207973","green",0,8,48900.02956757418,37321.5472270226,-2.965700032692098
"osm_way_1460207973_0_9","osm:way/1460207973","green",0,9,48855.37204249337,37342.65901970289,-2.9635214027592838
"osm_way_1460207973_0_10","osm:way/1460207973","green",0,10,48820.459265455305,37377.10184173583,-2.9628737831131957
"osm_way_1460207973_0_11","osm:way/1460207973","green",0,11,48798.538927173664,37421.542527904385,-2.9638099012686325
"osm_way_1460207973_0_12","osm:way/1460207973","green",0,12,48792.04657844826,37470.42601546362,-2.966189718983969
"osm_way_1460207973_0_13","osm:way/1460207973","green",0,13,48800.98182340793,37518.1974162113,-2.969686100141189
"osm_way_1460207973_0_14","osm:way/1460207973","green",0,14,48826.15632827211,37560.41276036075,-2.9740993162789664
"osm_way_1460207973_0_15","osm:way/1460207973","green",0,15,48863.509860856,37592.62842739451,-2.978857286191783
"osm_way_1460207973_0_16","osm:way/1460207973","green",0,16,48908.982266376974,37611.51177436043,-2.9834524845114174
"osm_way_1460207973_0_17","osm:way/1460207973","green",0,17,48957.70148481724,37614.84119572642,-2.9873811944014506
"osm_way_1460207973_0_18","osm:way/1460207973","green",0,18,49005.60751788315,37601.506006093,-2.9902665052787825
"osm_way_1460207973_0_19","osm:way/1460207973","green",0,19,49046.20457880011,37572.617652767294,-2.991676140504751
"osm_way_1460207974_0_0","osm:way/1460207974","green",0,0,46663.9708556387,37691.660208118534,-2.820256435131796
"osm_way_1460207974_0_1","osm:way/1460207974","green",0,1,46664.66668834933,37689.438204740436,-2.8201757369913594
"osm_way_1460207974_0_2","osm:way/1460207974","green",0,2,46663.03928591534,37639.444318100286,-2.8170987342406306
"osm_way_1460207974_0_3","osm:way/1460207974","green",0,3,46645.17253018031,37593.8954585014,-2.8131021093258823
"osm_way_1460207974_0_4","osm:way/1460207974","green",0,4,46613.50252532935,37555.013412779525,-2.8084951611617726
"osm_way_1460207974_0_5","osm:way/1460207974","green",0,5,46571.27766167288,37529.46382274865,-2.8039087753683134
"osm_way_1460207974_0_6","osm:way/1460207974","green",0,6,46522.558004298,37519.468363709675,-2.7997695435715286
"osm_way_1460207974_0_7","osm:way/1460207974","green",0,7,46473.839413112,37525.026589430374,-2.7965510837447027
"osm_way_1460207974_0_8","osm:way/1460207974","green",0,8,46429.18179911138,37546.138222464295,-2.7945487511004785
"osm_way_1460207974_0_9","osm:way/1460207974","green",0,9,46394.2688884684,37580.58091954299,-2.7940447779428723
"osm_way_1460207974_0_10","osm:way/1460207974","green",0,10,46372.348384807476,37625.02152720618,-2.7950784479514823
"osm_way_1460207974_0_11","osm:way/1460207974","green",0,11,46365.855783658626,37672.79401362197,-2.7974326248397574
"osm_way_1460207974_0_12","osm:way/1460207974","green",0,12,46369.30800150708,37691.68039952057,-2.7988012678548557
"osm_way_1460207974_0_13","osm:way/1460207974","green",0,13,46663.9708556387,37691.660208118534,-2.820256435131796
"osm_way_1460207975_0_0","osm:way/1460207975","green",0,0,47824.98735225863,37644.91834081152,-2.903354576460515
"osm_way_1460207975_0_1","osm:way/1460207975","green",0,1,47854.21592129528,37604.92108231119,-2.9031792877361795
"osm_way_1460207975_0_2","osm:way/1460207975","green",0,2,47868.82824599422,37557.1480089463,-2.90145355293987
"osm_way_1460207975_0_3","osm:way/1460207975","green",0,3,47867.20083351419,37508.26510275946,-2.898449452268892
"osm_way_1460207975_0_4","osm:way/1460207975","green",0,4,47850.14590499581,37461.60523981997,-2.8944239495700685
"osm_way_1460207975_0_5","osm:way/1460207975","green",0,5,47818.475915575254,37423.83422792244,-2.8898307459343187
"osm_way_1460207975_0_6","osm:way/1460207975","green",0,6,47775.4390319486,37398.28476995815,-2.8851090556571535
"osm_way_1460207975_0_7","osm:way/1460207975","green",0,7,47727.53134901854,37388.28934011591,-2.8809408381221147
"osm_way_1460207975_0_8","osm:way/1460207975","green",0,8,47678.00079431788,37393.84770933472,-2.8775688115985076
"osm_way_1460207975_0_9","osm:way/1460207975","green",0,9,47633.34322638178,37414.95942165745,-2.875477878924926
"osm_way_1460207975_0_10","osm:way/1460207975","green",0,10,47598.43038361683,37449.40218075263,-2.8749009412820214
"osm_way_1460207975_0_11","osm:way/1460207975","green",0,11,47576.509885229294,37492.73184956112,-2.8758187299928295
"osm_way_1460207975_0_12","osm:way/1460207975","green",0,12,47570.01744796589,37541.615325469254,-2.878216363779984
"osm_way_1460207975_0_13","osm:way/1460207975","green",0,13,47579.76466856335,37590.497663203336,-2.881827078221022
"osm_way_1460207975_0_14","osm:way/1460207975","green",0,14,47604.127117059,37632.713109556586,-2.8861364499590536
"osm_way_1460207975_0_15","osm:way/1460207975","green",0,15,47641.48059573437,37664.92884372589,-2.8908264797053107
"osm_way_1460207975_0_16","osm:way/1460207975","green",0,16,47686.95297224618,37683.81227245706,-2.8953369694420417
"osm_way_1460207975_0_17","osm:way/1460207975","green",0,17,47736.48409477359,37686.03074677172,-2.899167612531528
"osm_way_1460207975_0_18","osm:way/1460207975","green",0,18,47784.39015675785,37672.69564326287,-2.901959913529595
"osm_way_1460207975_0_19","osm:way/1460207975","green",0,19,47824.98735225863,37644.91834081152,-2.903354576460515
"osm_way_1460207979_0_0","osm:way/1460207979","road",0,0,43267.31999989571,37539.68124770209,-2.572189406743064
"osm_way_1460207979_0_1","osm:way/1460207979","road",0,1,43473.8718847137,37691.87200234871,-2.5952061573377705
"osm_way_1460207979_1_0","osm:way/1460207979","road",1,0,44741.05373376907,37691.78966747721,-2.6826943088650523
"osm_way_1460207979_1_1","osm:way/1460207979","road",1,1,45105.63248961315,37287.36964096356,-2.684513876300798
"osm_way_1460207980_0_0","osm:way/1460207980","road",0,0,44135.31012769436,37238.55039966226,-2.6138805349603444
"osm_way_1460207980_0_1","osm:way/1460207980","road",0,1,44092.2469131527,36805.27187352279,-2.585707001193782
"osm_way_1460207981_0_0","osm:way/1460207981","road",0,0,43267.31999989571,37539.68124770209,-2.572189406743064
"osm_way_1460207981_0_1","osm:way/1460207981","road",0,1,43223.44222549349,37057.519699292774,-2.5409666132844677
"osm_way_1460207982_0_0","osm:way/1460207982","road",0,0,45105.63248961315,37287.36964096356,-2.684513876300798
"osm_way_1460207982_0_1","osm:way/1460207982","road",0,1,45074.74771970032,36844.091568167634,-2.656522010960316
"osm_way_1460207983_0_0","osm:way/1460207983","road",0,0,43223.44222549349,37057.519699292774,-2.5409666132844677
"osm_way_1460207983_0_1","osm:way/1460207983","road",0,1,43199.05978059546,36696.45348008911,-2.5183996894469374
"osm_way_1460207984_0_0","osm:way/1460207984","road",0,0,45074.74771970032,36844.091568167634,-2.656522010960316
"osm_way_1460207984_0_1","osm:way/1460207984","road",0,1,45044.683374988774,36527.46490173684,-2.636153293988741
"osm_way_1460207985_0_0","osm:way/1460207985","road",0,0,43267.31999989571,37539.68124770209,-2.572189406743064
"osm_way_1460207985_0_1","osm:way/1460207985","road",0,1,43282.3952630084,37691.8842377808,-2.582204918400066
"osm_way_1460207986_0_0","osm:way/1460207986","road",0,0,45105.63248961315,37287.36964096356,-2.684513876300798
"osm_way_1460207986_0_1","osm:way/1460207986","road",0,1,45146.953896624305,37691.762793970425,-2.711249808990601
"osm_way_1460207987_0_0","osm:way/1460207987","green",0,0,46127.25005029907,37691.696890534295,-2.7812780935164483
"osm_way_1460207987_0_1","osm:way/1460207987","green",0,1,46198.57608783999,37508.3807122108,-2.7756040890267286
"osm_way_1460207987_0_2","osm:way/1460207987","green",0,2,46464.895511257484,37348.38173975849,-2.785511531808993
"osm_way_1460207987_0_3","osm:way/1460207987","green",0,3,46782.387006527584,37439.46010941699,-2.8140338673409815
"osm_way_1460207987_0_4","osm:way/1460207987","green",0,4,46952.10792371419,37678.3086072834,-2.8405786181309622
"osm_way_1460207987_0_5","osm:way/1460207987","green",0,5,47327.241071283934,37634.954425360826,-2.865695699392745
"osm_way_1460207987_0_6","osm:way/1460207987","green",0,6,47440.08908468995,37382.75459991844,-2.8592049199488656
"osm_way_1460207987_0_7","osm:way/1460207987","green",0,7,47684.484248401364,37217.20179163657,-2.8677000087213855
"osm_way_1460207987_0_8","osm:way/1460207987","green",0,8,47967.06122190582,37317.16988112988,-2.8947082355983866
"osm_way_1460207987_0_9","osm:way/1460207987","green",0,9,48119.72970302471,37539.354626001375,-2.91925412336127
"osm_way_1460207987_0_10","osm:way/1460207987","green",0,10,48528.966534085484,37503.77420602506,-2.9481142029339935
"osm_way_1460207987_0_11","osm:way/1460207987","green",0,11,48651.55794918652,37252.68445964002,-2.942694635444809
"osm_way_1460207987_0_12","osm:way/1460207987","green",0,12,48912.19553927696,37130.45817720821,-2.9554562917098792
"osm_way_1460207987_0_13","osm:way/1460207987","green",0,13,49221.565905525924,37200.427414201615,-2.983303846693275
"osm_way_1460207987_0_14","osm:way/1460207987","green",0,14,49365.30320325167,37425.94546023947,-3.0076146344356403
"osm_way_1460207987_0_15","osm:way/1460207987","green",0,15,49975.09652053152,37348.13239964233,-3.0504576654351467
"osm_way_1460207987_0_16","osm:way/1460207987","green",0,16,50262.53385565873,37287.00740184421,-3.069425280025939
"osm_way_1460207987_0_17","osm:way/1460207987","green",0,17,50515.86274823499,37157.004200530726,-3.0818055301438108
"osm_way_1460207987_0_18","osm:way/1460207987","green",0,18,50733.46042184221,36974.78762125312,-3.0884391104791575
"osm_way_1460207987_0_19","osm:way/1460207987","green",0,19,50907.209618421766,36774.79861706741,-3.090676178925378
"osm_way_1460207987_0_20","osm:way/1460207987","green",0,20,51020.86555201539,36488.15782163585,-3.083248140245587
"osm_way_1460207987_0_21","osm:way/1460207987","green",0,21,51055.759205397364,36201.5229339371,-3.069669804065711
"osm_way_1460207987_0_22","osm:way/1460207987","green",0,22,51046.80460552985,35898.22667526399,-3.0517775655738433
"osm_way_1460207987_0_23","osm:way/1460207987","green",0,23,50367.18366546068,35993.821529383174,-3.0032299725775147
"osm_way_1460207987_0_24","osm:way/1460207987","green",0,24,50376.138622362865,36306.00561857795,-3.0216652673175304
"osm_way_1460207987_0_25","osm:way/1460207987","green",0,25,50280.34407065906,36565.98151806589,-3.0289994930711828
"osm_way_1460207987_0_26","osm:way/1460207987","green",0,26,50062.74837271495,36774.86141932644,-3.0239431719451204
"osm_way_1460207987_0_27","osm:way/1460207987","green",0,27,49740.39788094156,36861.54138078463,-3.0037764257485833
"osm_way_1460207987_0_28","osm:way/1460207987","green",0,28,45275.33625617161,37278.47052169275,-2.695997651073867
"osm_way_1460207987_0_29","osm:way/1460207987","green",0,29,45319.95895127358,37691.75126608852,-2.7234992126977886
"osm_way_1460207987_0_30","osm:way/1460207987","green",0,30,46127.25005029907,37691.696890534295,-2.7812780935164483
"osm_way_1460207988_0_0","osm:way/1460207988","green",0,0,43102.5722349733,37691.89567936736,-2.5700472112305306
"osm_way_1460207988_0_1","osm:way/1460207988","green",0,1,43079.748922574996,37491.921133884396,-2.5566980241023884
"osm_way_1460207988_0_2","osm:way/1460207988","green",0,2,41023.28189089958,37692.02451835947,-2.4331442798313674
"osm_way_1460207988_0_3","osm:way/1460207988","green",0,3,43102.5722349733,37691.89567936736,-2.5700472112305306
"osm_way_1460207990_0_0","osm:way/1460207990","road",0,0,50337.1181255889,35693.85975973402,-2.9839693919882393
"osm_way_1460207990_0_1","osm:way/1460207990","road",0,1,51037.85160067126,35616.03899265347,-3.0352105251409967
"osm_way_1460207991_0_0","osm:way/1460207991","road",0,0,49607.17769906354,36107.19722627357,-2.9501810435590414
"osm_way_1460207991_0_1","osm:way/1460207991","road",0,1,50337.1181255889,35693.85975973402,-2.9839693919882393
"osm_way_1460207992_0_0","osm:way/1460207992","road",0,0,51037.85160067126,35616.03899265347,-3.0352105251409967
"osm_way_1460207992_0_1","osm:way/1460207992","road",0,1,51502.30061597843,35564.898936725855,-3.0696266567844077
"osm_way_1460207995_0_0","osm:way/1460207995","road",0,0,40633.440416912046,37692.047965129954,-2.408229992948918
"osm_way_1460207995_0_1","osm:way/1460207995","road",0,1,40553.6235647195,36708.83742759926,-2.34569790172543
"osm_way_1466525110_0_0","osm:way/1466525110","road",0,0,49937.10717420982,17634.94291140812,-2.1960982434109155
"osm_way_1466525110_0_1","osm:way/1466525110","road",0,1,51276.02097404726,17545.964846428044,-2.2997067823638417
"osm_way_1466525110_0_2","osm:way/1466525110","road",0,2,52516.6878301966,17462.546638744912,-2.3982021326233394
"osm_way_1466525111_0_0","osm:way/1466525111","road",0,0,52442.746102975274,16770.41299454677,-2.3735164636704553
"osm_way_1466525111_0_1","osm:way/1466525111","road",0,1,54966.289784059474,16499.66995176264,-2.578591412193987
"osm_way_1466525113_0_0","osm:way/1466525113","green",0,0,52546.60535429848,15848.29312212692,-2.3584247053278773
"osm_way_1466525113_0_1","osm:way/1466525113","green",0,1,52608.36126344702,16457.10435097505,-2.378956527454079
"osm_way_1466525113_0_2","osm:way/1466525113","green",0,2,54966.26836323285,16235.121399568132,-2.571787326945696
"osm_way_1466525113_0_3","osm:way/1466525113","green",0,3,54966.119938587646,14402.07110485768,-2.5276617286365877
"osm_way_1466525113_0_4","osm:way/1466525113","green",0,4,54489.47463909246,14058.35415402098,-2.4791432987257167
"osm_way_1466525113_0_5","osm:way/1466525113","green",0,5,52546.60535429848,15848.29312212692,-2.3584247053278773
"osm_way_1466525114_0_0","osm:way/1466525114","road",0,0,52330.61487438774,15719.436344392881,-2.3374995897839312
"osm_way_1466525114_0_1","osm:way/1466525114","road",0,1,54435.05344459778,13806.166477262588,-2.4689839242725498
"osm_way_1466525114_0_2","osm:way/1466525114","road",0,2,54966.03255728522,13322.911477968939,-2.504152523339087
"osm_way_1466525115_0_0","osm:way/1466525115","road",0,0,51735.83694954749,10135.705599704019,-2.175653520508547
"osm_way_1466525115_0_1","osm:way/1466525115","road",0,1,54112.39435746202,9877.773359549068,-2.3684890103595535
"osm_way_1466525115_0_2","osm:way/1466525115","road",0,2,54530.55126868874,9912.180222108207,-2.4045814492417605
"osm_way_1466525115_0_3","osm:way/1466525115","road",0,3,54965.763667991654,10002.137930130139,-2.44328729233132
"osm_way_1466525116_0_0","osm:way/1466525116","green",0,0,52212.63538224689,12524.272241776287,-2.2569605141192994
"osm_way_1466525116_0_1","osm:way/1466525116","green",0,1,52488.91191397821,15272.810912099732,-2.3396138170653558
"osm_way_1466525116_0_2","osm:way/1466525116","green",0,2,54060.74410381566,13827.304975456314,-2.4376568364019136
"osm_way_1466525116_0_3","osm:way/1466525116","green",0,3,52212.63538224689,12524.272241776287,-2.2569605141192994
"osm_way_1466525117_0_0","osm:way/1466525117","green",0,0,51989.99069106976,10310.109763562079,-2.1990879827548326
"osm_way_1466525117_0_1","osm:way/1466525117","green",0,1,52157.3801563105,11972.12032785828,-2.2418222823148426
"osm_way_1466525117_0_2","osm:way/1466525117","green",0,2,54383.06290193561,13488.430888282175,-2.457743721383565
"osm_way_1466525117_0_3","osm:way/1466525117","green",0,3,54966.00452549936,12976.718758670835,-2.496998434470754
"osm_way_1466525117_0_4","osm:way/1466525117","green",0,4,54965.77792210725,10178.175477168583,-2.4460789876336264
"osm_way_1466525117_0_5","osm:way/1466525117","green",0,5,54931.674176491775,10155.452113354022,-2.4427825450970886
"osm_way_1466525117_0_6","osm:way/1466525117","green",0,6,54556.545538785016,10059.938238389444,-2.4091188220452864
"osm_way_1466525117_0_7","osm:way/1466525117","green",0,7,54042.580472801776,10051.091525705011,-2.365292208403247
"osm_way_1466525117_0_8","osm:way/1466525117","green",0,8,51989.99069106976,10310.109763562079,-2.1990879827548326
"osm_way_1466525118_0_0","osm:way/1466525118","green",0,0,54966.05970311788,13658.16209041857,-2.5112599229473176
"osm_way_1466525118_0_1","osm:way/1466525118","green",0,1,54801.24528017344,13810.580925923497,-2.500388733059822
"osm_way_1466525118_0_2","osm:way/1466525118","green",0,2,54966.0813194179,13925.123860093225,-2.517045907457316
"osm_way_1466525118_0_3","osm:way/1466525118","green",0,3,54966.05970311788,13658.16209041857,-2.5112599229473176
"osm_way_1466525119_0_0","osm:way/1466525119","green",0,0,51698.27969373712,7410.478804710318,-2.1350528576796535
"osm_way_1466525119_0_1","osm:way/1466525119","green",0,1,51948.54951242519,9895.718056379932,-2.189139799862261
"osm_way_1466525119_0_2","osm:way/1466525119","green",0,2,53885.845901120694,9695.590950621994,-2.3465378484530675
"osm_way_1466525119_0_3","osm:way/1466525119","green",0,3,54495.6200339043,9695.542271286427,-2.398263988406768
"osm_way_1466525119_0_4","osm:way/1466525119","green",0,4,54965.74726189556,9799.523835795017,-2.440134310545261
"osm_way_1466525119_0_5","osm:way/1466525119","green",0,5,54965.52613233026,7068.596604376745,-2.4039312059372264
"osm_way_1466525119_0_6","osm:way/1466525119","green",0,6,53707.831871769005,7204.7918005343145,-2.2984810395783484
"osm_way_1466525119_0_7","osm:way/1466525119","green",0,7,51698.27969373712,7410.478804710318,-2.1350528576796535
"osm_way_1466525188_0_0","osm:way/1466525188","green",0,0,54964.093440562196,-10624.698620716166,-2.4532301653550803
"osm_way_1466525188_0_1","osm:way/1466525188","green",0,1,53495.331863448904,-10481.9681318536,-2.3261797516710203
"osm_way_1466525188_0_2","osm:way/1466525188","green",0,2,53998.028694559944,-9036.624803871391,-2.346314266602434
"osm_way_1466525188_0_3","osm:way/1466525188","green",0,3,54964.21374312197,-9139.019725732891,-2.4301765192632274
"osm_way_1466525188_0_4","osm:way/1466525188","green",0,4,54964.093440562196,-10624.698620716166,-2.4532301653550803
"osm_way_1466525193_0_0","osm:way/1466525193","road",0,0,52573.126108940676,-8654.336322542264,-2.2221470658777775
"osm_way_1466525193_0_1","osm:way/1466525193","road",0,1,53105.746808982214,-8703.260840208202,-2.266869405899996
"osm_way_1466525193_0_2","osm:way/1466525193","road",0,2,54964.23563360994,-8868.682341880864,-2.426354444624934
"osm_way_1466525197_0_0","osm:way/1466525197","road",0,0,51720.399187216324,-11317.286477009424,-2.194314212088244
"osm_way_1466525197_0_1","osm:way/1466525197","road",0,1,52119.04530244085,-11431.747765386322,-2.228759316922435
"osm_way_1469186747_0_0","osm:way/1469186747","road",0,0,27103.61608799384,28207.19431626219,-1.199945721177187
"osm_way_1469186747_0_1","osm:way/1469186747","road",0,1,24947.838516701893,28407.252990062047,-1.1210150968736343
"osm_way_1469186747_0_2","osm:way/1469186747","road",0,2,23718.517160104544,28527.282669866334,-1.079557030428191
"osm_way_1469186748_0_0","osm:way/1469186748","road",0,0,34450.974312949984,24780.605229180022,-1.4113102167755187
"osm_way_1469186748_0_1","osm:way/1469186748","road",0,1,33952.42958234073,24848.400003859213,-1.3872615816694633
"osm_way_1469186749_0_0","osm:way/1469186749","road",0,0,32051.569808753924,23929.71362946515,-1.2538618786138045
"osm_way_1469186749_0_1","osm:way/1469186749","road",0,1,32075.142666518535,24476.313682304473,-1.2758281625181667
"osm_way_1469186750_0_0","osm:way/1469186750","road",0,0,33562.63213497819,23777.436616914,-1.325757445938791
"osm_way_1469186750_0_1","osm:way/1469186750","road",0,1,33621.1200732284,24309.5921766305,-1.3489335937961755
"osm_way_1469186751_0_0","osm:way/1469186751","road",0,0,30252.2598327085,24109.774634642163,-1.1729133244344325
"osm_way_1469186751_0_1","osm:way/1469186751","road",0,1,30313.99421545355,24667.482825042203,-1.197207895398833
"osm_way_1469186752_0_0","osm:way/1469186752","road",0,0,26949.191949881937,24440.985239180158,-1.0376617982927883
"osm_way_1469186752_0_1","osm:way/1469186752","road",0,1,27003.61695451009,25024.24651093846,-1.0626225453108873
"osm_way_1469186753_0_0","osm:way/1469186753","road",0,0,28642.94839169081,24270.93625407335,-1.104853452713428
"osm_way_1469186753_0_1","osm:way/1469186753","road",0,1,28703.058048328046,24840.865415581804,-1.1295376000262536
"osm_way_1469186754_0_0","osm:way/1469186754","road",0,0,26340.250678219716,25320.903691497922,-1.0466572685629671
"osm_way_1469186754_0_1","osm:way/1469186754","road",0,1,26828.24123699819,25260.891770921284,-1.0645804370497558
"osm_way_1469186755_0_0","osm:way/1469186755","road",0,0,26522.20896085763,27301.770278581625,-1.1360642791913733
"osm_way_1469186755_0_1","osm:way/1469186755","road",0,1,27012.636662406374,27237.314220494904,-1.1538526054067688
"osm_way_1469186756_0_0","osm:way/1469186756","road",0,0,26730.16233328035,29559.26922558948,-1.2455606899521854
"osm_way_1469186756_0_1","osm:way/1469186756","road",0,1,27223.839539069217,29494.812889235334,-1.2634184379578528
"osm_way_1469186757_0_0","osm:way/1469186757","road",0,0,26922.683374812583,31661.231741767104,-1.3547249983020038
"osm_way_1469186757_0_1","osm:way/1469186757","road",0,1,27421.23448408162,31610.106805037056,-1.3733898178372783
"osm_way_1469186758_0_0","osm:way/1469186758","road",0,0,27786.661241918602,32529.981597995244,-1.4355250736286962
"osm_way_1469186758_0_1","osm:way/1469186758","road",0,1,27716.804512868795,31875.61850674083,-1.3993858893911693
"osm_way_1469186759_0_0","osm:way/1469186759","road",0,0,29169.45249414167,32404.38309272919,-1.490762610885099
"osm_way_1469186759_0_1","osm:way/1469186759","road",0,1,29132.88545939257,31750.01871444572,-1.4561186136347715
"osm_way_1469186760_0_0","osm:way/1469186760","road",0,0,33795.073114228595,37692.42284710668,-2.0098844245495684
"osm_way_1469186760_0_1","osm:way/1469186760","road",0,1,36151.908671500016,37440.10947598341,-2.124023917406248
"osm_way_1469186760_0_2","osm:way/1469186760","road",0,2,37551.7560791947,37243.39042151493,-2.1932374108786235
"osm_way_1469186761_0_0","osm:way/1469186761","road",0,0,33044.35751293379,35527.1641480036,-1.8460794351000231
"osm_way_1469186761_0_1","osm:way/1469186761","road",0,1,33058.98479325549,35766.023658133585,-1.860212494790403
"osm_way_1469186761_0_2","osm:way/1469186761","road",0,2,33178.43875583899,37692.45326528956,-1.9775623896208572
"osm_way_1469186762_0_0","osm:way/1469186762","road",0,0,33058.98479325549,35766.023658133585,-1.860212494790403
"osm_way_1469186762_0_1","osm:way/1469186762","road",0,1,35978.85448210881,35518.12713812121,-2.004108619934186
"osm_way_1469186764_0_0","osm:way/1469186764","green",0,0,30932.011372351917,27079.38807634019,-1.3248700088553278
"osm_way_1469186764_0_1","osm:way/1469186764","green",0,1,33833.981189538164,26832.612539256963,-1.4615263067781825
"osm_way_1469186764_0_2","osm:way/1469186764","green",0,2,33602.462703367135,24670.66094238564,-1.3618435058901923
"osm_way_1469186764_0_3","osm:way/1469186764","green",0,3,32278.15117375283,24827.37309892469,-1.2996492571687668
"osm_way_1469186764_0_4","osm:way/1469186764","green",0,4,32296.04337379747,25435.07719416866,-1.3245462245947692
"osm_way_1469186764_0_5","osm:way/1469186764","green",0,5,30815.019305988142,25574.01828483317,-1.2569554684887407
"osm_way_1469186764_0_6","osm:way/1469186764","green",0,6,30780.078664966244,25000.75524215683,-1.2324974799426514
"osm_way_1469186764_0_7","osm:way/1469186764","green",0,7,27138.417263234278,25365.311369787883,-1.0818345868628398
"osm_way_1469186764_0_8","osm:way/1469186764","green",0,8,27382.917062210527,27778.345632700642,-1.19299769794452
"osm_way_1469186764_0_9","osm:way/1469186764","green",0,9,27577.799855701636,28017.197995148083,-1.2118492210504428
"osm_way_1469186764_0_10","osm:way/1469186764","green",0,10,28224.93822630305,27947.179787798894,-1.2370361278414066
"osm_way_1469186764_0_11","osm:way/1469186764","green",0,11,28352.466178830917,29107.035405059174,-1.294662892416909
"osm_way_1469186764_0_12","osm:way/1469186764","green",0,12,27706.138688550236,29177.053699471526,-1.2695097180312587
"osm_way_1469186764_0_13","osm:way/1469186764","green",0,13,27574.61140132857,29480.356018781316,-1.2777936388374656
"osm_way_1469186764_0_14","osm:way/1469186764","green",0,14,27801.237243554635,31563.43027894495,-1.3874981942365139
"osm_way_1469186764_0_15","osm:way/1469186764","green",0,15,30030.913422833917,31355.582443687206,-1.4781520091929679
"osm_way_1469186764_0_16","osm:way/1469186764","green",0,16,30117.83748334795,32317.685406925488,-1.5303637045207097
"osm_way_1469186764_0_17","osm:way/1469186764","green",0,17,31358.526546829456,32074.32508072155,-1.5777530639809356
"osm_way_1469186764_0_18","osm:way/1469186764","green",0,18,30932.011372351917,27079.38807634019,-1.3248700088553278
"osm_way_1469186768_0_0","osm:way/1469186768","green",0,0,35155.52314708806,35843.68676488686,-1.9765174726245505
"osm_way_1469186768_0_1","osm:way/1469186768","green",0,1,33812.51323222258,35972.62840959012,-1.9112943133734461
"osm_way_1469186768_0_2","osm:way/1469186768","green",0,2,33934.378966983066,37344.679863304125,-1.9967728811934649
"osm_way_1469186768_0_3","osm:way/1469186768","green",0,3,35136.1069637343,37222.411174041066,-2.0545781872641555
"osm_way_1469186768_0_4","osm:way/1469186768","green",0,4,35284.693294818644,37097.97395890908,-2.05550357944162
"osm_way_1469186768_0_5","osm:way/1469186768","green",0,5,35155.52314708806,35843.68676488686,-1.9765174726245505
"osm_way_1469186770_0_0","osm:way/1469186770","road",0,0,29853.105301050287,31685.55070825044,-1.486157413941669
"osm_way_1469186770_0_1","osm:way/1469186770","road",0,1,30708.960093991125,32397.64932746465,-1.562571156259196
"osm_way_1469186771_0_0","osm:way/1469186771","green",0,0,27668.191989774074,34477.530548310824,-1.5328899204888558
"osm_way_1469186771_0_1","osm:way/1469186771","green",0,1,27816.048136546884,36330.635447054585,-1.6423792717972674
"osm_way_1469186771_0_2","osm:way/1469186771","green",0,2,30158.605452710715,36125.00452951715,-1.7369730522375448
"osm_way_1469186771_0_3","osm:way/1469186771","green",0,3,30048.905574714525,34263.01062423988,-1.628855323605194
"osm_way_1469186771_0_4","osm:way/1469186771","green",0,4,27668.191989774074,34477.530548310824,-1.5328899204888558
"osm_way_1470064487_0_0","osm:way/1470064487","road",0,0,31259.377938670645,12541.114219583125,-0.8883509998952377
"osm_way_1470064487_0_1","osm:way/1470064487","road",0,1,31206.552883917084,11494.575190815389,-0.8660097078603712
"osm_way_1470064487_0_2","osm:way/1470064487","road",0,2,31182.984645013486,11023.521513667754,-0.856527039408661
"osm_way_1470064487_0_3","osm:way/1470064487","road",0,3,31098.475456378357,9577.031741817857,-0.8290008152314954
"osm_way_1470064487_0_4","osm:way/1470064487","road",0,4,31061.908703936388,8942.664839265239,-0.8179934926609178
"osm_way_1470064487_0_5","osm:way/1470064487","road",0,5,31013.978606361452,8392.732795233871,-0.808176463407051
"osm_way_1470064489_0_0","osm:way/1470064489","road",0,0,33003.67072639086,320.2704315192718,-0.8526245850146275
"osm_way_1470064489_0_1","osm:way/1470064489","road",0,1,33042.664047908154,736.88543324869,-0.8549862306940437
"osm_way_1470064490_0_0","osm:way/1470064490","road",0,0,34872.74376809334,143.53141721299954,-0.9518575049519362
"osm_way_1470064490_0_1","osm:way/1470064490","road",0,1,34910.11423497666,557.9244394878057,-0.9541268927624635
"osm_way_1470064491_0_0","osm:way/1470064491","road",0,0,36408.9229484665,-2.0874116990883747,-1.0375474818799417
"osm_way_1470064491_0_1","osm:way/1470064491","road",0,1,36456.85002274566,421.1927873306978,-1.0404202619124892
"osm_way_1470064492_0_0","osm:way/1470064492","road",0,0,38254.448083023744,-177.72349738130276,-1.1454221370739148
"osm_way_1470064492_0_1","osm:way/1470064492","road",0,1,38295.88154160634,258.88867975265777,-1.1479325858393175
"osm_way_1470064493_0_0","osm:way/1470064493","road",0,0,40010.65972034192,-343.3605253646431,-1.2530714075804195
"osm_way_1470064493_0_1","osm:way/1470064493","road",0,1,40059.40239696383,104.36089844891731,-1.2560420834415886
"osm_way_1470064494_0_0","osm:way/1470064494","road",0,0,41911.394461122676,-523.4537247712482,-1.3750691176971586
"osm_way_1470064494_0_1","osm:way/1470064494","road",0,1,41961.76300983928,-63.511774006584375,-1.3781635624806887
"osm_way_1470064495_0_0","osm:way/1470064495","road",0,0,43465.43309769212,-671.3115844607315,-1.4790550016163806
"osm_way_1470064495_0_1","osm:way/1470064495","road",0,1,43494.69401588915,-184.70491326945893,-1.4807192740146524
"osm_way_1470064496_0_0","osm:way/1470064496","road",0,0,45159.15467265,-361.459172933203,-1.5962900866045793
"osm_way_1470064496_0_1","osm:way/1470064496","road",0,1,44805.17872058084,75.17879887406755,-1.5712669139431978
"osm_way_1470064497_0_0","osm:way/1470064497","road",0,0,46006.05455431766,361.7308994931754,-1.6567204882985243
"osm_way_1470064497_0_1","osm:way/1470064497","road",0,1,45662.629043575,725.0440242750894,-1.6323902788733413
"osm_way_1470064498_0_0","osm:way/1470064498","road",0,0,46606.18383249756,1917.0597022700322,-1.7030060837056382
"osm_way_1470064498_0_1","osm:way/1470064498","road",0,1,46110.092852971255,1983.752284514913,-1.6672098080654507
"osm_way_1470064499_0_0","osm:way/1470064499","road",0,0,46775.18476845735,3620.177901470677,-1.7227659523271655
"osm_way_1470064499_0_1","osm:way/1470064499","road",0,1,46288.025063418885,3703.5346715062487,-1.6877606125586198
"osm_way_1470064500_0_0","osm:way/1470064500","road",0,0,46948.24980768676,5374.400733981492,-1.7478553197843638
"osm_way_1470064500_0_1","osm:way/1470064500","road",0,1,46466.77095546499,5435.537670906232,-1.7131708987523808
"osm_way_1470064501_0_0","osm:way/1470064501","road",0,0,47137.56608834956,7293.04713129802,-1.7808875838227323
"osm_way_1470064501_0_1","osm:way/1470064501","road",0,1,46647.15379070332,7344.1860099267005,-1.7454768021522682
"osm_way_1470064502_0_0","osm:way/1470064502","road",0,0,47306.569847807,8998.387009843707,-1.8152033198006734
"osm_way_1470064502_0_1","osm:way/1470064502","road",0,1,46806.41432405264,9069.52428956593,-1.7793705862587217
"osm_way_1470064503_0_0","osm:way/1470064503","road",0,0,46904.82632929559,11474.785357529885,-1.8254034537399377
"osm_way_1470064503_0_1","osm:way/1470064503","road",0,1,46579.235982114275,11508.137123339095,-1.8021823519568159
"osm_way_1470064504_0_0","osm:way/1470064504","road",0,0,47013.71318795901,12706.852642946618,-1.856810204920123
"osm_way_1470064504_0_1","osm:way/1470064504","road",0,1,46676.756132279974,12757.980892868243,-1.8331234753915737
"osm_way_1470064505_0_0","osm:way/1470064505","road",0,0,47124.22573887864,13958.917380945893,-1.891178431006324
"osm_way_1470064505_0_1","osm:way/1470064505","road",0,1,46773.46369118161,13993.381963773845,-1.8661564474896863
"osm_way_1470064506_0_0","osm:way/1470064506","road",0,0,47092.66864007791,15532.064628774298,-1.9252932341018436
"osm_way_1470064506_0_1","osm:way/1470064506","road",0,1,46872.60977159511,15262.112172342784,-1.902578814386402
"osm_way_1470064507_0_0","osm:way/1470064507","road",0,0,43641.06130374753,15843.369183914343,-1.6878431858060594
"osm_way_1470064507_0_1","osm:way/1470064507","road",0,1,43614.24816655981,15554.51659319589,-1.6788881251400767
"osm_way_1470064508_0_0","osm:way/1470064508","road",0,0,45425.731859917105,15682.160272939494,-1.8082642867270238
"osm_way_1470064508_0_1","osm:way/1470064508","road",0,1,45396.48217472047,15394.418892968422,-1.7991612014554903
"osm_way_1470064509_0_0","osm:way/1470064509","road",0,0,38909.00069124801,16269.161535139161,-1.3928379486756626
"osm_way_1470064509_0_1","osm:way/1470064509","road",0,1,38877.31710823358,15968.088279079364,-1.383285139118584
"osm_way_1470064510_0_0","osm:way/1470064510","road",0,0,40502.05264063238,16125.752176283766,-1.4882042817134788
"osm_way_1470064510_0_1","osm:way/1470064510","road",0,1,40476.052387247546,15830.233545773828,-1.4791385215616515
"osm_way_1470064512_0_0","osm:way/1470064512","road",0,0,33318.69687813862,16741.624644387353,-1.0890564094566457
"osm_way_1470064512_0_1","osm:way/1470064512","road",0,1,33293.511032315655,16432.773964344866,-1.0796951921690834
"osm_way_1470064513_0_0","osm:way/1470064513","road",0,0,34867.90562240906,16602.67457213922,-1.1680972099185283
"osm_way_1470064513_0_1","osm:way/1470064513","road",0,1,34833.788171797554,16306.045166523265,-1.1585681711522966
"osm_way_1470064514_0_0","osm:way/1470064514","road",0,0,30596.21269585606,16986.167997731587,-0.9593405071754546
"osm_way_1470064514_0_1","osm:way/1470064514","road",0,1,30565.343473722674,16657.319867801845,-0.9491723915601824
"osm_way_1470064515_0_0","osm:way/1470064515","road",0,0,26465.666345810332,14050.026400808954,-0.7032827481523896
"osm_way_1470064515_0_1","osm:way/1470064515","road",0,1,26675.96167547261,14025.57664970509,-0.7114903495306635
"osm_way_1470064516_0_0","osm:way/1470064516","road",0,0,26616.75915459204,15815.364762414598,-0.7509731420597632
"osm_way_1470064516_0_1","osm:way/1470064516","road",0,1,27009.744879585207,15779.797939541288,-0.7665854304960362
"osm_way_1470064517_0_0","osm:way/1470064517","road",0,0,27064.206758913195,17304.05774380724,-0.8085014210863051
"osm_way_1470064517_0_1","osm:way/1470064517","road",0,1,27070.688118254202,16945.21155760168,-0.7991222291408917
"osm_way_1470064518_0_0","osm:way/1470064518","road",0,0,28766.06565549857,17150.67278001287,-0.8787183325409842
"osm_way_1470064518_0_1","osm:way/1470064518","road",0,1,28735.196748160077,16808.492830250158,-0.8682014775459379
"osm_way_1470070402_0_0","osm:way/1470070402","road",0,0,41714.36382006387,-12302.035847585279,-1.4808339250251379
"osm_way_1470070402_0_1","osm:way/1470070402","road",0,1,41823.064579491765,-10921.096123864058,-1.462750553097436
"osm_way_1470070402_0_2","osm:way/1470070402","road",0,2,44105.37765589172,-11042.337250750308,-1.618340960685316
"osm_way_1470070402_0_3","osm:way/1470070402","road",0,3,44132.1983326691,-10624.611041551443,-1.6130839384480566
"osm_way_1470070402_0_4","osm:way/1470070402","road",0,4,44305.31484570559,-7921.611459313224,-1.5856899158961824
"osm_way_1470070402_0_5","osm:way/1470070402","road",0,5,44332.135986319736,-7500.552342951343,-1.5824499285209015
"osm_way_1470070408_0_0","osm:way/1470070408","road",0,0,34828.62554633082,-5188.0519004777125,-0.9705766534175098
"osm_way_1470070408_0_1","osm:way/1470070408","road",0,1,34157.95620186248,-5460.207552584373,-0.9366399225623212
"osm_way_1470070408_0_2","osm:way/1470070408","road",0,2,33808.62248700049,-9539.703253051986,-0.9661221803284548
"osm_way_1470070408_0_3","osm:way/1470070408","road",0,3,33269.46850274578,-10248.480947231044,-0.9488325290760713
"osm_way_1470070408_0_4","osm:way/1470070408","road",0,4,32920.32088254442,-10651.749152179877,-0.9373649624592417
"osm_way_1470070408_0_5","osm:way/1470070408","road",0,5,32720.516955763334,-12110.454400389077,-0.9531806733839687
"osm_way_1470070409_0_0","osm:way/1470070409","road",0,0,24438.994288397767,-9415.982624748303,-0.5371178092872242
"osm_way_1470070409_0_1","osm:way/1470070409","road",0,1,24508.034654409992,-8679.406326151777,-0.5292934008465977
"osm_way_1470070409_0_2","osm:way/1470070409","road",0,2,24664.79780041956,-6997.3904903726325,-0.5146143644331858
"osm_way_1470070409_0_3","osm:way/1470070409","road",0,3,24697.287637050333,-6649.6553934600925,-0.5121420731043713
"osm_way_1470070410_0_0","osm:way/1470070410","road",0,0,24697.287637050333,-6649.6553934600925,-0.5121420731043713
"osm_way_1470070410_0_1","osm:way/1470070410","road",0,1,25115.44767451388,-6215.278135959223,-0.5240558143487561
"osm_way_1470070410_0_2","osm:way/1470070410","road",0,2,25358.31397816284,-3563.381507249101,-0.5132811232165579
"osm_way_1470070415_0_0","osm:way/1470070415","road",0,0,26430.571842380425,-11436.92730236107,-0.6495158394557166
"osm_way_1470070415_0_1","osm:way/1470070415","road",0,1,26343.742969137766,-12301.26528830282,-0.6620458946450469
"osm_way_1470070416_0_0","osm:way/1470070416","road",0,0,28111.247510301615,-11621.41727379011,-0.724604701496645
"osm_way_1470070416_0_1","osm:way/1470070416","road",0,1,28054.39928648708,-12301.333834242358,-0.734882074939236
"osm_way_1470070417_0_0","osm:way/1470070417","road",0,0,29962.425490650458,-11823.694569269077,-0.8124732473667962
"osm_way_1470070417_0_1","osm:way/1470070417","road",0,1,29924.39618824425,-12301.413697093474,-0.819743484118618
"osm_way_1470070418_0_0","osm:way/1470070418","road",0,0,31597.631776761948,-12002.636275432296,-0.8946108909498207
"osm_way_1470070418_0_1","osm:way/1470070418","road",0,1,31578.165574820592,-12301.488617984856,-0.8993536198801166
"osm_way_1470070427_0_0","osm:way/1470070427","green",0,0,29886.266364457726,-8150.796023939817,-0.751278658660226
"osm_way_1470070427_0_1","osm:way/1470070427","green",0,1,29723.816451657087,-9618.391570559841,-0.7641832596398501
"osm_way_1470070427_0_2","osm:way/1470070427","green",0,2,25995.463383800932,-9270.50225528196,-0.5964239080654465
"osm_way_1470070427_0_3","osm:way/1470070427","green",0,3,26112.437613456503,-7795.127223986762,-0.58141716973239
"osm_way_1470070427_0_4","osm:way/1470070427","green",0,4,29886.266364457726,-8150.796023939817,-0.751278658660226
"osm_way_1470070434_0_0","osm:way/1470070434","road",0,0,23398.818348094104,-12253.385303666686,-0.546466856341965
"osm_way_1470070434_0_1","osm:way/1470070434","road",0,1,24140.91614933968,-12256.744226338953,-0.5741443870192597
"osm_way_1470070435_0_0","osm:way/1470070435","road",0,0,23556.394820021236,-10428.052907488745,-0.5197378357237881
"osm_way_1470070435_0_1","osm:way/1470070435","road",0,1,24322.848997497014,-10525.84605454699,-0.5500701962368737
"osm_way_1470070436_0_0","osm:way/1470070436","road",0,0,23713.159900717692,-8611.6084002545,-0.4983719248656371
"osm_way_1470070436_0_1","osm:way/1470070436","road",0,1,24508.034654409992,-8679.406326151777,-0.5292934008465977
"osm_way_1470070437_0_0","osm:way/1470070437","road",0,0,23857.74199089841,-6934.035868888512,-0.4832704646396735
"osm_way_1470070437_0_1","osm:way/1470070437","road",0,1,24664.79780041956,-6997.3904903726325,-0.5146143644331858
"osm_way_1479355932_0_0","osm:way/1479355932","road",0,0,35160.256825918535,1822.2049310443026,-0.9702093781484677
"osm_way_1479355932_0_1","osm:way/1479355932","road",0,1,35048.14317440151,545.6965643162748,-0.9616742837128989
"osm_way_1479355933_0_0","osm:way/1479355933","road",0,0,34383.02860026519,-12301.624898872902,-1.0441642300968113
"osm_way_1479355933_0_1","osm:way/1479355933","road",0,1,34475.14767515809,-10849.580529441675,-1.0227233419882964
"osm_way_1479355933_0_2","osm:way/1479355933","road",0,2,34505.21318497362,-10371.861262436036,-1.0163833894495156
"osm_way_1479355933_0_3","osm:way/1479355933","road",0,3,34801.00801847428,-5419.134011807356,-0.9709968096718313
"osm_way_1479355934_0_0","osm:way/1479355934","road",0,0,36011.63601922225,-4700.394072507858,-1.0323824371639034
"osm_way_1479355934_0_1","osm:way/1479355934","road",0,1,35617.924813606114,-12301.68857389602,-1.1118246268402743
"osm_way_1479803758_0_0","osm:way/1479803758","road",0,0,-46268.531820818636,27431.806976604366,-2.2666607736084643
"osm_way_1479803758_0_1","osm:way/1479803758","road",0,1,-46114.37223167457,29122.725845059038,-2.330629801949158
"osm_way_1479803758_0_2","osm:way/1479803758","road",0,2,-45892.86835702643,31559.11533246309,-2.4308094313312267
"osm_way_1479803758_0_3","osm:way/1479803758","road",0,3,-46529.46347214101,31648.706218535448,-2.481307757349782
"osm_way_1494145842_0_0","osm:way/1494145842","building",0,0,21813.036490376686,35307.64435313352,-1.3516307177923181
"osm_way_1494145842_0_1","osm:way/1494145842","building",0,1,21856.09154292798,35932.01247960118,-1.3880407641693182
"osm_way_1494145842_0_2","osm:way/1494145842","building",0,2,22602.30034467501,35880.883066860406,-1.4111226911467156
"osm_way_1494145842_0_3","osm:way/1494145842","building",0,3,22559.244608937734,35256.51498697739,-1.3747124736539718
"osm_way_1494145842_0_4","osm:way/1494145842","building",0,4,21813.036490376686,35307.64435313352,-1.3516307177923181
"osm_way_1496519407_0_0","osm:way/1496519407","road",0,0,24341.06732429693,22044.704231815376,-0.8454615010919042
"osm_way_1496519407_0_1","osm:way/1496519407","road",0,1,24380.056296305756,22453.54274188642,-0.8612386266023009
"osm_way_1496519408_0_0","osm:way/1496519408","road",0,0,21464.30011141653,22755.82721770321,-0.7673496127026169
"osm_way_1496519408_0_1","osm:way/1496519408","road",0,1,21424.491096088128,22035.914723929618,-0.74068416388684
"osm_way_1496519409_0_0","osm:way/1496519409","green",0,0,21424.491096088128,22035.914723929618,-0.74068416388684
"osm_way_1496519409_0_1","osm:way/1496519409","green",0,1,19044.63137540178,22312.61918916027,-0.6749412714256664
"osm_way_1496519409_0_2","osm:way/1496519409","green",0,2,18749.905567619648,22941.4409458382,-0.6885754843608538
"osm_way_1496519409_0_3","osm:way/1496519409","green",0,3,21464.30011141653,22755.82721770321,-0.7673496127026169
"osm_way_1496519409_0_4","osm:way/1496519409","green",0,4,21424.491096088128,22035.914723929618,-0.74068416388684
"osm_way_1496519411_0_0","osm:way/1496519411","green",0,0,10744.705854271364,20881.86160860543,-0.43287652447361324
"osm_way_1496519411_0_1","osm:way/1496519411","green",0,1,10795.055490250692,21380.68994675683,-0.4502849371036177
"osm_way_1496519411_0_2","osm:way/1496519411","green",0,2,20981.108331306146,20410.56771190982,-0.671776723973494
"osm_way_1496519411_0_3","osm:way/1496519411","green",0,3,20825.19941814152,20015.064327116652,-0.6541162574450254
"osm_way_1496519411_0_4","osm:way/1496519411","green",0,4,10744.705854271364,20881.86160860543,-0.43287652447361324
"osm_way_1502919397_0_0","osm:way/1502919397","road",0,0,-42443.54520587054,-8202.570066269458,-1.46283822662312
"osm_way_1502919397_0_1","osm:way/1502919397","road",0,1,-37851.25388812009,-8661.132597045316,-1.1803038826244006
"osm_way_1502919397_0_2","osm:way/1502919397","road",0,2,-36424.69318114969,-8733.268153812869,-1.0983558226975276
"osm_way_1502919398_0_0","osm:way/1502919398","road",0,0,-46526.75823308731,-7819.70069938665,-1.7423605030423062
"osm_way_1502919398_0_1","osm:way/1502919398","road",0,1,-42443.54520587054,-8202.570066269458,-1.46283822662312
"osm_way_1502919398_0_2","osm:way/1502919398","road",0,2,-42128.535899960756,-7899.253298868882,-1.438150119616921
"osm_way_1502919398_0_3","osm:way/1502919398","road",0,3,-41964.60285024841,-6661.613057183888,-1.4132047758920407
"osm_way_1502919398_0_4","osm:way/1502919398","road",0,4,-42062.87254277189,-6239.4473019020415,-1.4153896728576143
"osm_way_1531901075_0_0","osm:way/1531901075","road",0,0,36137.20017867256,20443.259412032392,-1.3503969230214352
"osm_way_1531901075_0_1","osm:way/1531901075","road",0,1,36216.81712852245,21279.82163262335,-1.382322548836612
"osm_way_1540195386_0_0","osm:way/1540195386","road",0,0,8596.36343211954,37693.209637789565,-1.173849082141487
"osm_way_1540195386_0_1","osm:way/1540195386","road",0,1,8242.382701826784,32963.78160589875,-0.9066981000160013
"osm_way_1540195387_0_0","osm:way/1540195387","road",0,0,8242.382701826784,32963.78160589875,-0.9066981000160013
"osm_way_1540195387_0_1","osm:way/1540195387","road",0,1,8265.925582889015,32597.158636409655,-0.8881220712396498
"osm_way_1540195387_0_2","osm:way/1540195387","road",0,2,8282.973791812692,32326.079837270925,-0.8745188224764888
"osm_way_1540195388_0_0","osm:way/1540195388","road",0,0,9155.865185757097,33549.25521069148,-0.949725865137907
"osm_way_1540195388_0_1","osm:way/1540195388","road",0,1,9556.98173173171,33503.69959173645,-0.953201383899227
"osm_way_1540195388_0_2","osm:way/1540195388","road",0,2,9904.50777277753,33464.810386672114,-0.956449337783738
"osm_way_1540195389_0_0","osm:way/1540195389","plaza",0,0,9833.838134328927,31562.817364548016,-0.8582062974738847
"osm_way_1540195389_0_1","osm:way/1540195389","plaza",0,1,9904.50777277753,33464.810386672114,-0.956449337783738
"osm_way_1540195389_0_2","osm:way/1540195389","plaza",0,2,10357.606978084128,34479.12636224034,-1.017768478092762
"osm_way_1540195389_0_3","osm:way/1540195389","plaza",0,3,10470.49794674783,36155.59010514991,-1.1126241451137275
"osm_way_1540195389_0_4","osm:way/1540195389","plaza",0,4,10018.225025235526,36197.81408565056,-1.1077709134326597
"osm_way_1540195389_0_5","osm:way/1540195389","plaza",0,5,10160.249543578742,37693.18803242645,-1.1968067092936963
"osm_way_1540195389_0_6","osm:way/1540195389","plaza",0,6,12143.554566644565,37693.15545084558,-1.23142754773653
"osm_way_1540195389_0_7","osm:way/1540195389","plaza",0,7,11982.396542966213,35563.41394843291,-1.10583387797476
"osm_way_1540195389_0_8","osm:way/1540195389","plaza",0,8,11750.98234465683,35577.86070491172,-1.102342251368782
"osm_way_1540195389_0_9","osm:way/1540195389","plaza",0,9,11637.28263507316,34269.130826816174,-1.0284584253383855
"osm_way_1540195389_0_10","osm:way/1540195389","plaza",0,10,11838.6531683517,34254.684633390614,-1.0313809746293146
"osm_way_1540195389_0_11","osm:way/1540195389","plaza",0,11,11840.273212285341,34030.267088762484,-1.019373851141836
"osm_way_1540195389_0_12","osm:way/1540195389","plaza",0,12,11843.512153120719,33515.884305907384,-0.9921423334589008
"osm_way_1540195389_0_13","osm:way/1540195389","plaza",0,13,11628.303006455497,31475.021747183553,-0.8840028664366173
"osm_way_1540195389_0_14","osm:way/1540195389","plaza",0,14,10532.94870818153,31528.3665635202,-0.8676433710633091
"osm_way_1540195389_0_15","osm:way/1540195389","plaza",0,15,9833.838134328927,31562.817364548016,-0.8582062974738847
"osm_way_1548084020_0_0","osm:way/1548084020","road",0,0,38646.24942074376,21941.830573132094,-1.5471504173362405
"osm_way_1548084020_0_1","osm:way/1548084020","road",0,1,50269.44845268103,21011.18073013378,-2.3246539988249992
"osm_way_1551761761_0_0","osm:way/1551761761","green",0,0,24693.437060055818,21418.099900013338,-0.8375930332448434
"osm_way_1551761761_0_1","osm:way/1551761761","green",0,1,24759.23196340926,22126.901481791312,-0.8643839002843379
"osm_way_1551761761_0_2","osm:way/1551761761","green",0,2,35801.082768141874,21107.64209062005,-1.353155729196942
"osm_way_1551761761_0_3","osm:way/1551761761","green",0,3,35734.46435499111,20396.619654204715,-1.3262456594517857
"osm_way_1551761761_0_4","osm:way/1551761761","green",0,4,24693.437060055818,21418.099900013338,-0.8375930332448434
"osm_way_1551761762_0_0","osm:way/1551761762","green",0,0,29328.395709490764,27677.16537676946,-1.2749456205369825
"osm_way_1551761762_0_1","osm:way/1551761762","green",0,1,29412.881184153037,28611.494144285472,-1.320140537720249
"osm_way_1551761762_0_2","osm:way/1551761762","green",0,2,30072.19995681091,28551.472449912682,-1.3481425262142466
"osm_way_1551761762_0_3","osm:way/1551761762","green",0,3,29987.71363134863,27618.254741532597,-1.3029965609348437
"osm_way_1551761762_0_4","osm:way/1551761762","green",0,4,29328.395709490764,27677.16537676946,-1.2749456205369825
"osm_node_254854106_0_0","osm:node/254854106","poi",0,0,53576.11141935666,4859.52701383664,-2.265195747762405
"osm_node_480727777_0_0","osm:node/480727777","poi",0,0,26758.89264640292,16856.345671429055,-0.7836261672863998
"osm_node_639146617_0_0","osm:node/639146617","poi",0,0,2073.7657646616944,24929.236337897833,-0.4915232459921981
"osm_node_643561620_0_0","osm:node/643561620","poi",0,0,20921.966078259204,24661.171399430048,-0.8203231680212753
"osm_node_643561648_0_0","osm:node/643561648","poi",0,0,21223.31035047288,27998.5397829073,-0.9683098487784036
"osm_node_872245378_0_0","osm:node/872245378","poi",0,0,24367.980653223964,2727.014539102126,-0.47060411555630566
"osm_node_872245383_0_0","osm:node/872245383","poi",0,0,46306.14883109809,-4372.168648632469,-1.693315570715015
"osm_node_1078772612_0_0","osm:node/1078772612","poi",0,0,21223.310385204986,27999.650760769975,-0.9683587326804854
"osm_node_1167673159_0_0","osm:node/1167673159","poi",0,0,-3623.6822795487496,573.2551819915086,-0.010535732863425906
"osm_node_1227674575_0_0","osm:node/1227674575","poi",0,0,-12406.926520199564,28130.96454253567,-0.7420816092633231
"osm_node_1281348255_0_0","osm:node/1281348255","poi",0,0,31393.238511301926,-7429.838972374947,-0.8147343331678769
"osm_node_1281357429_0_0","osm:node/1281357429","poi",0,0,47379.549624348,7628.5457237067985,-1.8027213472855408
"osm_node_1281357430_0_0","osm:node/1281357430","poi",0,0,36990.78763688827,-5412.583940026681,-1.0939870743928992
"osm_node_1281362066_0_0","osm:node/1281362066","poi",0,0,46878.181139019485,1878.1567294438105,-1.7227921338319518
"osm_node_1282360390_0_0","osm:node/1282360390","poi",0,0,51717.999392535174,-188.61457284254445,-2.093541418751166
"osm_node_1282360393_0_0","osm:node/1282360393","poi",0,0,54762.075211156174,1313.1894675081273,-2.3485654710159842
"osm_node_1524551533_0_0","osm:node/1524551533","poi",0,0,46531.354566370734,9.514939710748093,-1.694664468470524
"osm_node_1524553318_0_0","osm:node/1524553318","poi",0,0,40546.31593973121,-4069.6140151944674,-1.2997618498900465
"osm_node_1524560769_0_0","osm:node/1524560769","poi",0,0,34407.74201872672,-11162.873074260282,-1.0245062581894615
"osm_node_1782466287_0_0","osm:node/1782466287","poi",0,0,43232.23292191429,-3406.525617705678,-1.471991529106731
"osm_node_1870228320_0_0","osm:node/1870228320","poi",0,0,-15020.776623717324,-3437.5334704749016,-0.18587642015575057
"osm_node_2186433238_0_0","osm:node/2186433238","poi",0,0,35876.2785238483,15112.800358562516,-1.1868158433230747
"osm_node_2203534008_0_0","osm:node/2203534008","poi",0,0,41384.229558423496,-4091.8841526859937,-1.3536371763340327
"osm_node_2203539758_0_0","osm:node/2203539758","poi",0,0,47264.73546850266,2894.6751282800747,-1.7550863223670277
"osm_node_2496491539_0_0","osm:node/2496491539","poi",0,0,45910.97457827102,-868.1157646712986,-1.6503693307921452
"osm_node_2496491543_0_0","osm:node/2496491543","poi",0,0,45781.86911141143,-979.2048872986383,-1.6412650475014168
"osm_node_2497766858_0_0","osm:node/2497766858","poi",0,0,21433.6756782708,30048.287388869274,-1.0687922115778292
"osm_node_2497767769_0_0","osm:node/2497767769","poi",0,0,35240.98241750897,24079.53757287625,-1.4274967805889105
"osm_node_2498472966_0_0","osm:node/2498472966","poi",0,0,25587.53038139338,24638.792010469086,-0.9892959139136792
"osm_node_2641610365_0_0","osm:node/2641610365","poi",0,0,-15254.519391981808,28503.08412359532,-0.8202872463215272
"osm_node_2641610366_0_0","osm:node/2641610366","poi",0,0,51717.04474428093,-2061.7241288973773,-2.0967751085979813
"osm_node_2641610525_0_0","osm:node/2641610525","poi",0,0,24834.763137426675,438.38216416425155,-0.48288990189577774
"osm_node_3161814855_0_0","osm:node/3161814855","poi",0,0,-35462.12569972365,29598.864432741026,-1.6724512075541043
"osm_node_3161814856_0_0","osm:node/3161814856","poi",0,0,-31609.023075244113,23394.242989482347,-1.2119064331301388
"osm_node_3469332801_0_0","osm:node/3469332801","poi",0,0,-30767.26391286739,28900.28836333447,-1.3969819183131449
"osm_node_3506445040_0_0","osm:node/3506445040","poi",0,0,-21186.97062031217,34374.44283637256,-1.2794814037164315
"osm_node_3524895785_0_0","osm:node/3524895785","poi",0,0,-42480.785610205654,28990.75658762946,-2.072642042156758
"osm_node_3906146420_0_0","osm:node/3906146420","poi",0,0,54761.36374390414,-7505.757510029358,-2.3914016104313873
"osm_node_3933544652_0_0","osm:node/3933544652","poi",0,0,-35634.81406706675,24608.342530470298,-1.4695678379752053
"osm_node_4031234537_0_0","osm:node/4031234537","poi",0,0,-17125.33253791853,-2513.2492272979484,-0.23450776150930608
"osm_node_4357557000_0_0","osm:node/4357557000","poi",0,0,-39688.15787566429,24650.33481282594,-1.7101569659345728
"osm_node_4357580793_0_0","osm:node/4357580793","poi",0,0,-10862.455647426652,21829.523993634048,-0.4666615334159019
"osm_node_4422057291_0_0","osm:node/4422057291","poi",0,0,28031.28955027324,18272.79139479253,-0.8772765582520492
"osm_node_4481407696_0_0","osm:node/4481407696","poi",0,0,47288.2313861923,2171.42657777272,-1.7539471397284956
"osm_node_4481407801_0_0","osm:node/4481407801","poi",0,0,-36507.50422050113,21357.57452375959,-1.401472891943456
"osm_node_4513826304_0_0","osm:node/4513826304","poi",0,0,-14411.695372621005,28644.19673364107,-0.8070517583178116
"osm_node_4524879470_0_0","osm:node/4524879470","poi",0,0,-12268.337024157629,-2539.8075501984695,-0.12287195879157053
"osm_node_4524884057_0_0","osm:node/4524884057","poi",0,0,27146.2478341608,-2168.0617145030037,-0.5804745537174583
"osm_node_4526603857_0_0","osm:node/4526603857","poi",0,0,-4190.43802735858,4227.259753890288,-0.027780429456214506
"osm_node_4526609942_0_0","osm:node/4526609942","poi",0,0,3763.314788724742,-3204.0722318854614,-0.019148882283737123
"osm_node_4529743043_0_0","osm:node/4529743043","poi",0,0,-17905.03430855956,6744.513392837788,-0.2866551261988093
"osm_node_4529751070_0_0","osm:node/4529751070","poi",0,0,-3028.621921663359,20899.71553697067,-0.3502807693976706
"osm_node_4564891991_0_0","osm:node/4564891991","poi",0,0,-17762.242415507055,10971.789383150286,-0.34149564405581145
"osm_node_4564896089_0_0","osm:node/4564896089","poi",0,0,-17363.80383529168,19940.726162547428,-0.54832103275686
"osm_node_4564896090_0_0","osm:node/4564896090","poi",0,0,-11563.674354363577,3146.192267974274,-0.11243601403041481
"osm_node_4566654593_0_0","osm:node/4566654593","poi",0,0,-17505.6417996635,10038.574343906128,-0.3190112619549268
"osm_node_4566732289_0_0","osm:node/4566732289","poi",0,0,-17964.43008958025,11419.508280486883,-0.35502403610649935
"osm_node_4572484191_0_0","osm:node/4572484191","poi",0,0,10113.6880663109,12655.078398548203,-0.20585644723638552
"osm_node_4572484192_0_0","osm:node/4572484192","poi",0,0,9714.14051677787,8000.085478256069,-0.12413117879717106
"osm_node_4572488090_0_0","osm:node/4572488090","poi",0,0,10479.133409791319,16959.002187370366,-0.3118630508907927
"osm_node_4572490990_0_0","osm:node/4572490990","poi",0,0,2979.8218940065963,2163.068376253178,-0.010625041285194925
"osm_node_4572493290_0_0","osm:node/4572493290","poi",0,0,13166.214692458732,33013.69796590758,-0.9917906914154173
"osm_node_4572501792_0_0","osm:node/4572501792","poi",0,0,-17873.39576353478,7783.278915936267,-0.29762302912317296
"osm_node_4572501795_0_0","osm:node/4572501795","poi",0,0,-17706.593546579297,25377.84367203096,-0.7512775318801346
"osm_node_4572503191_0_0","osm:node/4572503191","poi",0,0,-17595.907772667884,15421.261298666434,-0.42913683748224685
"osm_node_4572503689_0_0","osm:node/4572503689","poi",0,0,-10878.397888422922,3293.9637162163167,-0.10114651870836155
"osm_node_4572561789_0_0","osm:node/4572561789","poi",0,0,-16506.589166050402,28866.344606001996,-0.8677826223305374
"osm_node_4590203793_0_0","osm:node/4590203793","poi",0,0,-4995.073833081274,4261.6946381233565,-0.03379497572595369
"osm_node_4590243891_0_0","osm:node/4590243891","poi",0,0,24998.675887808524,19802.726653153895,-0.7971615140917265
"osm_node_4590243892_0_0","osm:node/4590243892","poi",0,0,52538.80813839604,20013.35059546685,-2.4751091311728146
"osm_node_4590243895_0_0","osm:node/4590243895","poi",0,0,-5439.132507653241,-4997.202852480576,-0.042770560589033835
"osm_node_4590270689_0_0","osm:node/4590270689","poi",0,0,7311.015704814326,30279.66979406088,-0.7620208317320021
"osm_node_4893734723_0_0","osm:node/4893734723","poi",0,0,-7741.335274469366,27933.279713866228,-0.6597999687556921
"osm_node_4893734724_0_0","osm:node/4893734724","poi",0,0,-32454.865035905863,1672.3575914193113,-0.826623308931218
"osm_node_4893734729_0_0","osm:node/4893734729","poi",0,0,-14297.395001757099,-994.4762509499577,-0.16077172333082146
"osm_node_4893792822_0_0","osm:node/4893792822","poi",0,0,-17554.889238242977,-846.7925487692456,-0.24176940705373795
"osm_node_4895446738_0_0","osm:node/4895446738","poi",0,0,-30566.040283775335,32133.243052344296,-1.5423142382388733
"osm_node_4941273560_0_0","osm:node/4941273560","poi",0,0,-33242.45421831356,1823.4125374498112,-0.8675366921011118
"osm_node_4992189125_0_0","osm:node/4992189125","poi",0,0,35563.781313074345,17133.686007797354,-1.2205301064284413
"osm_node_5023497436_0_0","osm:node/5023497436","poi",0,0,32931.440929240285,17731.525031616096,-1.0957806784347213
"osm_node_5023667121_0_0","osm:node/5023667121","poi",0,0,21731.724059225122,31733.631329039952,-1.1606503361605292
"osm_node_5378050298_0_0","osm:node/5378050298","poi",0,0,1508.6276224068172,21080.81003659695,-0.350854482879015
"osm_node_5591477023_0_0","osm:node/5591477023","poi",0,0,-35295.12817329719,34772.69693616177,-1.9248092145090823
"osm_node_5627444128_0_0","osm:node/5627444128","poi",0,0,-29631.9141212679,5438.703275542219,-0.7104797225089499
"osm_node_5650005921_0_0","osm:node/5650005921","poi",0,0,19589.908671947032,9735.220336566099,-0.37481498980724837
"osm_node_5703702421_0_0","osm:node/5703702421","poi",0,0,-45715.35074857676,-81.52984367667123,-1.63575328475557
"osm_node_5745241821_0_0","osm:node/5745241821","poi",0,0,-5092.530898281494,7446.86870516864,-0.06385840196969639
"osm_node_5803753055_0_0","osm:node/5803753055","poi",0,0,-13582.891223637154,-964.4651601611938,-0.14513378679872346
"osm_node_5885128537_0_0","osm:node/5885128537","poi",0,0,-25377.159076353855,1000.5171699306838,-0.5048417070526057
"osm_node_6010598549_0_0","osm:node/6010598549","poi",0,0,-1952.7042372631136,-2298.6171694838495,-0.007134716481793646
"osm_node_6092855050_0_0","osm:node/6092855050","poi",0,0,-4153.125698781463,10283.202572152508,-0.09656156011246253
"osm_node_6204814886_0_0","osm:node/6204814886","poi",0,0,-35357.4464025403,30852.05293537806,-1.726155017365727
"osm_node_6536737014_0_0","osm:node/6536737014","poi",0,0,46008.62013961964,-9702.623406384706,-1.7307492875346497
"osm_node_6722708885_0_0","osm:node/6722708885","poi",0,0,11448.897536675313,33914.73211041311,-1.0060735854182212
"osm_node_6761298985_0_0","osm:node/6761298985","poi",0,0,26585.103492605354,-4644.410504387168,-0.570126683988903
"osm_node_6966446771_0_0","osm:node/6966446771","poi",0,0,-17562.935940402513,-3655.3462644483275,-0.25192275887278015
"osm_node_7217483585_0_0","osm:node/7217483585","poi",0,0,32464.95547940354,-8045.37149572829,-0.8757823808004161
"osm_node_7605946997_0_0","osm:node/7605946997","poi",0,0,6109.135727282124,12705.12026873101,-0.15600555354566836
"osm_node_7610799585_0_0","osm:node/7610799585","poi",0,0,3135.8021847413056,21148.57413010849,-0.3590173140054276
"osm_node_7611701186_0_0","osm:node/7611701186","poi",0,0,4294.472273265259,20909.707511370027,-0.3578644089031968
"osm_node_7670738840_0_0","osm:node/7670738840","poi",0,0,-13769.612692909172,-2147.660952317731,-0.15202356124053296
"osm_node_7887242177_0_0","osm:node/7887242177","poi",0,0,25622.874510830963,14506.670757819276,-0.6791655558330945
"osm_node_8367023961_0_0","osm:node/8367023961","poi",0,0,-18412.30269458404,-551.2950054616822,-0.26558217400713957
"osm_node_8367023970_0_0","osm:node/8367023970","poi",0,0,11488.283710564549,10233.12404252742,-0.18555473203178963
"osm_node_8367024057_0_0","osm:node/8367024057","poi",0,0,-15754.736762696313,-4647.405668859961,-0.2112392436689703
"osm_node_8367024099_0_0","osm:node/8367024099","poi",0,0,2777.7417392817215,24902.570351030226,-0.49315259400941613
"osm_node_8620586194_0_0","osm:node/8620586194","poi",0,0,50669.70120095566,-12224.876759904611,-2.1268943222146675
"osm_node_9504452288_0_0","osm:node/9504452288","poi",0,0,-41235.84098459586,-878.9254440008386,-1.331496381141939
"osm_node_9589292817_0_0","osm:node/9589292817","poi",0,0,-35892.21619641449,24768.309797313414,-1.4901824930646512
"osm_node_9590044517_0_0","osm:node/9590044517","poi",0,0,-36248.324360425504,18295.73288620951,-1.291345363293317
"osm_node_9691529217_0_0","osm:node/9691529217","poi",0,0,38854.15912715417,-5610.442214999098,-1.206316338277702
"osm_node_9796619376_0_0","osm:node/9796619376","poi",0,0,44823.33368382467,16798.73332971467,-1.7942000874441533
"osm_node_9796619377_0_0","osm:node/9796619377","poi",0,0,39604.10587313292,17462.311826903107,-1.467166704378542
"osm_node_9796619381_0_0","osm:node/9796619381","poi",0,0,30612.93239818322,9637.04663720892,-0.806454158136205
"osm_node_9796619382_0_0","osm:node/9796619382","poi",0,0,19738.53089187424,10953.959142178172,-0.399195933493246
"osm_node_9796637604_0_0","osm:node/9796637604","poi",0,0,-19131.643122509955,-1830.0510667322687,-0.28911230442183466
"osm_node_9796637605_0_0","osm:node/9796637605","poi",0,0,-19428.725066421983,-4854.142882865139,-0.31395632081014924
"osm_node_9796637607_0_0","osm:node/9796637607","poi",0,0,-15803.44577617527,-4945.149036217968,-0.21468584747559305
"osm_node_9796637608_0_0","osm:node/9796637608","poi",0,0,-15857.022054910934,-5426.203974358954,-0.21993247464138221
"osm_node_9796637609_0_0","osm:node/9796637609","poi",0,0,1664.4662948420585,-2679.682009184397,-0.007808738905623613
"osm_node_9796637610_0_0","osm:node/9796637610","poi",0,0,-1139.1453510672743,-2168.6308387093677,-0.004709696434090915
"osm_node_9796730759_0_0","osm:node/9796730759","poi",0,0,-19213.60932929597,-3218.7764434712067,-0.29707980478086427
"osm_node_9796730760_0_0","osm:node/9796730760","poi",0,0,-2552.024092188214,27401.16063478298,-0.5948635818867842
"osm_node_9796730761_0_0","osm:node/9796730761","poi",0,0,554.5741807135769,25140.32509209422,-0.4966999608313927
"osm_node_9796730766_0_0","osm:node/9796730766","poi",0,0,29092.068881930994,7721.787012703024,-0.7092681140925094
"osm_node_9796730789_0_0","osm:node/9796730789","poi",0,0,28170.749547124076,13523.354132240462,-0.7647911562557397
"osm_node_9812836422_0_0","osm:node/9812836422","poi",0,0,6855.3981361337155,20373.08408512365,-0.3628121721618527
"osm_node_9812836423_0_0","osm:node/9812836423","poi",0,0,18089.666304127044,18761.959480686495,-0.5326277358420839
"osm_node_9812836424_0_0","osm:node/9812836424","poi",0,0,10557.092737611209,17687.802613221415,-0.33298080950316944
"osm_node_9812836425_0_0","osm:node/9812836425","poi",0,0,10458.008699786156,16063.554152831859,-0.2882899629028657
"osm_node_9812836426_0_0","osm:node/9812836426","poi",0,0,10455.557461992814,15065.895828747089,-0.2638550383849747
"osm_node_9812836427_0_0","osm:node/9812836427","poi",0,0,6268.28630616328,13545.018317289127,-0.17486534105444207
"osm_node_9812836428_0_0","osm:node/9812836428","poi",0,0,6287.782879733023,14589.33760504375,-0.19813587933583676
"osm_node_9812836429_0_0","osm:node/9812836429","poi",0,0,-2607.214499638676,21255.23025728158,-0.36019381801111194
"osm_node_9812836430_0_0","osm:node/9812836430","poi",0,0,-12.179445498946961,20939.71750233587,-0.3444162339789614
"osm_node_9812836431_0_0","osm:node/9812836431","poi",0,0,-2005.5496872643548,21279.67381816016,-0.35883825202205344
"osm_node_9812836432_0_0","osm:node/9812836432","poi",0,0,-7804.590708617667,21119.651078455205,-0.3980358713974397
"osm_node_9812836433_0_0","osm:node/9812836433","poi",0,0,-7669.789810171153,19792.033851169363,-0.3537392313148757
"osm_node_9812836434_0_0","osm:node/9812836434","poi",0,0,-3732.5831183357095,18952.167501894975,-0.2930413093665152
"osm_node_9812836435_0_0","osm:node/9812836435","poi",0,0,-3938.795596925425,14552.69302014367,-0.1784949976965322
"osm_node_9812836436_0_0","osm:node/9812836436","poi",0,0,-4058.9570498382627,13223.96243228337,-0.15025650553610603
"osm_node_9812836458_0_0","osm:node/9812836458","poi",0,0,-22446.62445010001,18111.90721367226,-0.6520350758705717
"osm_node_9812836459_0_0","osm:node/9812836459","poi",0,0,-23313.940586013923,22282.48958057608,-0.8154298391772841
"osm_node_9812836460_0_0","osm:node/9812836460","poi",0,0,-24736.561812269574,23906.689065517043,-0.9278610786083163
"osm_node_9812836461_0_0","osm:node/9812836461","poi",0,0,-26505.025885613184,23928.841878315015,-0.9996203217795596
"osm_node_9812836462_0_0","osm:node/9812836462","poi",0,0,-25296.816680815027,23851.119519244578,-0.947716416986566
"osm_node_9812836463_0_0","osm:node/9812836463","poi",0,0,-29154.47477526837,23972.06140059036,-1.116668150957878
"osm_node_9812836464_0_0","osm:node/9812836464","poi",0,0,-31570.08503008459,24175.262326824908,-1.2391640968999695
"osm_node_9812836465_0_0","osm:node/9812836465","poi",0,0,-31779.515332148032,22954.287741917375,-1.2043480696860343
"osm_node_9945481757_0_0","osm:node/9945481757","poi",0,0,34249.79672481078,-3631.541592875088,-0.9284977572594499
"osm_node_9952374374_0_0","osm:node/9952374374","poi",0,0,23880.62763408003,-2624.551114498858,-0.45176912108502165
"osm_node_9952374375_0_0","osm:node/9952374375","poi",0,0,13144.453962543961,-518.954183034934,-0.13544301714141227
"osm_node_9993110817_0_0","osm:node/9993110817","poi",0,0,-25267.381785110414,-3445.6143987495693,-0.5090295040755421
"osm_node_9994895318_0_0","osm:node/9994895318","poi",0,0,4220.409691044911,-7068.058124463421,-0.05318240284353237
"osm_node_9994947217_0_0","osm:node/9994947217","poi",0,0,3887.512227850314,-8177.923696070388,-0.06436103472253762
"osm_node_9994947417_0_0","osm:node/9994947417","poi",0,0,3978.4567426200497,-6718.0984278307005,-0.0478400831873671
"osm_node_9994957217_0_0","osm:node/9994957217","poi",0,0,-5107.9360530232325,4544.993271509201,-0.03664720171414615
"osm_node_10007910132_0_0","osm:node/10007910132","poi",0,0,-315.0436218419834,25176.987518325535,-0.49798592927885466
"osm_node_10058938217_0_0","osm:node/10058938217","poi",0,0,-16378.930504857397,21448.34784247802,-0.5713242004446784
"osm_node_10097128519_0_0","osm:node/10097128519","poi",0,0,4644.2997747677755,2120.8418508091313,-0.02041536379930875
"osm_node_10147153426_0_0","osm:node/10147153426","poi",0,0,-14795.909324123164,-1676.6276889793523,-0.17355474250262404
"osm_node_10147153429_0_0","osm:node/10147153429","poi",0,0,53946.29598080226,-6134.744741144688,-2.3073619112430777
"osm_node_10147153432_0_0","osm:node/10147153432","poi",0,0,-19108.870983330253,-3177.667283781509,-0.29373164867880774
"osm_node_10147153433_0_0","osm:node/10147153433","poi",0,0,33976.17914827182,-3550.4264139471034,-0.9134290964592395
"osm_node_10147153434_0_0","osm:node/10147153434","poi",0,0,-14052.081856598023,-6222.735799239356,-0.18496790022766163
"osm_node_10147153435_0_0","osm:node/10147153435","poi",0,0,-8820.058637158936,-1822.0619118908562,-0.06349625516097746
"osm_node_10147153437_0_0","osm:node/10147153437","poi",0,0,18340.909364403087,1564.0097934351825,-0.26521123911233957
"osm_node_10147153438_0_0","osm:node/10147153438","poi",0,0,27249.391725780493,-1468.149431700545,-0.5828667571373458
"osm_node_10147153439_0_0","osm:node/10147153439","poi",0,0,29595.003408062355,-3121.3835726886837,-0.69318710585069
"osm_node_10147153440_0_0","osm:node/10147153440","poi",0,0,44424.15902228491,-3297.726687545806,-1.5531944795686314
"osm_node_10147153441_0_0","osm:node/10147153441","poi",0,0,39592.37857712752,-2628.6186349682475,-1.2323453353591418
"osm_node_10147153442_0_0","osm:node/10147153442","poi",0,0,42371.60884798917,-2992.0763840800637,-1.4122453428015547
"osm_node_10173658139_0_0","osm:node/10173658139","poi",0,0,30077.21500563285,13457.72462499301,-0.8503166580425159
"osm_node_10173658140_0_0","osm:node/10173658140","poi",0,0,29546.19070315203,13312.20980585652,-0.8224757051962683
"osm_node_10173658141_0_0","osm:node/10173658141","poi",0,0,29223.845337499046,13320.000606940197,-0.8078110082038847
"osm_node_10173658150_0_0","osm:node/10173658150","poi",0,0,30134.073885431302,13955.440321068374,-0.8637135377952632
"osm_node_10173658151_0_0","osm:node/10173658151","poi",0,0,29709.425529023203,14045.448270221626,-0.8458029683964696
"osm_node_10175363300_0_0","osm:node/10175363300","poi",0,0,17528.605035887027,18893.06961307096,-0.5208644119363726
"osm_node_10175375420_0_0","osm:node/10175375420","poi",0,0,19003.9349238881,18804.151667802373,-0.5604167186405107
"osm_node_10213912645_0_0","osm:node/10213912645","poi",0,0,10992.32910158698,19309.823701140027,-0.3874598663159645
"osm_node_10213919935_0_0","osm:node/10213919935","poi",0,0,7370.258678395925,27411.124222640457,-0.6327114250410659
"osm_node_10213920819_0_0","osm:node/10213920819","poi",0,0,-1588.2011282587503,21556.308451938083,-0.36697231993088053
"osm_node_10213923925_0_0","osm:node/10213923925","poi",0,0,7224.087766550501,25891.307977576515,-0.5674091958042027
"osm_node_10213925640_0_0","osm:node/10213925640","poi",0,0,7305.29546945985,26895.63116663228,-0.6099755188017753
"osm_node_10213925641_0_0","osm:node/10213925641","poi",0,0,7491.256335851671,28680.970650926338,-0.6900682914277922
"osm_node_10213930506_0_0","osm:node/10213930506","poi",0,0,-1494.8335783957355,25318.08014655331,-0.5052534320384439
"osm_node_10213930603_0_0","osm:node/10213930603","poi",0,0,-546.4515114088521,21427.436638763502,-0.3608805686155847
"osm_node_10213930604_0_0","osm:node/10213930604","poi",0,0,7160.748375749461,25340.263583334792,-0.5445208802825618
"osm_node_10213930657_0_0","osm:node/10213930657","poi",0,0,-1013.3307083069393,21507.426520367175,-0.36414830345563587
"osm_node_10213930658_0_0","osm:node/10213930658","poi",0,0,6399.114116003931,24491.48402391115,-0.5032141897885367
"osm_node_10280620428_0_0","osm:node/10280620428","poi",0,0,14043.17398609247,34155.765583251494,-1.070723731956491
"osm_node_10280620429_0_0","osm:node/10280620429","poi",0,0,24332.826675299508,-3982.182855798259,-0.47587900147334494
"osm_node_10281661609_0_0","osm:node/10281661609","poi",0,0,-46140.71769289621,-1383.6253323515323,-1.6678337144940159
"osm_node_10289342610_0_0","osm:node/10289342610","poi",0,0,22016.182578899163,-10105.817414468796,-0.459601930629816
"osm_node_10289342611_0_0","osm:node/10289342611","poi",0,0,22167.292696505472,-7291.713645845917,-0.42637127890898796
"osm_node_10289342612_0_0","osm:node/10289342612","poi",0,0,19508.677023368928,8458.708672123723,-0.3540863074242395
"osm_node_10289342711_0_0","osm:node/10289342711","poi",0,0,19331.483579248157,1830.6171160067406,-0.29513008808592645
"osm_node_10289342809_0_0","osm:node/10289342809","poi",0,0,21823.701133641105,-11816.718238689362,-0.48245903147261515
"osm_node_10289342810_0_0","osm:node/10289342810","poi",0,0,22061.70553105412,-8410.465598614957,-0.4365146531057462
"osm_node_10289342811_0_0","osm:node/10289342811","poi",0,0,22361.42639379671,-4784.241513857772,-0.4093525710583634
"osm_node_10289342812_0_0","osm:node/10289342812","poi",0,0,19529.769934522057,7842.115130201796,-0.3468357533357391
"osm_node_10289342813_0_0","osm:node/10289342813","poi",0,0,19393.34135317454,7092.208706808651,-0.3338824617536318
"osm_node_10291423163_0_0","osm:node/10291423163","poi",0,0,41128.95776238725,17348.901384096687,-1.5604201305180254
"osm_node_10564988160_0_0","osm:node/10564988160","poi",0,0,-17802.797810262447,9364.202827268073,-0.31694525041885413
"osm_node_10588533125_0_0","osm:node/10588533125","poi",0,0,-397.8482977957316,-2241.9545766906585,-0.004072000944255194
"osm_node_10605599405_0_0","osm:node/10605599405","poi",0,0,-13338.455711361774,-3128.6463154667063,-0.14694138580146898
"osm_node_10696563689_0_0","osm:node/10696563689","poi",0,0,24229.109950576934,1921.560195898563,-0.462381014864377
"osm_node_10755459319_0_0","osm:node/10755459319","poi",0,0,12567.872711912778,37627.60004087342,-1.235755966260399
"osm_node_10775566811_0_0","osm:node/10775566811","poi",0,0,47145.24373253094,931.5846517316266,-1.740356527505238
"osm_node_10846021806_0_0","osm:node/10846021806","poi",0,0,210.29388643213602,6290.359381461821,-0.031115401131387443
"osm_node_10846054505_0_0","osm:node/10846054505","poi",0,0,5170.4342022960145,1723.1077905280492,-0.02325628503303534
"osm_node_10846081005_0_0","osm:node/10846081005","poi",0,0,26626.74702640471,1345.983581423345,-0.5563407469398207
"osm_node_10846116705_0_0","osm:node/10846116705","poi",0,0,3619.6063362238897,-2474.1586058372386,-0.015062885211669652
"osm_node_10961356405_0_0","osm:node/10961356405","poi",0,0,53319.739475060385,-2901.74783796936,-2.231810412020252
"osm_node_10963120707_0_0","osm:node/10963120707","poi",0,0,-37862.582995140176,5216.098421154173,-1.1434229185560696
"osm_node_10963120905_0_0","osm:node/10963120905","poi",0,0,-37504.59360970718,6628.171716949661,-1.1354426440576049
"osm_node_10976237245_0_0","osm:node/10976237245","poi",0,0,-31698.10168603049,18304.848437814646,-1.0496206371158223
"osm_node_10976237248_0_0","osm:node/10976237248","poi",0,0,43763.34470748616,-1746.7578442866197,-1.5014369383061776
"osm_node_10976237249_0_0","osm:node/10976237249","poi",0,0,21897.623370429654,-10664.63580896993,-0.4646441219598785
"osm_node_11015644366_0_0","osm:node/11015644366","poi",0,0,-29216.38147213126,28554.842756854974,-1.3085796421250961
"osm_node_11015644381_0_0","osm:node/11015644381","poi",0,0,-30223.233648587273,28705.89167066006,-1.362215314605919
"osm_node_11015644383_0_0","osm:node/11015644383","poi",0,0,-29796.13211358684,28612.588408212254,-1.3379505578171802
"osm_node_11015644386_0_0","osm:node/11015644386","poi",0,0,-25211.241037002957,-6604.124168241768,-0.5317445991586567
"osm_node_11015644388_0_0","osm:node/11015644388","poi",0,0,-13811.137064885756,3537.2146390186645,-0.15912503306942938
"osm_node_11015644389_0_0","osm:node/11015644389","poi",0,0,-17805.911757918504,4261.479481189827,-0.2624184260401563
"osm_node_11015644390_0_0","osm:node/11015644390","poi",0,0,-15876.72153911868,3686.040567115511,-0.2079665692590993
"osm_node_11015644391_0_0","osm:node/11015644391","poi",0,0,-14714.832000203478,3687.177726719079,-0.18015288916082284
"osm_node_11071687561_0_0","osm:node/11071687561","poi",0,0,53897.748903652886,36896.77531817239,-3.343049561115663
"osm_node_11111020885_0_0","osm:node/11111020885","poi",0,0,50416.395042376236,31692.111787797556,-2.778403820067865
"osm_node_11141525305_0_0","osm:node/11141525305","poi",0,0,-17389.723604278657,17481.02003866918,-0.47672412277819376
"osm_node_11148340378_0_0","osm:node/11148340378","poi",0,0,-33490.883680603896,1332.3478826793776,-0.8792953055753117
"osm_node_11187625087_0_0","osm:node/11187625087","poi",0,0,7218.825470024008,-10826.523863312535,-0.13285765509465364
"osm_node_11187625088_0_0","osm:node/11187625088","poi",0,0,8384.92741231669,3550.6350940080983,-0.06493156814606493
"osm_node_11187627068_0_0","osm:node/11187627068","poi",0,0,11176.917884345325,35928.93937656436,-1.1117599152953517
"osm_node_11187627069_0_0","osm:node/11187627069","poi",0,0,10533.721603821425,29009.779715197663,-0.7478917040231181
"osm_node_11187627070_0_0","osm:node/11187627070","poi",0,0,9003.706375424992,9505.47080334324,-0.13442283160429724
"osm_node_11187627076_0_0","osm:node/11187627076","poi",0,0,9855.579460736379,19025.43077165427,-0.36034725497984255
"osm_node_11187627077_0_0","osm:node/11187627077","poi",0,0,9464.167297665774,15648.062917408783,-0.2624434013256405
"osm_node_11187709975_0_0","osm:node/11187709975","poi",0,0,-17498.4231139116,13485.939879416896,-0.3825148580077098
"osm_node_11345957661_0_0","osm:node/11345957661","poi",0,0,33245.42298736811,12705.444628180763,-0.9918802284808237
"osm_node_11345962088_0_0","osm:node/11345962088","poi",0,0,26059.04532806798,18435.072771927316,-0.798458502887911
"osm_node_11350560653_0_0","osm:node/11350560653","poi",0,0,2581.1859625756583,9234.446917494864,-0.07219749641080853
"osm_node_11383605938_0_0","osm:node/11383605938","poi",0,0,45880.86771997645,22193.572156429356,-2.03451224630129
"osm_node_11436842569_0_0","osm:node/11436842569","poi",0,0,8809.837451705172,23912.637490978,-0.5099030115047753
"osm_node_11443113059_0_0","osm:node/11443113059","poi",0,0,27081.26308462117,-2917.969572587353,-0.5807121814781269
"osm_node_11445914369_0_0","osm:node/11445914369","poi",0,0,54729.78701424462,13732.818219227976,-2.492580277301215
"osm_node_11445914370_0_0","osm:node/11445914370","poi",0,0,54535.8099712819,14729.381238840062,-2.498270961700655
"osm_node_11445914469_0_0","osm:node/11445914469","poi",0,0,54471.65344403386,14579.404339763596,-2.489344428879292
"osm_node_11497054669_0_0","osm:node/11497054669","poi",0,0,-20124.97771248513,9540.783492713266,-0.38850341496825536
"osm_node_11497054769_0_0","osm:node/11497054769","poi",0,0,-20174.49282405634,9076.393117980813,-0.3832741989327815
"osm_node_11497054770_0_0","osm:node/11497054770","poi",0,0,-20096.5522804966,9297.480100363997,-0.3840082465814021
"osm_node_11516346360_0_0","osm:node/11516346360","poi",0,0,12376.873563805082,27582.142001349934,-0.7174810730532499
"osm_node_11520605270_0_0","osm:node/11520605270","poi",0,0,7835.072094604425,-11214.262227283984,-0.1468315126935238
"osm_node_11520618269_0_0","osm:node/11520618269","poi",0,0,8525.206485413491,-11333.14525460919,-0.1577742594562892
"osm_node_11520647069_0_0","osm:node/11520647069","poi",0,0,18606.311010347243,-2182.2166292364445,-0.27470529364954643
"osm_node_11520647369_0_0","osm:node/11520647369","poi",0,0,11066.244019608017,20932.961432777458,-0.44004398938710665
"osm_node_11520870437_0_0","osm:node/11520870437","poi",0,0,5454.632965126734,4180.589682642496,-0.03701576495558356
"osm_node_11520870444_0_0","osm:node/11520870444","poi",0,0,8553.734999689774,-2511.976116502336,-0.0622233388529736
"osm_node_11520870445_0_0","osm:node/11520870445","poi",0,0,8841.973885081385,-2360.886741111249,-0.06556967299449212
"osm_node_11520870446_0_0","osm:node/11520870446","poi",0,0,9152.944556750861,-2397.5531516795186,-0.07008644124155694
"osm_node_11520870451_0_0","osm:node/11520870451","poi",0,0,-5289.027767563563,8181.223837279714,-0.07446984404211321
"osm_node_11521901170_0_0","osm:node/11521901170","poi",0,0,-31406.568067746717,34990.63962617502,-1.7337417167652802
"osm_node_11521907269_0_0","osm:node/11521907269","poi",0,0,-24924.236728091964,4805.634815077789,-0.504363777266903
"osm_node_11521907270_0_0","osm:node/11521907270","poi",0,0,-33382.95625449622,2563.3172348987255,-0.8774130005587466
"osm_node_11521907271_0_0","osm:node/11521907271","poi",0,0,-33952.39243280376,7871.543377749774,-0.9509329583899273
"osm_node_11521907369_0_0","osm:node/11521907369","poi",0,0,-25374.866163194263,4823.39377261324,-0.5222389084920565
"osm_node_11521907469_0_0","osm:node/11521907469","poi",0,0,-25716.693977699528,4810.0491685859015,-0.5358073194184243
"osm_node_11521909369_0_0","osm:node/11521909369","poi",0,0,-33143.241101502994,15249.589612094016,-1.042436251263723
"osm_node_11521909370_0_0","osm:node/11521909370","poi",0,0,-32947.08270195698,22152.10595476089,-1.2350764550703275
"osm_node_11521910769_0_0","osm:node/11521910769","poi",0,0,-31243.022714786555,27659.304309844545,-1.3649396076289122
"osm_node_11524590469_0_0","osm:node/11524590469","poi",0,0,-2946.622109112343,22846.1493890958,-0.4167806461452983
"osm_node_11524590569_0_0","osm:node/11524590569","poi",0,0,-6316.279395464016,22980.55473696562,-0.44604894388982075
"osm_node_11524590669_0_0","osm:node/11524590669","poi",0,0,-8673.419088095596,23288.26961736107,-0.48488718727810465
"osm_node_11591523664_0_0","osm:node/11591523664","poi",0,0,35746.50976255772,17851.368261766376,-1.2504511794404038
"osm_node_11736439261_0_0","osm:node/11736439261","poi",0,0,42529.570498120054,17092.179135478582,-1.6451857930391611
"osm_node_11736439264_0_0","osm:node/11736439264","poi",0,0,-29458.172866510762,24491.985983664777,-1.1503930703170795
"osm_node_11780033470_0_0","osm:node/11780033470","poi",0,0,20178.01038593429,18151.97365062235,-0.5774907336586921
"osm_node_11780035370_0_0","osm:node/11780035370","poi",0,0,19917.230669810928,13358.110728833057,-0.45065437542888276
"osm_node_11780035371_0_0","osm:node/11780035371","poi",0,0,20199.966455703958,19266.284007996044,-0.610936217971414
"osm_node_11780255769_0_0","osm:node/11780255769","poi",0,0,14119.31951011567,25477.915780521762,-0.6659160216571536
"osm_node_11780255869_0_0","osm:node/11780255869","poi",0,0,11858.149609357333,34766.8450577109,-1.0595098278798787
"osm_node_11828994113_0_0","osm:node/11828994113","poi",0,0,20081.295193399525,15042.348779067688,-0.4933632250740061
"osm_node_11966388978_0_0","osm:node/11966388978","poi",0,0,47607.83072593512,9396.096160073685,-1.8433300245909834
"osm_node_11978312978_0_0","osm:node/11978312978","poi",0,0,23701.62031601294,32954.530049903835,-1.292737151445067
"osm_node_11991906009_0_0","osm:node/11991906009","poi",0,0,22465.49883110197,24134.51851096459,-0.8525543669435365
"osm_node_11991906019_0_0","osm:node/11991906019","poi",0,0,18766.834383357476,-10856.74132728011,-0.3682453809815911
"osm_node_11991906038_0_0","osm:node/11991906038","poi",0,0,20396.9182012688,7458.802124572498,-0.3693276890707864
"osm_node_12004363013_0_0","osm:node/12004363013","poi",0,0,46066.49499006917,-6341.917224667805,-1.6925656261875588
"osm_node_12006252929_0_0","osm:node/12006252929","poi",0,0,6958.560230884659,24555.915242099443,-0.5115454254251972
"osm_node_12063549570_0_0","osm:node/12063549570","poi",0,0,-17533.39651094356,15784.552764862849,-0.436322831373559
"osm_node_12085848293_0_0","osm:node/12085848293","poi",0,0,12092.616931030947,23832.596534199005,-0.5606082451947714
"osm_node_12093560556_0_0","osm:node/12093560556","poi",0,0,12913.811884062381,-3245.290842395956,-0.13879993757832665
"osm_node_12093560557_0_0","osm:node/12093560557","poi",0,0,14731.730046229817,-3350.8708156242515,-0.17868319397855714
"osm_node_12093560564_0_0","osm:node/12093560564","poi",0,0,12686.477623852828,-2855.3331167002616,-0.13237613122409897
"osm_node_12093991320_0_0","osm:node/12093991320","poi",0,0,4640.228186713872,382.16070997819327,-0.01696741758143716
"osm_node_12093991321_0_0","osm:node/12093991321","poi",0,0,3488.0884246914575,554.3692595408497,-0.00976422677503308
"osm_node_12100616736_0_0","osm:node/12100616736","poi",0,0,-7345.678410164561,6974.682294249882,-0.08044455896580871
"osm_node_12102810056_0_0","osm:node/12102810056","poi",0,0,-41374.0191755392,-11756.524516162488,-1.448391222190537
"osm_node_12102810062_0_0","osm:node/12102810062","poi",0,0,-42132.34251258187,1105.2269340017667,-1.3903473522532295
"osm_node_12103617573_0_0","osm:node/12103617573","poi",0,0,-39212.58117979008,627.6811717944803,-1.203801375408986
"osm_node_12103617574_0_0","osm:node/12103617574","poi",0,0,-40661.13025591955,1468.606587295605,-1.295744569490953
"osm_node_12103617575_0_0","osm:node/12103617575","poi",0,0,-37704.03252255835,1231.0279059328966,-1.113864274796228
"osm_node_12103617576_0_0","osm:node/12103617576","poi",0,0,-39063.26584031804,2041.965262327416,-1.1976191744921039
"osm_node_12103617577_0_0","osm:node/12103617577","poi",0,0,-46466.50881129884,1605.9953325625443,-1.6919703600880354
"osm_node_12104427246_0_0","osm:node/12104427246","poi",0,0,-13858.781234861255,-9217.929969514944,-0.21707225995726276
"osm_node_12104427247_0_0","osm:node/12104427247","poi",0,0,-21282.206272435644,-9955.811896911311,-0.43236410275966364
"osm_node_12104528829_0_0","osm:node/12104528829","poi",0,0,-7977.179862959936,-9430.03227393679,-0.11965731003726887
"osm_node_12105586471_0_0","osm:node/12105586471","poi",0,0,3867.2603357503144,-48.894066078957735,-0.01170763069634484
"osm_node_12105586473_0_0","osm:node/12105586473","poi",0,0,3961.448130379666,464.37741200670166,-0.012452265564810716
"osm_node_12105586475_0_0","osm:node/12105586475","poi",0,0,4288.659080706795,419.93628769788654,-0.014534328563930998
"osm_node_12105586479_0_0","osm:node/12105586479","poi",0,0,4239.127731787781,-76.67074672017398,-0.014069701354790798
"osm_node_12105586481_0_0","osm:node/12105586481","poi",0,0,3420.69448273339,-47.78069030405112,-0.009160140798630811
"osm_node_12105586482_0_0","osm:node/12105586482","poi",0,0,4576.893520216313,-132.2218604192379,-0.016409525589478058
"osm_node_12120085001_0_0","osm:node/12120085001","poi",0,0,43132.48428527164,-1530.0766699583683,-1.4579727204579562
"osm_node_12136904597_0_0","osm:node/12136904597","poi",0,0,-39807.21424173898,-8205.743277369042,-1.2931594323219997
"osm_node_12136917933_0_0","osm:node/12136917933","poi",0,0,53879.05374092317,36650.13973935295,-3.3272244182029453
"osm_node_12142323759_0_0","osm:node/12142323759","poi",0,0,-7128.802611714349,-1226.557604090224,-0.04095804872701336
"osm_node_12146116966_0_0","osm:node/12146116966","poi",0,0,4031.422548378032,25335.845468989293,-0.5169319628862468
"osm_node_12146118267_0_0","osm:node/12146118267","poi",0,0,-12721.946737243976,26808.8949851592,-0.6912238107133817
"osm_node_12157018208_0_0","osm:node/12157018208","poi",0,0,7317.361973850433,16407.998490028604,-0.2533803463222739
"osm_node_12176040034_0_0","osm:node/12176040034","poi",0,0,52754.24019414454,-7956.65584267013,-2.227974889993334
"osm_node_12176040043_0_0","osm:node/12176040043","poi",0,0,49894.41369718153,-10873.869339949084,-2.041358195816656
"osm_node_12181379276_0_0","osm:node/12181379276","poi",0,0,-6879.546433357845,-404.4310020708675,-0.037171931999901986
"osm_node_12181379300_0_0","osm:node/12181379300","poi",0,0,-1882.8723742160794,-4257.272000870688,-0.01701130266624773
"osm_node_12181416259_0_0","osm:node/12181416259","poi",0,0,8.931530820928657,16189.175239570026,-0.20586926910510783
"osm_node_12181432089_0_0","osm:node/12181432089","poi",0,0,-29199.538572213787,-4350.108635144013,-0.6821997773297284
"osm_node_12182321627_0_0","osm:node/12182321627","poi",0,0,-5950.918161119293,25630.24051402349,-0.5437149278748166
"osm_node_12182321628_0_0","osm:node/12182321628","poi",0,0,926.4539709859949,23983.796616909895,-0.4525044349762197
"osm_node_12182321629_0_0","osm:node/12182321629","poi",0,0,7867.920352184633,20818.575299715594,-0.3888946254789971
"osm_node_12182321631_0_0","osm:node/12182321631","poi",0,0,-2589.3661363730507,25143.6533140824,-0.5018385674475212
"osm_node_12182321632_0_0","osm:node/12182321632","poi",0,0,1517.5657269647254,23992.683376620902,-0.45397006829972497
"osm_node_12182321633_0_0","osm:node/12182321633","poi",0,0,1999.873745907685,23928.24540398694,-0.45287242988365506
"osm_node_12182321634_0_0","osm:node/12182321634","poi",0,0,2655.130556362725,23867.139368238528,-0.4529657161882028
"osm_node_12182321636_0_0","osm:node/12182321636","poi",0,0,-369.4449371834793,24171.55242730099,-0.4590414506097318
"osm_node_12182321637_0_0","osm:node/12182321637","poi",0,0,3626.238171357329,23051.677028989376,-0.42768667610317834
"osm_node_12182321639_0_0","osm:node/12182321639","poi",0,0,234.65839688306573,24068.23153522072,-0.4550626955790449
"osm_node_12182321640_0_0","osm:node/12182321640","poi",0,0,-9009.607108559616,25862.40120108514,-0.5889208601217888
"osm_node_12182321641_0_0","osm:node/12182321641","poi",0,0,-11158.892649656793,26094.563663832054,-0.6323239502563638
"osm_node_12182321642_0_0","osm:node/12182321642","poi",0,0,-3263.3040675399125,26067.984066863228,-0.5421082120477649
"osm_node_12187483331_0_0","osm:node/12187483331","poi",0,0,37828.340497658086,17259.10411453559,-1.3540026517389947
"osm_node_12187483430_0_0","osm:node/12187483430","poi",0,0,35976.31262522387,2877.591617637231,-1.019541972301674
"osm_node_12213699623_0_0","osm:node/12213699623","poi",0,0,-2690.0569286884106,26847.893093817835,-0.5718539573678072
"osm_node_12213723052_0_0","osm:node/12213723052","poi",0,0,5246.969291904443,29245.368478501303,-0.693372752678556
"osm_node_12213723053_0_0","osm:node/12213723053","poi",0,0,5182.809678751693,27444.47378563658,-0.6126562882684539
"osm_node_12213723054_0_0","osm:node/12213723054","poi",0,0,4990.358729423542,25558.034688012594,-0.5325857167534309
"osm_node_12213723089_0_0","osm:node/12213723089","poi",0,0,-4530.822351004639,31225.136205380324,-0.7819294410097655
"osm_node_12213757225_0_0","osm:node/12213757225","poi",0,0,2025.8676942932539,27620.025059352294,-0.602437333435546
"osm_node_12213757226_0_0","osm:node/12213757226","poi",0,0,1602.0186069454212,27528.92600246137,-0.597287488531606
"osm_node_12213757227_0_0","osm:node/12213757227","poi",0,0,3458.1881781676175,28327.712204072428,-0.6396856923089445
"osm_node_12217963970_0_0","osm:node/12217963970","poi",0,0,-19778.892104636237,2842.70551650122,-0.31254116894405826
"osm_node_12217963971_0_0","osm:node/12217963971","poi",0,0,-18693.760087249753,18588.63053360446,-0.544934445711931
"osm_node_12217963972_0_0","osm:node/12217963972","poi",0,0,-18671.845228635753,18881.92934882325,-0.5529262234318821
"osm_node_12217963974_0_0","osm:node/12217963974","poi",0,0,-18475.445713039917,22370.405775904186,-0.6602543965513519
"osm_node_12217963977_0_0","osm:node/12217963977","poi",0,0,-16976.654264838344,26187.76524613488,-0.7642676577773955
"osm_node_12217963979_0_0","osm:node/12217963979","poi",0,0,-18475.4399681899,22159.3199533537,-0.6528709923088627
"osm_node_12230832558_0_0","osm:node/12230832558","poi",0,0,-14513.289734519292,-4757.364860546992,-0.18264094252309349
"osm_node_12245925693_0_0","osm:node/12245925693","poi",0,0,8865.977639302586,32679.36342413856,-0.9003832673670331
"osm_node_12245925694_0_0","osm:node/12245925694","poi",0,0,11317.347510634852,33344.802698210995,-0.9736190982209791
"osm_node_12260945629_0_0","osm:node/12260945629","poi",0,0,-34234.64582599995,1837.8059414288814,-0.9199796626335299
"osm_node_12260945633_0_0","osm:node/12260945633","poi",0,0,-35292.9675151984,-6784.552004821959,-1.0110755730714516
"osm_node_12273067492_0_0","osm:node/12273067492","poi",0,0,-19066.278579749152,12491.572184533616,-0.4070950790350025
"osm_node_12273073105_0_0","osm:node/12273073105","poi",0,0,-19065.46079191831,12283.819286471184,-0.40302764900914667
"osm_node_12289595813_0_0","osm:node/12289595813","poi",0,0,9080.977623859575,19676.47472171721,-0.3686582273346062
"osm_node_12289595814_0_0","osm:node/12289595814","poi",0,0,9116.771041214824,24673.653352749727,-0.5432530215884412
"osm_node_12289595815_0_0","osm:node/12289595815","poi",0,0,9353.663511869187,10010.961167371554,-0.1472002204117473
"osm_node_12289595816_0_0","osm:node/12289595816","poi",0,0,8957.544974558701,18577.71905204829,-0.33389965827552714
"osm_node_12289595817_0_0","osm:node/12289595817","poi",0,0,8913.691494129402,17996.678091649585,-0.31659353500117504
"osm_node_12289595818_0_0","osm:node/12289595818","poi",0,0,9164.68322792232,25125.82074007286,-0.5616261373191378
"osm_node_12289595819_0_0","osm:node/12289595819","poi",0,0,8872.274603914577,17464.52012761868,-0.30119401823753833
"osm_node_12289595820_0_0","osm:node/12289595820","poi",0,0,9128.079130213428,20251.960721871383,-0.38737872941396745
"osm_node_12289595821_0_0","osm:node/12289595821","poi",0,0,9211.784157893546,25625.760183893526,-0.5822335256908673
"osm_node_12289595822_0_0","osm:node/12289595822","poi",0,0,9024.13424771147,19219.86349593256,-0.3539019615132588
"osm_node_12289595823_0_0","osm:node/12289595823","poi",0,0,8112.994735302831,9237.736277324273,-0.1185479931272937
"osm_node_12289595825_0_0","osm:node/12289595825","poi",0,0,8803.122482734758,7006.883328009985,-0.0992197644244186
"osm_node_12289595827_0_0","osm:node/12289595827","poi",0,0,8109.743687347304,8965.546646200206,-0.11461485320936049
"osm_node_12289595830_0_0","osm:node/12289595830","poi",0,0,8432.843928533077,4510.519780996767,-0.07164032564936917
"osm_node_12289595831_0_0","osm:node/12289595831","poi",0,0,9276.74898150248,26162.36164878151,-0.6050021839058672
"osm_node_12289595832_0_0","osm:node/12289595832","poi",0,0,8411.727948873144,4070.5726246260483,-0.06839637495339446
"osm_node_12289595834_0_0","osm:node/12289595834","poi",0,0,9282.441683663505,26814.505621017677,-0.6322226290222943
"osm_node_12289595835_0_0","osm:node/12289595835","poi",0,0,7997.676689514651,7431.286997781686,-0.09344147368040012
"osm_node_12289595836_0_0","osm:node/12289595836","poi",0,0,8747.09145524299,6484.724257887172,-0.09291642066955319
"osm_node_12289595837_0_0","osm:node/12289595837","poi",0,0,8835.606830191751,7505.712152573023,-0.1053545585371296
"osm_node_12289595839_0_0","osm:node/12289595839","poi",0,0,8917.625995636394,8458.930430928129,-0.11844777991214528
"osm_node_12289595841_0_0","osm:node/12289595841","poi",0,0,8083.7581667723325,8700.02315455493,-0.11060114518528508
"osm_node_12402408133_0_0","osm:node/12402408133","poi",0,0,-8576.040197727893,27801.063309773774,-0.6646720745067114
"osm_node_12402531786_0_0","osm:node/12402531786","poi",0,0,19817.328256237237,12259.356232684868,-0.4254379411392506
"osm_node_12402567218_0_0","osm:node/12402567218","poi",0,0,-26624.513383367484,27202.889238320033,-1.136086676538639
"osm_node_12402576737_0_0","osm:node/12402576737","poi",0,0,-11257.885366843144,22022.827726287847,-0.4801662082002167
"osm_node_12420005051_0_0","osm:node/12420005051","poi",0,0,10379.24258356787,15653.60443324724,-0.27679192751719484
"osm_node_12420005052_0_0","osm:node/12420005052","poi",0,0,10282.61970181104,15651.383947591294,-0.2751747501861246
"osm_node_12428785831_0_0","osm:node/12428785831","poi",0,0,-19927.959406718914,-8394.845902826719,-0.36618270239969775
"osm_node_12477910119_0_0","osm:node/12477910119","poi",0,0,19889.48713052572,36392.017744679826,-1.3499167075252672
"osm_node_12552968130_0_0","osm:node/12552968130","poi",0,0,31725.641055497676,-507.34754671340767,-0.7879969823151534
"osm_node_12552968131_0_0","osm:node/12552968131","poi",0,0,-6460.853879580913,27669.99134265245,-0.6340668170736308
"osm_node_12552968133_0_0","osm:node/12552968133","poi",0,0,-6884.702343831817,27626.659037317462,-0.6366119653876012
"osm_node_12552968137_0_0","osm:node/12552968137","poi",0,0,-7086.883547233244,27666.652161761383,-0.6405598415000213
"osm_node_12566976301_0_0","osm:node/12566976301","poi",0,0,-8136.372881617038,-4809.474459076775,-0.0699840745120639
"osm_node_12566976302_0_0","osm:node/12566976302","poi",0,0,-5867.076398027821,1449.801446008416,-0.028593386867825643
"osm_node_12566976303_0_0","osm:node/12566976303","poi",0,0,-7788.1559914677455,4083.911805447604,-0.06057538429686815
"osm_node_12566976304_0_0","osm:node/12566976304","poi",0,0,7569.156597223426,24279.275192467536,-0.5078765593395929
"osm_node_12566976306_0_0","osm:node/12566976306","poi",0,0,-8028.514337849422,6050.340623951358,-0.07920443657631893
"osm_node_12566976307_0_0","osm:node/12566976307","poi",0,0,-8346.63207282331,-7351.395845859272,-0.09697779494501901
"osm_node_12566976310_0_0","osm:node/12566976310","poi",0,0,-7900.944126200862,-2095.3512875723286,-0.05230828416316058
"osm_node_12595128723_0_0","osm:node/12595128723","poi",0,0,-41839.30762810086,28673.05674850478,-2.015916518215022
"osm_node_12632004488_0_0","osm:node/12632004488","poi",0,0,13345.681653560916,34028.01720656332,-1.0489295273742982
"osm_node_12632079538_0_0","osm:node/12632079538","poi",0,0,-16848.302302193868,-8975.804262127562,-0.2854630368020139
"osm_node_12877398697_0_0","osm:node/12877398697","poi",0,0,-3449.242347242791,25544.712532627433,-0.5218707469111905
"osm_node_12892288110_0_0","osm:node/12892288110","poi",0,0,6633.719017087591,19002.139363453425,-0.3180699088318306
"osm_node_12922938407_0_0","osm:node/12922938407","poi",0,0,-34676.4004757642,34787.17153537642,-1.8917145292391524
"osm_node_13013063812_0_0","osm:node/13013063812","poi",0,0,13511.116020087871,23512.60812221779,-0.5771346844468894
"osm_node_13013063817_0_0","osm:node/13013063817","poi",0,0,14509.025665798294,23667.013467217817,-0.604742243626788
"osm_node_13037843201_0_0","osm:node/13037843201","poi",0,0,-14170.413969398433,22624.92325820292,-0.5592488832320441
"osm_node_13091984740_0_0","osm:node/13091984740","poi",0,0,-45304.6788199135,26777.505986682638,-2.169716889710571
"osm_node_13092310475_0_0","osm:node/13092310475","poi",0,0,34278.17395203716,-4432.558506932587,-0.9350938045262325
"osm_node_13092310478_0_0","osm:node/13092310478","poi",0,0,2294.498904514435,-11193.112292911757,-0.10253153332158149
"osm_node_13092310479_0_0","osm:node/13092310479","poi",0,0,-8184.201347157179,-11074.283043368032,-0.14875830017686553
"osm_node_13092310480_0_0","osm:node/13092310480","poi",0,0,31839.5826933486,22568.775559211706,-1.1935538536405943
"osm_node_13092310486_0_0","osm:node/13092310486","poi",0,0,30101.938871885388,21694.51513870411,-1.0789138969670375
"osm_node_13094547081_0_0","osm:node/13094547081","poi",0,0,-11770.643249889466,-1251.0637494578575,-0.10967012581986069
"osm_node_13097649341_0_0","osm:node/13097649341","poi",0,0,2450.518447465674,24824.80315345373,-0.48877592140570414
"osm_node_13174943522_0_0","osm:node/13174943522","poi",0,0,12437.08436533386,34402.433980730624,-1.0507195667287306
"osm_node_13183767801_0_0","osm:node/13183767801","poi",0,0,7453.106445199269,29847.497855135374,-0.7432515844840282
"osm_node_13275584956_0_0","osm:node/13275584956","poi",0,0,44218.78125359637,22269.228965047972,-1.919943486568343
"osm_node_13294037198_0_0","osm:node/13294037198","poi",0,0,15742.30840030221,19610.80521976787,-0.4960549309814155
"osm_node_13386270018_0_0","osm:node/13386270018","poi",0,0,-12639.479005504487,2170.734090390302,-0.12874172215155966
"osm_node_13386270021_0_0","osm:node/13386270021","poi",0,0,-20169.345790911502,-190.2769549136578,-0.31843058876881436
"osm_node_13386270028_0_0","osm:node/13386270028","poi",0,0,-11719.548775084333,2080.761348549889,-0.11090226525567459
"osm_node_13386270032_0_0","osm:node/13386270032","poi",0,0,-20497.264814041788,-3628.765045014653,-0.3391828831961874
"osm_node_13386270033_0_0","osm:node/13386270033","poi",0,0,-9943.021297284444,1963.0259884307734,-0.08040694268132142
"osm_node_13386270034_0_0","osm:node/13386270034","poi",0,0,-20565.428430734773,-4909.7252941118695,-0.3499648835653346
"osm_node_13386270035_0_0","osm:node/13386270035","poi",0,0,-20370.63837333918,-2455.5679811683767,-0.329525637533834
"osm_node_13386270043_0_0","osm:node/13386270043","poi",0,0,-10789.875257034957,1975.2338176710673,-0.09418705015384887
"osm_node_13386270045_0_0","osm:node/13386270045","poi",0,0,-14561.321456566367,1196.3675495845105,-0.16708052935063833
"osm_node_13386270051_0_0","osm:node/13386270051","poi",0,0,-20671.753440579552,-6160.6903173147575,-0.36427482433367686
"osm_node_13392440692_0_0","osm:node/13392440692","poi",0,0,39508.04398891663,27105.606592037424,-1.7988088251712497
"osm_node_13421748460_0_0","osm:node/13421748460","poi",0,0,47190.72042790707,36088.48288972379,-2.7660412188424743
"osm_node_13482089827_0_0","osm:node/13482089827","poi",0,0,34902.23036630085,5138.4886067682255,-0.9741917736658223
"osm_node_13482089828_0_0","osm:node/13482089828","poi",0,0,35320.63091310338,9930.116259650085,-1.0539035300382693
"osm_node_13512685490_0_0","osm:node/13512685490","poi",0,0,49275.381979871956,17930.511441806546,-2.1529702734099487
"osm_node_13512705802_0_0","osm:node/13512705802","poi",0,0,45757.40770048034,21579.209643345348,-2.004533429457922
"osm_node_13514626743_0_0","osm:node/13514626743","poi",0,0,-5539.864701085742,1450.9151736113774,-0.02567449432984148
"osm_node_13521882844_0_0","osm:node/13521882844","poi",0,0,-19310.20458639846,-4094.230218226837,-0.30502118194171146
"osm_node_13531575134_0_0","osm:node/13531575134","poi",0,0,-15942.263954736058,-5890.594985686319,-0.22618212037315288
"osm_node_13605016049_0_0","osm:node/13605016049","poi",0,0,-31709.61944873089,4140.986718174614,-0.8004687185195536
"osm_node_13613519775_0_0","osm:node/13613519775","poi",0,0,13913.083301657605,25662.34237939093,-0.6687996697422705
"osm_node_13613519778_0_0","osm:node/13613519778","poi",0,0,13675.176322368401,25654.57036813209,-0.6633491537172631
"osm_node_13722861426_0_0","osm:node/13722861426","poi",0,0,-17367.777690769868,16581.12833492322,-0.4520500193777366
"osm_node_13779460040_0_0","osm:node/13779460040","poi",0,0,-31643.732327272606,18990.32444862168,-1.0670062937464309
"osm_node_13834887834_0_0","osm:node/13834887834","poi",0,0,-37446.986389998485,7370.3083906283155,-1.1402233854838073
"osm_node_13917212701_0_0","osm:node/13917212701","poi",0,0,16644.770113561048,34805.62879036621,-1.168414406944862
"osm_node_13934897201_0_0","osm:node/13934897201","poi",0,0,3384.215510025546,11633.045368839315,-0.11526308093365856
"osm_node_13960182801_0_0","osm:node/13960182801","poi",0,0,-37361.28889229602,28825.521950824317,-1.7452106029821834
"osm_node_14041666711_0_0","osm:node/14041666711","poi",0,0,52376.1110403079,5540.650373411982,-2.1712460564511815
"osm_node_14053973981_0_0","osm:node/14053973981","poi",0,0,53114.393414507416,-1964.0659267705234,-2.2111200142944654
"osm_node_14056689702_0_0","osm:node/14056689702","poi",0,0,3171.4772093557094,10155.445372441909,-0.08888269551832195
"osm_node_14080120073_0_0","osm:node/14080120073","poi",0,0,49334.13404067054,21934.47209227997,-2.2828834896557737
"osm_node_14080120076_0_0","osm:node/14080120076","poi",0,0,40117.56306801647,22525.00867324356,-1.6582233964001603
"osm_node_14080120077_0_0","osm:node/14080120077","poi",0,0,41136.56955515384,22368.299786858,-1.7175032386802513
"osm_node_14080120078_0_0","osm:node/14080120078","poi",0,0,42208.358724557365,22299.353353786013,-1.7850007918866595
"osm_node_14080120079_0_0","osm:node/14080120079","poi",0,0,39804.25710694584,24443.68611178217,-1.709411601993338
"osm_node_14118864901_0_0","osm:node/14118864901","poi",0,0,36468.49858971695,-9453.184616314373,-1.1111394463412694
